instance_date,area_name_en,project_en,property_type_en,rooms_en,reg_type_en,procedure_area,actual_worth,transaction_number
2026-01-02,DUBAI CREEK HARBOUR,Altan,Apartment,3 B/R,Off-Plan,171.65,4329888,102-100-2026
2026-01-29,DUBAI CREEK HARBOUR,Creek Bay,Apartment,1 B/R,Off-Plan,100.92,2443888,102-10032-2026
2026-01-29,EMAAR SOUTH,Greenway 2,Villa,3 B/R,Off-Plan,172.51,3031888,102-10070-2026
2026-01-29,DUBAI CREEK HARBOUR,Address Residences l Dubai Creek Harbour,Apartment,3 B/R,Off-Plan,177.55,6008888,102-10332-2026
2026-01-29,DUBAI CREEK HARBOUR,Silva,Apartment,3 B/R,Off-Plan,302.25,6312888,102-10368-2026
2026-01-29,DUBAI CREEK HARBOUR,Lyvia by Palace,Apartment,1 B/R,Off-Plan,70.68,1989888,102-10378-2026
2026-01-29,DUBAI CREEK HARBOUR,Lyvia by Palace,Apartment,1 B/R,Off-Plan,71.97,2017888,102-10394-2026
2026-01-29,DUBAI CREEK HARBOUR,Montiva,Apartment,2 B/R,Off-Plan,106.2,3016888,102-10432-2026
2026-01-29,DUBAI CREEK HARBOUR,Silva,Apartment,2 B/R,Off-Plan,133.78,3075888,102-10435-2026
2026-01-29,DUBAI CREEK HARBOUR,Creek Bay,Apartment,1 B/R,Off-Plan,68.45,1829888,102-10452-2026
2026-01-29,DUBAI CREEK HARBOUR,Silva,Apartment,3 B/R,Off-Plan,302.25,6312888,102-10482-2026
2026-01-29,DUBAI CREEK HARBOUR,Lyvia by Palace,Apartment,2 B/R,Off-Plan,115.33,3023888,102-10492-2026
2026-01-29,DUBAI CREEK HARBOUR,Creek Haven,Apartment,1 B/R,Off-Plan,81.4,1912850,102-10526-2026
2026-01-30,DUBAI CREEK HARBOUR,Creek Bay,Apartment,2 B/R,Off-Plan,134.76,3346888,102-10697-2026
2026-01-30,DUBAI CREEK HARBOUR,Silva,Apartment,2 B/R,Off-Plan,133.78,3081888,102-10698-2026
2026-01-30,DUBAI CREEK HARBOUR,Altan,Apartment,3 B/R,Off-Plan,171.7,4251888,102-10699-2026
2026-01-30,DUBAI CREEK HARBOUR,Creek Haven,Apartment,1 B/R,Off-Plan,68.13,1886888,102-10700-2026
2026-01-30,DUBAI CREEK HARBOUR,Creek Haven,Apartment,2 B/R,Off-Plan,110.63,3327888,102-10701-2026
2026-01-30,DUBAI CREEK HARBOUR,Creek Haven,Apartment,2 B/R,Off-Plan,115.05,3661888,102-10702-2026
2026-01-06,EMAAR SOUTH,Golf Hills 2,Apartment,2 B/R,Off-Plan,92.45,1890310,102-1071-2026
2026-01-30,EMAAR SOUTH,Golf Verge,Apartment,2 B/R,Off-Plan,144.98,2681888,102-10715-2026
2026-01-06,DUBAI CREEK HARBOUR,Lyvia by Palace,Apartment,1 B/R,Off-Plan,70.22,2166888,102-1072-2026
2026-01-30,EMAAR SOUTH,Golf Hills,Apartment,2 B/R,Off-Plan,92.45,1764888,102-10726-2026
2026-01-30,EMAAR SOUTH,Golf Hills,Apartment,3 B/R,Off-Plan,161.55,3163888,102-10742-2026
2026-01-30,EMAAR SOUTH,Golf Verge,Apartment,2 B/R,Off-Plan,121.56,2562888,102-10753-2026
2026-01-30,EMAAR SOUTH,Golf Hills,Apartment,2 B/R,Off-Plan,98.55,1531888,102-10755-2026
2026-01-06,DUBAI CREEK HARBOUR,Lyvia by Palace,Apartment,2 B/R,Off-Plan,106.28,3124888,102-1078-2026
2026-01-30,DUBAI CREEK HARBOUR,Montiva,Apartment,1 B/R,Off-Plan,70.13,1936888,102-10833-2026
2026-01-06,DUBAI CREEK HARBOUR,Lyvia by Palace,Apartment,2 B/R,Off-Plan,112.06,3289888,102-1084-2026
2026-01-30,EMAAR SOUTH,Vista Ridge,Apartment,2 B/R,Off-Plan,128.47,2009888,102-10847-2026
2026-01-30,EMAAR SOUTH,Vista Ridge,Apartment,1 B/R,Off-Plan,76.71,1351888,102-10854-2026
2026-01-30,EMAAR SOUTH,Vista Ridge,Apartment,2 B/R,Off-Plan,127.41,2677888,102-10858-2026
2026-01-30,EMAAR SOUTH,Vista Ridge,Apartment,2 B/R,Off-Plan,127.71,2076888,102-10863-2026
2026-01-30,EMAAR SOUTH,Golf Verge,Apartment,2 B/R,Off-Plan,122.35,2579888,102-10867-2026
2026-01-06,DUBAI CREEK HARBOUR,Montiva,Apartment,2 B/R,Off-Plan,111.98,3025888,102-1087-2026
2026-01-06,DUBAI CREEK HARBOUR,Lyvia by Palace,Apartment,3 B/R,Off-Plan,170.5,4238888,102-1096-2026
2026-01-06,DUBAI CREEK HARBOUR,Montiva,Apartment,1 B/R,Off-Plan,84.97,2353888,102-1103-2026
2026-01-06,DUBAI CREEK HARBOUR,Lyvia by Palace,Apartment,3 B/R,Off-Plan,170.5,4269888,102-1117-2026
2026-01-06,DUBAI CREEK HARBOUR,Lyvia by Palace,Apartment,1 B/R,Off-Plan,72.95,2065888,102-1127-2026
2026-01-06,DUBAI CREEK HARBOUR,Creek Bay,Apartment,1 B/R,Off-Plan,71,2106888,102-1150-2026
2026-01-06,DUBAI CREEK HARBOUR,Lyvia by Palace,Apartment,3 B/R,Off-Plan,170.5,4190888,102-1274-2026
2026-01-06,DUBAI CREEK HARBOUR,Lyvia by Palace,Apartment,1 B/R,Off-Plan,70.22,2127888,102-1281-2026
2026-01-06,DUBAI CREEK HARBOUR,Lyvia by Palace,Apartment,2 B/R,Off-Plan,106.28,3141888,102-1285-2026
2026-01-06,DUBAI CREEK HARBOUR,Lyvia by Palace,Apartment,1 B/R,Off-Plan,72.95,2224888,102-1289-2026
2026-01-06,DUBAI CREEK HARBOUR,Lyvia by Palace,Apartment,2 B/R,Off-Plan,106.28,3101888,102-1294-2026
2026-01-06,DUBAI CREEK HARBOUR,Lyvia by Palace,Apartment,2 B/R,Off-Plan,106.28,3118888,102-1296-2026
2026-01-06,DUBAI CREEK HARBOUR,Lyvia by Palace,Apartment,2 B/R,Off-Plan,112.06,3097888,102-1300-2026
2026-01-06,DUBAI CREEK HARBOUR,Lyvia by Palace,Apartment,2 B/R,Off-Plan,106.28,3164888,102-1303-2026
2026-01-06,DUBAI CREEK HARBOUR,Lyvia by Palace,Apartment,1 B/R,Off-Plan,70.68,2043888,102-1316-2026
2026-01-06,DUBAI CREEK HARBOUR,Lyvia by Palace,Apartment,1 B/R,Off-Plan,70.68,1993888,102-1321-2026
2026-01-06,DUBAI CREEK HARBOUR,Lyvia by Palace,Apartment,1 B/R,Off-Plan,84.9,2452888,102-1352-2026
2026-01-06,DUBAI CREEK HARBOUR,Altan,Apartment,1 B/R,Off-Plan,70.37,1825630,102-1362-2026
2026-01-06,DUBAI CREEK HARBOUR,ARLO,Apartment,1 B/R,Off-Plan,65.52,1800000,102-1374-2026
2026-01-07,DUBAI CREEK HARBOUR,Lyvia by Palace,Apartment,2 B/R,Off-Plan,112.06,3253888,102-1436-2026
2026-01-07,DUBAI CREEK HARBOUR,Lyvia by Palace,Apartment,2 B/R,Off-Plan,106.28,3153888,102-1437-2026
2026-01-07,DUBAI CREEK HARBOUR,Lyvia by Palace,Apartment,1 B/R,Off-Plan,70.22,2170888,102-1438-2026
2026-01-07,EMAAR SOUTH,Fairway Villas 3,Villa,4 B/R,Off-Plan,347.34,4676500,102-1445-2026
2026-01-07,EMAAR SOUTH,Golf Hills 2,Apartment,1 B/R,Off-Plan,63.19,1389888,102-1458-2026
2026-01-07,EMAAR SOUTH,Golf Hills 2,Apartment,2 B/R,Off-Plan,121.4,1669810,102-1459-2026
2026-01-07,EMAAR SOUTH,Golf Hills,Apartment,2 B/R,Off-Plan,92.45,1925888,102-1460-2026
2026-01-07,EMAAR SOUTH,Golf Hills 2,Apartment,2 B/R,Off-Plan,92.45,1932888,102-1463-2026
2026-01-07,EMAAR SOUTH,Golf Hills,Apartment,1 B/R,Off-Plan,62.81,1072888,102-1465-2026
2026-01-07,DUBAI CREEK HARBOUR,Creek Waters 2,Apartment,2 B/R,Off-Plan,116.57,2854888,102-1477-2026
2026-01-07,DUBAI CREEK HARBOUR,Lyvia by Palace,Apartment,1 B/R,Off-Plan,72.95,2016730,102-1504-2026
2026-01-07,DUBAI CREEK HARBOUR,Silva,Apartment,2 B/R,Off-Plan,107.25,2880888,102-1517-2026
2026-01-07,DUBAI CREEK HARBOUR,Lyvia by Palace,Apartment,2 B/R,Off-Plan,106.28,3135888,102-1524-2026
2026-01-07,DUBAI CREEK HARBOUR,Lyvia by Palace,Apartment,1 B/R,Off-Plan,84.9,2471888,102-1564-2026
2026-01-07,DUBAI CREEK HARBOUR,Lyvia by Palace,Apartment,1 B/R,Off-Plan,84.9,2461888,102-1570-2026
2026-01-07,DUBAI CREEK HARBOUR,Montiva,Apartment,1 B/R,Off-Plan,84.97,2434888,102-1583-2026
2026-01-07,DUBAI CREEK HARBOUR,Lyvia by Palace,Apartment,1 B/R,Off-Plan,71.97,2190888,102-1628-2026
2026-01-07,DUBAI CREEK HARBOUR,Lyvia by Palace,Apartment,1 B/R,Off-Plan,72.95,2228888,102-1641-2026
2026-01-07,DUBAI CREEK HARBOUR,Lyvia by Palace,Apartment,1 B/R,Off-Plan,70.22,2002888,102-1649-2026
2026-01-07,DUBAI CREEK HARBOUR,Creek Waters 2,Apartment,1 B/R,Off-Plan,70.12,1848888,102-1664-2026
2026-01-02,DUBAI CREEK HARBOUR,Montiva,Apartment,3 B/R,Off-Plan,170.51,4166888,102-171-2026
2026-01-07,DUBAI CREEK HARBOUR,Lyvia by Palace,Apartment,1 B/R,Off-Plan,70.68,2150888,102-1732-2026
2026-01-02,DUBAI CREEK HARBOUR,Montiva,Apartment,1 B/R,Off-Plan,84.97,2489888,102-177-2026
2026-01-02,DUBAI CREEK HARBOUR,Silva,Apartment,1 B/R,Off-Plan,69.08,1770750,102-188-2026
2026-01-02,DUBAI CREEK HARBOUR,Silva,Apartment,1 B/R,Off-Plan,70.17,1834888,102-192-2026
2026-01-08,DUBAI CREEK HARBOUR,Lyvia by Palace,Apartment,2 B/R,Off-Plan,106.28,3164888,102-1927-2026
2026-01-08,DUBAI CREEK HARBOUR,Lyvia by Palace,Apartment,2 B/R,Off-Plan,112.06,3344888,102-1929-2026
2026-01-08,DUBAI CREEK HARBOUR,Silva,Apartment,3 B/R,Off-Plan,170.38,4156888,102-1935-2026
2026-01-08,EMAAR SOUTH,Golf Hills,Apartment,2 B/R,Off-Plan,92.02,1682888,102-1938-2026
2026-01-08,EMAAR SOUTH,Golf Hills 2,Apartment,2 B/R,Off-Plan,92.01,1532888,102-1940-2026
2026-01-08,DUBAI CREEK HARBOUR,The Cove ll,Apartment,3 B/R,Off-Plan,145.78,5150000,102-2000-2026
2026-01-08,DUBAI CREEK HARBOUR,Altus,Apartment,1 B/R,Off-Plan,31.17,809944,102-2065-2026
2026-01-08,DUBAI CREEK HARBOUR,Creek Haven,Apartment,1 B/R,Off-Plan,68.12,1945888,102-2077-2026
2026-01-08,DUBAI CREEK HARBOUR,Creek Haven,Apartment,2 B/R,Off-Plan,110.63,3346888,102-2088-2026
2026-01-02,DUBAI CREEK HARBOUR,Creek Waters,Apartment,4 B/R,Off-Plan,226.73,6231888,102-209-2026
2026-01-08,DUBAI CREEK HARBOUR,Creek Haven,Apartment,1 B/R,Off-Plan,68.12,1956888,102-2097-2026
2026-01-08,DUBAI CREEK HARBOUR,Creek Haven,Apartment,1 B/R,Off-Plan,67.86,1912888,102-2103-2026
2026-01-08,DUBAI CREEK HARBOUR,Silva,Apartment,1 B/R,Off-Plan,69.08,1810888,102-2111-2026
2026-01-08,DUBAI CREEK HARBOUR,Creek Haven,Apartment,1 B/R,Off-Plan,67.86,1919888,102-2123-2026
2026-01-08,DUBAI CREEK HARBOUR,Lyvia by Palace,Apartment,3 B/R,Off-Plan,170.5,4491888,102-2179-2026
2026-01-08,DUBAI CREEK HARBOUR,Lyvia by Palace,Apartment,1 B/R,Off-Plan,84.9,2466888,102-2184-2026
2026-01-08,EMAAR SOUTH,Golf Point,Apartment,1 B/R,Off-Plan,83.65,995000,102-2296-2026
2026-01-09,DUBAI CREEK HARBOUR,Silva,Apartment,3 B/R,Off-Plan,170.38,4112888,102-2362-2026
2026-01-09,DUBAI CREEK HARBOUR,Lyvia by Palace,Apartment,1 B/R,Off-Plan,84.9,2616888,102-2363-2026
2026-01-09,DUBAI CREEK HARBOUR,Lyvia by Palace,Apartment,1 B/R,Off-Plan,70.68,2154888,102-2364-2026
2026-01-09,DUBAI CREEK HARBOUR,Creek Bay,Apartment,2 B/R,Off-Plan,133.03,4780888,102-2365-2026
2026-01-09,DUBAI CREEK HARBOUR,Creek Bay,Apartment,1 B/R,Off-Plan,71,2098888,102-2367-2026
2026-01-09,DUBAI CREEK HARBOUR,Creek Bay,Apartment,1 B/R,Off-Plan,70.34,2030888,102-2370-2026
2026-01-09,EMAAR SOUTH,Golf Hills,Apartment,2 B/R,Off-Plan,98.87,1799888,102-2394-2026
2026-01-02,EMAAR SOUTH,Golf Hills,Apartment,1 B/R,Off-Plan,62.81,1377888,102-253-2026
2026-01-09,DUBAI CREEK HARBOUR,VALO,Apartment,3 B/R,Off-Plan,174.28,4000000,102-2805-2026
2026-01-12,DUBAI CREEK HARBOUR,Lyvia by Palace,Apartment,2 B/R,Off-Plan,106.28,3026888,102-3002-2026
2026-01-12,DUBAI CREEK HARBOUR,Lyvia by Palace,Apartment,2 B/R,Off-Plan,106.28,3089888,102-3003-2026
2026-01-12,DUBAI CREEK HARBOUR,Lyvia by Palace,Apartment,1 B/R,Off-Plan,71.97,2194888,102-3004-2026
2026-01-12,DUBAI CREEK HARBOUR,Creek Bay,Apartment,1 B/R,Off-Plan,71,2029470,102-3007-2026
2026-01-12,DUBAI CREEK HARBOUR,Creek Haven,Apartment,3 B/R,Off-Plan,172.84,4713888,102-3010-2026
2026-01-12,DUBAI CREEK HARBOUR,Creek Haven,Apartment,2 B/R,Off-Plan,110.7,3567888,102-3012-2026
2026-01-12,DUBAI CREEK HARBOUR,Creek Bay,Apartment,2 B/R,Off-Plan,133.03,4798888,102-3015-2026
2026-01-12,DUBAI CREEK HARBOUR,Creek Bay,Apartment,1 B/R,Off-Plan,70.34,2012810,102-3018-2026
2026-01-12,DUBAI CREEK HARBOUR,Creek Haven,Apartment,2 B/R,Off-Plan,115.05,3689888,102-3022-2026
2026-01-12,DUBAI CREEK HARBOUR,Creek Bay,Apartment,1 B/R,Off-Plan,70.34,2073888,102-3028-2026
2026-01-12,DUBAI CREEK HARBOUR,Creek Bay,Apartment,1 B/R,Off-Plan,70.34,2108888,102-3036-2026
2026-01-12,EMAAR SOUTH,Golf Hills 2,Apartment,1 B/R,Off-Plan,62.46,1072888,102-3037-2026
2026-01-12,EMAAR SOUTH,Golf Hills 2,Apartment,2 B/R,Off-Plan,92.02,1520888,102-3053-2026
2026-01-12,DUBAI CREEK HARBOUR,Creek Haven,Apartment,1 B/R,Off-Plan,67.86,1901888,102-3055-2026
2026-01-12,EMAAR SOUTH,Golf Hills,Apartment,2 B/R,Off-Plan,92.02,1692888,102-3058-2026
2026-01-12,DUBAI CREEK HARBOUR,Creek Bay,Apartment,3 B/R,Off-Plan,172.34,6133888,102-3060-2026
2026-01-12,EMAAR SOUTH,Golf Hills 2,Apartment,2 B/R,Off-Plan,92.02,1893888,102-3062-2026
2026-01-12,EMAAR SOUTH,Golf Hills 2,Apartment,2 B/R,Off-Plan,92.01,1523888,102-3069-2026
2026-01-12,DUBAI CREEK HARBOUR,Creek Haven,Apartment,2 B/R,Off-Plan,115.05,3696888,102-3072-2026
2026-01-12,DUBAI CREEK HARBOUR,Lyvia by Palace,Apartment,1 B/R,Off-Plan,71.97,2021888,102-3082-2026
2026-01-12,DUBAI CREEK HARBOUR,Lyvia by Palace,Apartment,3 B/R,Off-Plan,170.5,4380888,102-3088-2026
2026-01-12,DUBAI CREEK HARBOUR,Creek Bay,Apartment,1 B/R,Off-Plan,71,2114888,102-3140-2026
2026-01-12,DUBAI CREEK HARBOUR,Lyvia by Palace,Apartment,1 B/R,Off-Plan,70.22,2000888,102-3146-2026
2026-01-12,DUBAI CREEK HARBOUR,The Cove ll,Apartment,2 B/R,Off-Plan,57.8,1000000,102-3166-2026
2026-01-12,DUBAI CREEK HARBOUR,Creek Bay,Apartment,1 B/R,Off-Plan,70.69,2033888,102-3176-2026
2026-01-12,DUBAI CREEK HARBOUR,Silva,Apartment,2 B/R,Off-Plan,133.78,3093888,102-3194-2026
2026-01-12,DUBAI CREEK HARBOUR,Lyvia by Palace,Apartment,2 B/R,Off-Plan,106.28,3147888,102-3207-2026
2026-01-12,DUBAI CREEK HARBOUR,Creek Bay,Apartment,1 B/R,Off-Plan,68.45,1846888,102-3243-2026
2026-01-12,DUBAI CREEK HARBOUR,Creek Bay,Apartment,1 B/R,Off-Plan,70.34,2037888,102-3250-2026
2026-01-12,DUBAI CREEK HARBOUR,Creek Bay,Apartment,1 B/R,Off-Plan,70.34,2057888,102-3262-2026
2026-01-12,DUBAI CREEK HARBOUR,Creek Bay,Apartment,1 B/R,Off-Plan,68.45,1786430,102-3273-2026
2026-01-12,DUBAI CREEK HARBOUR,Creek Bay,Apartment,1 B/R,Off-Plan,100.92,2395010,102-3280-2026
2026-01-12,DUBAI CREEK HARBOUR,Silva,Apartment,2 B/R,Off-Plan,133.78,3139888,102-3290-2026
2026-01-12,DUBAI CREEK HARBOUR,Creek Bay,Apartment,1 B/R,Off-Plan,70.34,2077888,102-3303-2026
2026-01-12,DUBAI CREEK HARBOUR,Creek Bay,Apartment,2 B/R,Off-Plan,115.98,4329888,102-3310-2026
2026-01-12,DUBAI CREEK HARBOUR,Palace Residences Creek Blue,Apartment,1 B/R,Off-Plan,67.57,1992888,102-3318-2026
2026-01-12,DUBAI CREEK HARBOUR,Creek Bay,Apartment,3 B/R,Off-Plan,172.34,5995888,102-3335-2026
2026-01-12,DUBAI CREEK HARBOUR,Creek Bay,Apartment,2 B/R,Off-Plan,115.98,4281888,102-3337-2026
2026-01-12,DUBAI CREEK HARBOUR,Creek Bay,Apartment,1 B/R,Off-Plan,71,2062888,102-3339-2026
2026-01-12,DUBAI CREEK HARBOUR,Creek Bay,Apartment,1 B/R,Off-Plan,70.34,2089888,102-3351-2026
2026-01-12,DUBAI CREEK HARBOUR,Creek Bay,Apartment,1 B/R,Off-Plan,70.34,2034888,102-3359-2026
2026-01-12,DUBAI CREEK HARBOUR,Altus,Apartment,1 B/R,Off-Plan,69.29,1787410,102-3362-2026
2026-01-12,DUBAI CREEK HARBOUR,Altus,Apartment,1 B/R,Off-Plan,67.71,1745270,102-3363-2026
2026-01-12,DUBAI CREEK HARBOUR,Creek Bay,Apartment,1 B/R,Off-Plan,71,2090888,102-3366-2026
2026-01-12,DUBAI CREEK HARBOUR,Creek Bay,Apartment,2 B/R,Off-Plan,115.98,4313888,102-3370-2026
2026-01-13,DUBAI CREEK HARBOUR,Creek Bay,Apartment,1 B/R,Off-Plan,71,2086888,102-3438-2026
2026-01-13,DUBAI CREEK HARBOUR,Creek Bay,Apartment,3 B/R,Off-Plan,172.34,6121888,102-3439-2026
2026-01-13,DUBAI CREEK HARBOUR,Creek Haven,Apartment,1 B/R,Off-Plan,67.85,1937888,102-3440-2026
2026-01-13,DUBAI CREEK HARBOUR,Lyvia by Palace,Apartment,1 B/R,Off-Plan,71.97,2029888,102-3441-2026
2026-01-13,DUBAI CREEK HARBOUR,Creek Bay,Apartment,1 B/R,Off-Plan,71,2094888,102-3442-2026
2026-01-13,DUBAI CREEK HARBOUR,Creek Bay,Apartment,1 B/R,Off-Plan,70.34,2093888,102-3443-2026
2026-01-13,DUBAI CREEK HARBOUR,Creek Haven,Apartment,2 B/R,Off-Plan,114.99,3723888,102-3445-2026
2026-01-13,DUBAI CREEK HARBOUR,Creek Bay,Apartment,2 B/R,Off-Plan,115.98,4188410,102-3448-2026
2026-01-13,DUBAI CREEK HARBOUR,Lyvia by Palace,Apartment,1 B/R,Off-Plan,84.9,2541888,102-3451-2026
2026-01-13,DUBAI CREEK HARBOUR,Lyvia by Palace,Apartment,2 B/R,Off-Plan,106.28,3032888,102-3460-2026
2026-01-13,DUBAI CREEK HARBOUR,Lyvia by Palace,Apartment,2 B/R,Off-Plan,106.28,3009888,102-3470-2026
2026-01-13,DUBAI CREEK HARBOUR,Lyvia by Palace,Apartment,1 B/R,Off-Plan,70.22,2006888,102-3474-2026
2026-01-13,DUBAI CREEK HARBOUR,Creek Bay,Apartment,1 B/R,Off-Plan,70.34,2112888,102-3497-2026
2026-01-13,DUBAI CREEK HARBOUR,Creek Bay,Apartment,2 B/R,Off-Plan,115.98,4369888,102-3559-2026
2026-01-13,DUBAI CREEK HARBOUR,Creek Bay,Apartment,3 B/R,Off-Plan,172.34,6110888,102-3566-2026
2026-01-13,DUBAI CREEK HARBOUR,Creek Bay,Apartment,1 B/R,Off-Plan,71,2122888,102-3570-2026
2026-01-13,DUBAI CREEK HARBOUR,Creek Bay,Apartment,2 B/R,Off-Plan,134.76,3302888,102-3580-2026
2026-01-13,DUBAI CREEK HARBOUR,Creek Bay,Apartment,2 B/R,Off-Plan,134.56,3378888,102-3612-2026
2026-01-13,DUBAI CREEK HARBOUR,Creek Bay,Apartment,2 B/R,Off-Plan,115.98,4249888,102-3639-2026
2026-01-13,DUBAI CREEK HARBOUR,Lyvia by Palace,Apartment,3 B/R,Off-Plan,170.5,4522888,102-3649-2026
2026-01-13,DUBAI CREEK HARBOUR,Lyvia by Palace,Apartment,2 B/R,Off-Plan,106.28,3015888,102-3654-2026
2026-01-13,DUBAI CREEK HARBOUR,Creek Bay,Apartment,1 B/R,Off-Plan,70.34,2104888,102-3655-2026
2026-01-13,DUBAI CREEK HARBOUR,Lyvia by Palace,Apartment,3 B/R,Off-Plan,300.95,6766888,102-3667-2026
2026-01-13,DUBAI CREEK HARBOUR,Creek Bay,Apartment,1 B/R,Off-Plan,71,2102888,102-3670-2026
2026-01-13,DUBAI CREEK HARBOUR,Lyvia by Palace,Apartment,1 B/R,Off-Plan,72.95,2061888,102-3681-2026
2026-01-13,DUBAI CREEK HARBOUR,Silva,Apartment,2 B/R,Off-Plan,133.78,3087888,102-3696-2026
2026-01-13,DUBAI CREEK HARBOUR,Creek Bay,Apartment,1 B/R,Off-Plan,70.34,2008890,102-3706-2026
2026-01-13,DUBAI CREEK HARBOUR,Creek Bay,Apartment,2 B/R,Off-Plan,115.98,4321888,102-3710-2026
2026-01-13,DUBAI CREEK HARBOUR,Creek Bay,Apartment,3 B/R,Off-Plan,172.34,5898510,102-3714-2026
2026-01-13,DUBAI CREEK HARBOUR,Lyvia by Palace,Apartment,2 B/R,Off-Plan,106.28,3043888,102-3717-2026
2026-01-13,DUBAI CREEK HARBOUR,Creek Bay,Apartment,1 B/R,Off-Plan,71,2126888,102-3721-2026
2026-01-13,DUBAI CREEK HARBOUR,Creek Haven,Apartment,2 B/R,Off-Plan,111.1,3375888,102-3727-2026
2026-01-13,DUBAI CREEK HARBOUR,Creek Bay,Apartment,2 B/R,Off-Plan,133.03,4667630,102-3730-2026
2026-01-13,DUBAI CREEK HARBOUR,Creek Haven,Apartment,2 B/R,Off-Plan,110.63,3308888,102-3734-2026
2026-01-13,DUBAI CREEK HARBOUR,Creek Haven,Apartment,2 B/R,Off-Plan,114.99,3581652,102-3745-2026
2026-01-13,DUBAI CREEK HARBOUR,Creek Haven,Apartment,1 B/R,Off-Plan,68.13,1890888,102-3758-2026
2026-01-13,DUBAI CREEK HARBOUR,Creek Bay,Apartment,2 B/R,Off-Plan,133.03,4843888,102-3761-2026
2026-01-13,DUBAI CREEK HARBOUR,Creek Bay,Apartment,1 B/R,Off-Plan,71,2130888,102-3768-2026
2026-01-13,DUBAI CREEK HARBOUR,Creek Haven,Apartment,1 B/R,Off-Plan,67.85,1952888,102-3773-2026
2026-01-13,DUBAI CREEK HARBOUR,Creek Bay,Apartment,2 B/R,Off-Plan,134.76,3358888,102-3783-2026
2026-01-13,DUBAI CREEK HARBOUR,Lyvia by Palace,Apartment,2 B/R,Off-Plan,106.28,3020888,102-3786-2026
2026-01-13,DUBAI CREEK HARBOUR,Creek Bay,Apartment,2 B/R,Off-Plan,133.03,4744888,102-3841-2026
2026-01-13,DUBAI CREEK HARBOUR,Creek Haven,Apartment,1 B/R,Off-Plan,68.69,1977888,102-3844-2026
2026-01-13,DUBAI CREEK HARBOUR,Creek Bay,Apartment,2 B/R,Off-Plan,133.03,4807888,102-3847-2026
2026-01-14,DUBAI CREEK HARBOUR,Lyvia by Palace,Apartment,1 B/R,Off-Plan,84.9,2531888,102-3947-2026
2026-01-14,DUBAI CREEK HARBOUR,Lyvia by Palace,Apartment,2 B/R,Off-Plan,106.28,2997888,102-3948-2026
2026-01-14,DUBAI CREEK HARBOUR,Creek Haven,Apartment,1 B/R,Off-Plan,68.13,1927888,102-3949-2026
2026-01-14,DUBAI CREEK HARBOUR,Creek Bay,Apartment,1 B/R,Off-Plan,70.34,2045888,102-3950-2026
2026-01-14,DUBAI CREEK HARBOUR,Creek Haven,Apartment,1 B/R,Off-Plan,67.85,1941888,102-3951-2026
2026-01-14,DUBAI CREEK HARBOUR,Creek Haven,Apartment,1 B/R,Off-Plan,68.12,1960888,102-3953-2026
2026-01-14,DUBAI CREEK HARBOUR,Creek Bay,Apartment,2 B/R,Off-Plan,134.56,3384888,102-3956-2026
2026-01-14,DUBAI CREEK HARBOUR,Creek Bay,Apartment,1 B/R,Off-Plan,68.45,1850888,102-3962-2026
2026-01-14,DUBAI CREEK HARBOUR,Creek Haven,Apartment,1 B/R,Off-Plan,67.86,1923888,102-3968-2026
2026-01-14,DUBAI CREEK HARBOUR,Creek Bay,Apartment,1 B/R,Off-Plan,101.08,2452888,102-3970-2026
2026-01-14,DUBAI CREEK HARBOUR,Lyvia by Palace,Apartment,2 B/R,Off-Plan,106.28,3049888,102-3972-2026
2026-01-14,DUBAI CREEK HARBOUR,Lyvia by Palace,Apartment,2 B/R,Off-Plan,106.28,3176888,102-3976-2026
2026-01-14,DUBAI CREEK HARBOUR,Creek Haven,Apartment,1 B/R,Off-Plan,68.12,1949888,102-3981-2026
2026-01-14,DUBAI CREEK HARBOUR,Creek Bay,Apartment,1 B/R,Off-Plan,71,2058888,102-3987-2026
2026-01-14,DUBAI CREEK HARBOUR,Creek Haven,Apartment,2 B/R,Off-Plan,110.64,3613888,102-3989-2026
2026-01-14,DUBAI CREEK HARBOUR,Creek Bay,Apartment,1 B/R,Off-Plan,68.45,1850888,102-3992-2026
2026-01-14,DUBAI CREEK HARBOUR,Lyvia by Palace,Apartment,2 B/R,Off-Plan,106.28,3084888,102-3997-2026
2026-01-14,DUBAI CREEK HARBOUR,Lyvia by Palace,Apartment,2 B/R,Off-Plan,115.33,3104888,102-4002-2026
2026-01-14,DUBAI CREEK HARBOUR,Creek Bay,Apartment,1 B/R,Off-Plan,68.45,1853888,102-4004-2026
2026-01-14,EMAAR SOUTH,Golf Hills,Apartment,2 B/R,Off-Plan,98.87,1737888,102-4009-2026
2026-01-14,DUBAI CREEK HARBOUR,Creek Haven,Apartment,1 B/R,Off-Plan,67.85,1944888,102-4011-2026
2026-01-14,DUBAI CREEK HARBOUR,Creek Bay,Apartment,2 B/R,Off-Plan,115.98,4345888,102-4012-2026
2026-01-14,EMAAR SOUTH,Golf Hills,Apartment,1 B/R,Off-Plan,62.81,1061230,102-4013-2026
2026-01-14,DUBAI CREEK HARBOUR,Creek Bay,Apartment,2 B/R,Off-Plan,133.03,4825888,102-4018-2026
2026-01-14,EMAAR SOUTH,Golf Hills 2,Apartment,2 B/R,Off-Plan,92.02,1517888,102-4020-2026
2026-01-14,DUBAI CREEK HARBOUR,Creek Bay,Apartment,1 B/R,Off-Plan,70.34,2041888,102-4024-2026
2026-01-14,DUBAI CREEK HARBOUR,Creek Bay,Apartment,3 B/R,Off-Plan,172.34,6052888,102-4026-2026
2026-01-14,DUBAI CREEK HARBOUR,Creek Bay,Apartment,1 B/R,Off-Plan,70.34,2081888,102-4045-2026
2026-01-14,DUBAI CREEK HARBOUR,Creek Bay,Apartment,1 B/R,Off-Plan,68.45,1857888,102-4062-2026
2026-01-14,DUBAI CREEK HARBOUR,Creek Bay,Apartment,1 B/R,Off-Plan,68.45,1853888,102-4068-2026
2026-01-14,DUBAI CREEK HARBOUR,Creek Haven,Apartment,1 B/R,Off-Plan,67.86,1882888,102-4070-2026
2026-01-14,DUBAI CREEK HARBOUR,Creek Haven,Apartment,1 B/R,Off-Plan,68.13,1931888,102-4074-2026
2026-01-14,DUBAI CREEK HARBOUR,Creek Bay,Apartment,1 B/R,Off-Plan,70.33,2025888,102-4078-2026
2026-01-14,DUBAI CREEK HARBOUR,Silva,Apartment,3 B/R,Off-Plan,170.38,3994888,102-4082-2026
2026-01-14,DUBAI CREEK HARBOUR,Creek Bay,Apartment,1 B/R,Off-Plan,68.45,1864888,102-4086-2026
2026-01-14,DUBAI CREEK HARBOUR,Creek Bay,Apartment,1 B/R,Off-Plan,68.45,1857888,102-4088-2026
2026-01-14,DUBAI CREEK HARBOUR,Creek Bay,Apartment,2 B/R,Off-Plan,133.03,4691888,102-4093-2026
2026-01-14,DUBAI CREEK HARBOUR,Creek Haven,Apartment,1 B/R,Off-Plan,68.13,1920888,102-4094-2026
2026-01-14,DUBAI CREEK HARBOUR,Montiva,Apartment,1 B/R,Off-Plan,84.97,2344888,102-4112-2026
2026-01-14,DUBAI CREEK HARBOUR,Creek Bay,Apartment,1 B/R,Off-Plan,68.45,1811888,102-4115-2026
2026-01-14,DUBAI CREEK HARBOUR,Montiva,Apartment,2 B/R,Off-Plan,106.2,2977888,102-4119-2026
2026-01-14,DUBAI CREEK HARBOUR,Creek Bay,Apartment,3 B/R,Off-Plan,172.34,5943252,102-4133-2026
2026-01-14,DUBAI CREEK HARBOUR,Creek Bay,Apartment,1 B/R,Off-Plan,68.45,1843888,102-4139-2026
2026-01-14,DUBAI CREEK HARBOUR,Lyvia by Palace,Apartment,2 B/R,Off-Plan,106.28,2980888,102-4143-2026
2026-01-14,DUBAI CREEK HARBOUR,Lyvia by Palace,Apartment,1 B/R,Off-Plan,84.9,2433888,102-4144-2026
2026-01-14,DUBAI CREEK HARBOUR,Creek Haven,Apartment,1 B/R,Off-Plan,68.69,1962888,102-4150-2026
2026-01-14,DUBAI CREEK HARBOUR,Lyvia by Palace,Apartment,1 B/R,Off-Plan,72.95,2136888,102-4165-2026
2026-01-14,DUBAI CREEK HARBOUR,Creek Bay,Apartment,2 B/R,Off-Plan,133.03,4606870,102-4177-2026
2026-01-14,DUBAI CREEK HARBOUR,Creek Bay,Apartment,2 B/R,Off-Plan,115.98,4353888,102-4180-2026
2026-01-14,DUBAI CREEK HARBOUR,Creek Bay,Apartment,2 B/R,Off-Plan,134.76,3289888,102-4182-2026
2026-01-14,DUBAI CREEK HARBOUR,Lyvia by Palace,Apartment,2 B/R,Off-Plan,115.33,3012888,102-4189-2026
2026-01-14,DUBAI CREEK HARBOUR,Creek Haven,Apartment,2 B/R,Off-Plan,110.59,3334830,102-4192-2026
2026-01-14,DUBAI CREEK HARBOUR,Creek Bay,Apartment,1 B/R,Off-Plan,71,2134888,102-4196-2026
2026-01-14,DUBAI CREEK HARBOUR,Creek Bay,Apartment,3 B/R,Off-Plan,172.34,6098888,102-4198-2026
2026-01-14,DUBAI CREEK HARBOUR,Creek Haven,Apartment,1 B/R,Off-Plan,67.85,1952888,102-4200-2026
2026-01-14,DUBAI CREEK HARBOUR,Lyvia by Palace,Apartment,2 B/R,Off-Plan,106.28,2963888,102-4203-2026
2026-01-14,DUBAI CREEK HARBOUR,Creek Haven,Apartment,1 B/R,Off-Plan,67.85,1941888,102-4204-2026
2026-01-14,DUBAI CREEK HARBOUR,Creek Haven,Apartment,1 B/R,Off-Plan,67.85,1945888,102-4207-2026
2026-01-14,DUBAI CREEK HARBOUR,Creek Bay,Apartment,1 B/R,Off-Plan,68.3,1873888,102-4212-2026
2026-01-14,DUBAI CREEK HARBOUR,Lyvia by Palace,Apartment,2 B/R,Off-Plan,106.28,2969888,102-4215-2026
2026-01-14,DUBAI CREEK HARBOUR,Creek Bay,Apartment,2 B/R,Off-Plan,115.98,4208888,102-4216-2026
2026-01-14,DUBAI CREEK HARBOUR,Creek Bay,Apartment,2 B/R,Off-Plan,133.03,4771888,102-4218-2026
2026-01-14,DUBAI CREEK HARBOUR,Creek Haven,Apartment,2 B/R,Off-Plan,110.59,3328950,102-4219-2026
2026-01-14,DUBAI CREEK HARBOUR,Silva,Apartment,3 B/R,Off-Plan,170.38,4068888,102-4222-2026
2026-01-14,DUBAI CREEK HARBOUR,Creek Haven,Apartment,1 B/R,Off-Plan,67.86,1897888,102-4232-2026
2026-01-14,DUBAI CREEK HARBOUR,Creek Haven,Apartment,2 B/R,Off-Plan,111.1,3406888,102-4239-2026
2026-01-14,DUBAI CREEK HARBOUR,Silva,Apartment,3 B/R,Off-Plan,170.38,3949888,102-4240-2026
2026-01-14,DUBAI CREEK HARBOUR,Lyvia by Palace,Apartment,2 B/R,Off-Plan,106.28,3193888,102-4242-2026
2026-01-14,DUBAI CREEK HARBOUR,Creek Bay,Apartment,3 B/R,Off-Plan,172.34,5961888,102-4244-2026
2026-01-14,DUBAI CREEK HARBOUR,Silva,Apartment,3 B/R,Off-Plan,170.38,4053888,102-4247-2026
2026-01-14,DUBAI CREEK HARBOUR,Lyvia by Palace,Apartment,1 B/R,Off-Plan,72.95,2049888,102-4248-2026
2026-01-14,DUBAI CREEK HARBOUR,Silva,Apartment,2 B/R,Off-Plan,130.34,3102888,102-4249-2026
2026-01-14,DUBAI CREEK HARBOUR,Creek Haven,Apartment,1 B/R,Off-Plan,67.86,1888350,102-4255-2026
2026-01-14,DUBAI CREEK HARBOUR,Silva,Apartment,3 B/R,Off-Plan,170.38,4001888,102-4259-2026
2026-01-14,DUBAI CREEK HARBOUR,Creek Haven,Apartment,1 B/R,Off-Plan,67.86,1926888,102-4260-2026
2026-01-14,DUBAI CREEK HARBOUR,Montiva,Apartment,1 B/R,Off-Plan,73.02,1931161,102-4264-2026
2026-01-14,DUBAI CREEK HARBOUR,Creek Haven,Apartment,2 B/R,Off-Plan,110.64,3606888,102-4265-2026
2026-01-14,DUBAI CREEK HARBOUR,Lyvia by Palace,Apartment,2 B/R,Off-Plan,106.28,2974888,102-4268-2026
2026-01-14,DUBAI CREEK HARBOUR,Creek Haven,Apartment,1 B/R,Off-Plan,67.86,1915888,102-4270-2026
2026-01-14,DUBAI CREEK HARBOUR,Creek Haven,Apartment,2 B/R,Off-Plan,110.7,3580888,102-4271-2026
2026-01-14,DUBAI CREEK HARBOUR,Creek Haven,Apartment,1 B/R,Off-Plan,67.85,1909910,102-4273-2026
2026-01-14,DUBAI CREEK HARBOUR,Creek Haven,Apartment,1 B/R,Off-Plan,68.7,1914888,102-4275-2026
2026-01-14,DUBAI CREEK HARBOUR,Creek Haven,Apartment,2 B/R,Off-Plan,115.15,2766430,102-4277-2026
2026-01-14,DUBAI CREEK HARBOUR,Creek Haven,Apartment,2 B/R,Off-Plan,110.7,3561888,102-4281-2026
2026-01-14,DUBAI CREEK HARBOUR,Creek Haven,Apartment,1 B/R,Off-Plan,68.13,1938888,102-4295-2026
2026-01-14,DUBAI CREEK HARBOUR,Creek Haven,Apartment,1 B/R,Off-Plan,68.69,1973888,102-4301-2026
2026-01-14,DUBAI CREEK HARBOUR,Creek Haven,Apartment,2 B/R,Off-Plan,110.63,3340888,102-4312-2026
2026-01-14,DUBAI CREEK HARBOUR,Lyvia by Palace,Apartment,1 B/R,Off-Plan,70.68,1926311,102-4314-2026
2026-01-14,DUBAI CREEK HARBOUR,Creek Haven,Apartment,2 B/R,Off-Plan,111.14,3350888,102-4319-2026
2026-01-14,DUBAI CREEK HARBOUR,The Cove ll,Apartment,2 B/R,Off-Plan,128.74,3300000,102-4322-2026
2026-01-14,DUBAI CREEK HARBOUR,Lyvia by Palace,Apartment,1 B/R,Off-Plan,70.68,2142888,102-4324-2026
2026-01-14,DUBAI CREEK HARBOUR,Creek Haven,Apartment,1 B/R,Off-Plan,68.13,1908888,102-4331-2026
2026-01-14,DUBAI CREEK HARBOUR,Creek Haven,Apartment,2 B/R,Off-Plan,114.99,3737888,102-4343-2026
2026-01-14,DUBAI CREEK HARBOUR,Lyvia by Palace,Apartment,1 B/R,Off-Plan,72.95,2012810,102-4352-2026
2026-01-14,DUBAI CREEK HARBOUR,Montiva,Apartment,1 B/R,Off-Plan,70.13,1943888,102-4363-2026
2026-01-15,DUBAI CREEK HARBOUR,Creek Bay,Apartment,1 B/R,Off-Plan,71,2082888,102-4491-2026
2026-01-15,DUBAI CREEK HARBOUR,Creek Haven,Apartment,2 B/R,Off-Plan,111.14,3126888,102-4493-2026
2026-01-15,DUBAI CREEK HARBOUR,Lyvia by Palace,Apartment,1 B/R,Off-Plan,84.9,2457888,102-4494-2026
2026-01-15,DUBAI CREEK HARBOUR,Creek Haven,Apartment,1 B/R,Off-Plan,68.7,1951888,102-4495-2026
2026-01-15,DUBAI CREEK HARBOUR,Creek Haven,Apartment,1 B/R,Off-Plan,68.69,1970888,102-4497-2026
2026-01-15,DUBAI CREEK HARBOUR,Lyvia by Palace,Apartment,1 B/R,Off-Plan,71.97,2025888,102-4499-2026
2026-01-15,DUBAI CREEK HARBOUR,Creek Haven,Apartment,2 B/R,Off-Plan,110.58,2698888,102-4501-2026
2026-01-15,DUBAI CREEK HARBOUR,Lyvia by Palace,Apartment,1 B/R,Off-Plan,84.9,2447888,102-4502-2026
2026-01-15,DUBAI CREEK HARBOUR,Creek Haven,Apartment,2 B/R,Off-Plan,110.7,3251888,102-4507-2026
2026-01-15,DUBAI CREEK HARBOUR,Silva,Apartment,2 B/R,Off-Plan,130.34,3136888,102-4509-2026
2026-01-15,DUBAI CREEK HARBOUR,Lyvia by Palace,Apartment,1 B/R,Off-Plan,70.68,2012888,102-4511-2026
2026-01-15,DUBAI CREEK HARBOUR,Creek Haven,Apartment,2 B/R,Off-Plan,110.7,3554888,102-4516-2026
2026-01-15,DUBAI CREEK HARBOUR,Lyvia by Palace,Apartment,1 B/R,Off-Plan,70.22,2103888,102-4525-2026
2026-01-15,DUBAI CREEK HARBOUR,Creek Haven,Apartment,2 B/R,Off-Plan,110.7,3023888,102-4527-2026
2026-01-15,DUBAI CREEK HARBOUR,Creek Bay,Apartment,1 B/R,Off-Plan,70.34,2101888,102-4530-2026
2026-01-15,DUBAI CREEK HARBOUR,Creek Haven,Apartment,1 B/R,Off-Plan,67.86,1923888,102-4533-2026
2026-01-15,EMAAR SOUTH,Greenway 2,Villa,3 B/R,Off-Plan,172.48,2956888,102-4539-2026
2026-01-15,DUBAI CREEK HARBOUR,Creek Haven,Apartment,1 B/R,Off-Plan,67.86,1930888,102-4541-2026
2026-01-15,DUBAI CREEK HARBOUR,Creek Haven,Apartment,2 B/R,Off-Plan,115.05,3675888,102-4557-2026
2026-01-15,DUBAI CREEK HARBOUR,Creek Bay,Apartment,1 B/R,Off-Plan,68.3,1836410,102-4569-2026
2026-01-15,EMAAR SOUTH,Golf Hills,Apartment,2 B/R,Off-Plan,92.03,1635888,102-4578-2026
2026-01-15,DUBAI CREEK HARBOUR,Creek Haven,Apartment,2 B/R,Off-Plan,110.64,3619888,102-4582-2026
2026-01-15,EMAAR SOUTH,Golf Hills,Apartment,2 B/R,Off-Plan,92.03,1518888,102-4587-2026
2026-01-15,DUBAI CREEK HARBOUR,Creek Haven,Apartment,1 B/R,Off-Plan,68.12,1967888,102-4593-2026
2026-01-15,EMAAR SOUTH,Golf Hills 2,Apartment,2 B/R,Off-Plan,92.32,1899888,102-4603-2026
2026-01-15,DUBAI CREEK HARBOUR,Altan,Apartment,1 B/R,Off-Plan,70.37,1820888,102-4619-2026
2026-01-15,DUBAI CREEK HARBOUR,Lyvia by Palace,Apartment,1 B/R,Off-Plan,70.22,2010888,102-4628-2026
2026-01-15,DUBAI CREEK HARBOUR,Montiva,Apartment,2 B/R,Off-Plan,115,2822290,102-4634-2026
2026-01-15,DUBAI CREEK HARBOUR,Montiva,Apartment,1 B/R,Off-Plan,84.97,2376888,102-4640-2026
2026-01-15,DUBAI CREEK HARBOUR,Creek Haven,Apartment,1 B/R,Off-Plan,67.86,1882888,102-4644-2026
2026-01-15,DUBAI CREEK HARBOUR,Creek Haven,Apartment,2 B/R,Off-Plan,110.64,3599888,102-4652-2026
2026-01-15,DUBAI CREEK HARBOUR,Creek Bay,Apartment,3 B/R,Off-Plan,172.34,6201888,102-4662-2026
2026-01-15,DUBAI CREEK HARBOUR,Creek Haven,Apartment,1 B/R,Off-Plan,68.7,1925888,102-4667-2026
2026-01-15,DUBAI CREEK HARBOUR,Creek Bay,Apartment,1 B/R,Off-Plan,70.34,2065888,102-4672-2026
2026-01-15,DUBAI CREEK HARBOUR,Lyvia by Palace,Apartment,2 B/R,Off-Plan,106.28,3055888,102-4679-2026
2026-01-15,DUBAI CREEK HARBOUR,Creek Haven,Apartment,1 B/R,Off-Plan,67.86,1859930,102-4710-2026
2026-01-15,DUBAI CREEK HARBOUR,Creek Haven,Apartment,1 B/R,Off-Plan,67.86,1871888,102-4723-2026
2026-01-15,DUBAI CREEK HARBOUR,Creek Haven,Apartment,1 B/R,Off-Plan,68.13,1897888,102-4743-2026
2026-01-15,DUBAI CREEK HARBOUR,Creek Haven,Apartment,1 B/R,Off-Plan,68.12,1953888,102-4772-2026
2026-01-15,DUBAI CREEK HARBOUR,Creek Haven,Apartment,2 B/R,Off-Plan,111.1,3387888,102-4780-2026
2026-01-15,DUBAI CREEK HARBOUR,Creek Haven,Apartment,1 B/R,Off-Plan,67.86,1890888,102-4787-2026
2026-01-15,DUBAI CREEK HARBOUR,Creek Haven,Apartment,1 B/R,Off-Plan,68.12,1964888,102-4793-2026
2026-01-15,DUBAI CREEK HARBOUR,Lyvia by Palace,Apartment,2 B/R,Off-Plan,106.28,2986888,102-4803-2026
2026-01-15,DUBAI CREEK HARBOUR,Silva,Apartment,2 B/R,Off-Plan,130.34,3238888,102-4808-2026
2026-01-15,DUBAI CREEK HARBOUR,Creek Bay,Apartment,2 B/R,Off-Plan,134.76,3352888,102-4824-2026
2026-01-15,DUBAI CREEK HARBOUR,Montiva,Apartment,1 B/R,Off-Plan,70.13,1928888,102-4833-2026
2026-01-15,DUBAI CREEK HARBOUR,Creek Haven,Apartment,1 B/R,Off-Plan,67.86,1912888,102-4840-2026
2026-01-15,DUBAI CREEK HARBOUR,Creek Haven,Apartment,1 B/R,Off-Plan,68.13,1875888,102-4887-2026
2026-01-15,DUBAI CREEK HARBOUR,Creek Haven,Apartment,2 B/R,Off-Plan,110.59,3371888,102-4890-2026
2026-01-15,DUBAI CREEK HARBOUR,Lyvia by Palace,Apartment,2 B/R,Off-Plan,115.33,3000888,102-4892-2026
2026-01-15,DUBAI CREEK HARBOUR,Lyvia by Palace,Apartment,2 B/R,Off-Plan,106.28,2957888,102-4897-2026
2026-01-16,DUBAI CREEK HARBOUR,Creek Waters,Apartment,1 B/R,Off-Plan,71.25,1739000,102-5123-2026
2026-01-16,DUBAI CREEK HARBOUR,Creek Bay,Apartment,1 B/R,Off-Plan,68.3,1796052,102-5132-2026
2026-01-16,DUBAI CREEK HARBOUR,Creek Bay,Apartment,1 B/R,Off-Plan,70.34,2013972,102-5139-2026
2026-01-16,DUBAI CREEK HARBOUR,Lyvia by Palace,Apartment,2 B/R,Off-Plan,106.28,2992888,102-5151-2026
2026-01-16,DUBAI CREEK HARBOUR,Creek Haven,Apartment,1 B/R,Off-Plan,67.85,1956888,102-5160-2026
2026-01-16,DUBAI CREEK HARBOUR,Lyvia by Palace,Apartment,3 B/R,Off-Plan,170.5,4459888,102-5180-2026
2026-01-16,DUBAI CREEK HARBOUR,Lyvia by Palace,Apartment,3 B/R,Off-Plan,170.5,4388888,102-5199-2026
2026-01-16,DUBAI CREEK HARBOUR,Creek Bay,Apartment,3 B/R,Off-Plan,172.34,6029888,102-5209-2026
2026-01-16,DUBAI CREEK HARBOUR,Creek Bay,Apartment,2 B/R,Off-Plan,134.76,3327888,102-5224-2026
2026-01-16,DUBAI CREEK HARBOUR,Lyvia by Palace,Apartment,1 B/R,Off-Plan,70.22,2107888,102-5228-2026
2026-01-16,DUBAI CREEK HARBOUR,Silva,Apartment,3 B/R,Off-Plan,170.38,4127888,102-5343-2026
2026-01-16,DUBAI CREEK HARBOUR,Creek Bay,Apartment,1 B/R,Off-Plan,68.45,1800150,102-5350-2026
2026-01-16,DUBAI CREEK HARBOUR,Lyvia by Palace,Apartment,1 B/R,Off-Plan,91.44,2151888,102-5366-2026
2026-01-16,DUBAI CREEK HARBOUR,Creek Bay,Apartment,2 B/R,Off-Plan,133.03,4571590,102-5394-2026
2026-01-16,DUBAI CREEK HARBOUR,Creek Bay,Apartment,3 B/R,Off-Plan,172.34,5949888,102-5418-2026
2026-01-16,DUBAI CREEK HARBOUR,Creek Bay,Apartment,3 B/R,Off-Plan,172.34,5984888,102-5431-2026
2026-01-16,DUBAI CREEK HARBOUR,Creek Bay,Apartment,1 B/R,Off-Plan,68.45,1832888,102-5438-2026
2026-01-16,DUBAI CREEK HARBOUR,Creek Bay,Apartment,1 B/R,Off-Plan,68.45,1818888,102-5446-2026
2026-01-16,DUBAI CREEK HARBOUR,Creek Bay,Apartment,1 B/R,Off-Plan,68.45,1825888,102-5456-2026
2026-01-16,DUBAI CREEK HARBOUR,Lyvia by Palace,Apartment,2 B/R,Off-Plan,112.06,3320888,102-5493-2026
2026-01-17,EMAAR SOUTH,Golf Lane,Villa,4 B/R,Off-Plan,339.27,4584888,102-5586-2026
2026-01-19,DUBAI CREEK HARBOUR,Creek Bay,Apartment,2 B/R,Off-Plan,134.76,3346888,102-5679-2026
2026-01-19,DUBAI CREEK HARBOUR,Creek Bay,Apartment,2 B/R,Off-Plan,115.98,4224888,102-5680-2026
2026-01-19,DUBAI CREEK HARBOUR,Creek Bay,Apartment,1 B/R,Off-Plan,68.45,1832888,102-5681-2026
2026-01-19,DUBAI CREEK HARBOUR,Creek Bay,Apartment,1 B/R,Off-Plan,68.45,1846888,102-5682-2026
2026-01-19,DUBAI CREEK HARBOUR,Creek Haven,Apartment,2 B/R,Off-Plan,114.99,3758888,102-5683-2026
2026-01-19,DUBAI CREEK HARBOUR,Montiva,Apartment,3 B/R,Off-Plan,170.46,4063888,102-5684-2026
2026-01-19,DUBAI CREEK HARBOUR,Silva,Apartment,3 B/R,Off-Plan,170.38,4097888,102-5686-2026
2026-01-19,DUBAI CREEK HARBOUR,Creek Haven,Apartment,2 B/R,Off-Plan,110.59,3390888,102-5690-2026
2026-01-19,DUBAI CREEK HARBOUR,Silva,Apartment,2 B/R,Off-Plan,130.34,3164888,102-5701-2026
2026-01-19,DUBAI CREEK HARBOUR,Silva,Apartment,2 B/R,Off-Plan,130.34,3147888,102-5706-2026
2026-01-19,DUBAI CREEK HARBOUR,Creek Bay,Apartment,1 B/R,Off-Plan,68.45,1818888,102-5710-2026
2026-01-19,DUBAI CREEK HARBOUR,Creek Haven,Apartment,1 B/R,Off-Plan,68.7,1947888,102-5714-2026
2026-01-19,DUBAI CREEK HARBOUR,Lyvia by Palace,Apartment,2 B/R,Off-Plan,106.28,2933030,102-5723-2026
2026-01-19,DUBAI CREEK HARBOUR,Creek Bay,Apartment,1 B/R,Off-Plan,71,2076510,102-5730-2026
2026-01-19,DUBAI CREEK HARBOUR,Creek Bay,Apartment,1 B/R,Off-Plan,68.45,1815888,102-5734-2026
2026-01-19,DUBAI CREEK HARBOUR,Creek Haven,Apartment,1 B/R,Off-Plan,68.7,1940888,102-5750-2026
2026-01-19,DUBAI CREEK HARBOUR,Creek Bay,Apartment,2 B/R,Off-Plan,133.03,4709888,102-5754-2026
2026-01-19,DUBAI CREEK HARBOUR,Creek Bay,Apartment,1 B/R,Off-Plan,71,2055888,102-5757-2026
2026-01-19,DUBAI CREEK HARBOUR,Creek Bay,Apartment,1 B/R,Off-Plan,68.45,1825888,102-5785-2026
2026-01-19,DUBAI CREEK HARBOUR,Creek Bay,Apartment,2 B/R,Off-Plan,153.99,4812888,102-5788-2026
2026-01-19,DUBAI CREEK HARBOUR,Creek Bay,Apartment,3 B/R,Off-Plan,171.99,5924888,102-5797-2026
2026-01-19,DUBAI CREEK HARBOUR,Creek Haven,Apartment,1 B/R,Off-Plan,67.86,1908888,102-5807-2026
2026-01-19,DUBAI CREEK HARBOUR,Altan,Apartment,2 B/R,Off-Plan,109.59,2998888,102-5816-2026
2026-01-19,DUBAI CREEK HARBOUR,Creek Haven,Apartment,1 B/R,Off-Plan,68.13,1894888,102-5821-2026
2026-01-19,DUBAI CREEK HARBOUR,Creek Haven,Apartment,1 B/R,Off-Plan,68.7,1910888,102-5832-2026
2026-01-19,DUBAI CREEK HARBOUR,Creek Haven,Apartment,1 B/R,Off-Plan,68.69,1988888,102-5842-2026
2026-01-19,DUBAI CREEK HARBOUR,Creek Bay,Apartment,2 B/R,Off-Plan,134.76,3321888,102-5850-2026
2026-01-19,DUBAI CREEK HARBOUR,Creek Bay,Apartment,1 B/R,Off-Plan,68.45,1811888,102-5855-2026
2026-01-19,DUBAI CREEK HARBOUR,Creek Bay,Apartment,1 B/R,Off-Plan,68.45,1860888,102-5966-2026
2026-01-19,DUBAI CREEK HARBOUR,Creek Bay,Apartment,2 B/R,Off-Plan,134.76,3314888,102-5978-2026
2026-01-19,DUBAI CREEK HARBOUR,Creek Haven,Apartment,1 B/R,Off-Plan,67.86,1904888,102-5990-2026
2026-01-19,DUBAI CREEK HARBOUR,Lyvia by Palace,Apartment,2 B/R,Off-Plan,106.28,3003888,102-6024-2026
2026-01-19,DUBAI CREEK HARBOUR,Creek Haven,Apartment,1 B/R,Off-Plan,67.85,1963888,102-6029-2026
2026-01-19,DUBAI CREEK HARBOUR,Creek Haven,Apartment,2 B/R,Off-Plan,110.7,3471050,102-6034-2026
2026-01-19,DUBAI CREEK HARBOUR,Lyvia by Palace,Apartment,1 B/R,Off-Plan,84.9,2442888,102-6045-2026
2026-01-19,DUBAI CREEK HARBOUR,Creek Bay,Apartment,2 B/R,Off-Plan,134.76,3321888,102-6054-2026
2026-01-19,DUBAI CREEK HARBOUR,Creek Bay,Apartment,1 B/R,Off-Plan,68.45,1839888,102-6061-2026
2026-01-19,DUBAI CREEK HARBOUR,Creek Haven,Apartment,2 B/R,Off-Plan,110.64,3593888,102-6073-2026
2026-01-19,DUBAI CREEK HARBOUR,Creek Haven,Apartment,2 B/R,Off-Plan,111.14,3343888,102-6083-2026
2026-01-19,DUBAI CREEK HARBOUR,Creek Haven,Apartment,1 B/R,Off-Plan,67.86,1890888,102-6089-2026
2026-01-19,DUBAI CREEK HARBOUR,Creek Haven,Apartment,1 B/R,Off-Plan,67.85,1937888,102-6107-2026
2026-01-19,DUBAI CREEK HARBOUR,Creek Bay,Apartment,1 B/R,Off-Plan,70.34,2069888,102-6183-2026
2026-01-05,DUBAI CREEK HARBOUR,Creek Haven,Apartment,1 B/R,Off-Plan,68.7,1906888,102-626-2026
2026-01-20,DUBAI CREEK HARBOUR,Creek Bay,Apartment,2 B/R,Off-Plan,133.03,4641492,102-6293-2026
2026-01-20,DUBAI CREEK HARBOUR,Creek Bay,Apartment,2 B/R,Off-Plan,115.98,4337888,102-6294-2026
2026-01-20,DUBAI CREEK HARBOUR,Creek Bay,Apartment,2 B/R,Off-Plan,133.03,4816888,102-6295-2026
2026-01-20,DUBAI CREEK HARBOUR,Creek Bay,Apartment,1 B/R,Off-Plan,68.45,1815888,102-6296-2026
2026-01-20,DUBAI CREEK HARBOUR,Montiva,Apartment,1 B/R,Off-Plan,73.02,1982888,102-6297-2026
2026-01-20,DUBAI CREEK HARBOUR,Lyvia by Palace,Apartment,1 B/R,Off-Plan,70.22,2173888,102-6298-2026
2026-01-20,DUBAI CREEK HARBOUR,Creek Haven,Apartment,1 B/R,Off-Plan,67.86,1886888,102-6299-2026
2026-01-20,DUBAI CREEK HARBOUR,Lyvia by Palace,Apartment,2 B/R,Off-Plan,106.28,2986888,102-6300-2026
2026-01-20,DUBAI CREEK HARBOUR,Creek Bay,Apartment,1 B/R,Off-Plan,68.45,1836888,102-6301-2026
2026-01-20,DUBAI CREEK HARBOUR,Creek Bay,Apartment,2 B/R,Off-Plan,134.76,3327888,102-6303-2026
2026-01-20,DUBAI CREEK HARBOUR,Creek Bay,Apartment,2 B/R,Off-Plan,133.03,4655888,102-6305-2026
2026-01-20,DUBAI CREEK HARBOUR,Creek Bay,Apartment,1 B/R,Off-Plan,68.45,1804888,102-6310-2026
2026-01-20,EMAAR SOUTH,Golf Hills 2,Apartment,2 B/R,Off-Plan,92.02,1996888,102-6316-2026
2026-01-20,DUBAI CREEK HARBOUR,Montiva,Apartment,1 B/R,Off-Plan,70.13,1940888,102-6319-2026
2026-01-20,EMAAR SOUTH,Golf Hills,Apartment,2 B/R,Off-Plan,92.45,1932888,102-6322-2026
2026-01-20,DUBAI CREEK HARBOUR,Creek Bay,Apartment,1 B/R,Off-Plan,70.69,2033888,102-6324-2026
2026-01-20,EMAAR SOUTH,Golf Hills,Apartment,1 B/R,Off-Plan,62.81,1078888,102-6328-2026
2026-01-20,EMAAR SOUTH,Golf Meadow,Apartment,3 B/R,Off-Plan,145.83,2973888,102-6336-2026
2026-01-20,DUBAI CREEK HARBOUR,Creek Waters 2,Apartment,2 B/R,Off-Plan,104.09,2650000,102-6344-2026
2026-01-20,EMAAR SOUTH,Golf Hills,Apartment,2 B/R,Off-Plan,98.87,1792888,102-6347-2026
2026-01-20,DUBAI CREEK HARBOUR,Lyvia by Palace,Apartment,1 B/R,Off-Plan,84.9,2545888,102-6354-2026
2026-01-20,DUBAI CREEK HARBOUR,Creek Bay,Apartment,2 B/R,Off-Plan,134.76,3308888,102-6373-2026
2026-01-20,DUBAI CREEK HARBOUR,Creek Haven,Apartment,1 B/R,Off-Plan,68.7,1929888,102-6378-2026
2026-01-20,DUBAI CREEK HARBOUR,Creek Haven,Apartment,1 B/R,Off-Plan,67.85,1948888,102-6391-2026
2026-01-20,DUBAI CREEK HARBOUR,Silva,Apartment,1 B/R,Off-Plan,69.08,1806888,102-6409-2026
2026-01-05,DUBAI CREEK HARBOUR,Creek Haven,Apartment,1 B/R,Off-Plan,67.86,1915888,102-641-2026
2026-01-20,DUBAI CREEK HARBOUR,Creek Haven,Apartment,1 B/R,Off-Plan,67.86,1868888,102-6419-2026
2026-01-20,DUBAI CREEK HARBOUR,Montiva,Apartment,1 B/R,Off-Plan,70.63,1909888,102-6437-2026
2026-01-20,DUBAI CREEK HARBOUR,Creek Bay,Apartment,2 B/R,Off-Plan,134.76,3295888,102-6444-2026
2026-01-20,DUBAI CREEK HARBOUR,Creek Haven,Apartment,1 B/R,Off-Plan,68.13,1912888,102-6445-2026
2026-01-20,DUBAI CREEK HARBOUR,Creek Haven,Apartment,1 B/R,Off-Plan,68.13,1901888,102-6456-2026
2026-01-20,DUBAI CREEK HARBOUR,Creek Haven,Apartment,2 B/R,Off-Plan,115.05,3654888,102-6461-2026
2026-01-20,DUBAI CREEK HARBOUR,Creek Bay,Apartment,1 B/R,Off-Plan,68.45,1864888,102-6480-2026
2026-01-20,DUBAI CREEK HARBOUR,Montiva,Apartment,1 B/R,Off-Plan,73.02,1978888,102-6508-2026
2026-01-05,EMAAR SOUTH,Golf Hills,Apartment,2 B/R,Off-Plan,98.87,1565888,102-651-2026
2026-01-20,DUBAI CREEK HARBOUR,Creek Haven,Apartment,2 B/R,Off-Plan,111.05,3300530,102-6529-2026
2026-01-20,DUBAI CREEK HARBOUR,Creek Waters,Apartment,2 B/R,Off-Plan,115.45,3080000,102-6558-2026
2026-01-20,DUBAI CREEK HARBOUR,Altan,Apartment,1 B/R,Off-Plan,70.37,1820888,102-6560-2026
2026-01-20,DUBAI CREEK HARBOUR,Creek Haven,Apartment,1 B/R,Off-Plan,67.86,1908888,102-6589-2026
2026-01-20,DUBAI CREEK HARBOUR,Address Residences l Dubai Creek Harbour,Apartment,2 B/R,Off-Plan,51.57,1600279.5,102-6669-2026
2026-01-20,DUBAI CREEK HARBOUR,Creek Bay,Apartment,1 B/R,Off-Plan,68.45,1808888,102-6688-2026
2026-01-20,DUBAI CREEK HARBOUR,Creek Haven,Apartment,1 B/R,Off-Plan,67.85,1959888,102-6697-2026
2026-01-21,DUBAI CREEK HARBOUR,Montiva,Apartment,3 B/R,Off-Plan,170.46,4025888,102-6873-2026
2026-01-21,DUBAI CREEK HARBOUR,Creek Haven,Apartment,1 B/R,Off-Plan,68.69,1985888,102-6882-2026
2026-01-21,DUBAI CREEK HARBOUR,Creek Haven,Apartment,1 B/R,Off-Plan,68.7,1932888,102-6891-2026
2026-01-21,DUBAI CREEK HARBOUR,Lyvia by Palace,Apartment,1 B/R,Off-Plan,72.95,2220888,102-6900-2026
2026-01-21,DUBAI CREEK HARBOUR,Creek Haven,Apartment,1 B/R,Off-Plan,68.7,1955888,102-6921-2026
2026-01-21,DUBAI CREEK HARBOUR,Creek Haven,Apartment,1 B/R,Off-Plan,68.69,1966888,102-6927-2026
2026-01-05,EMAAR SOUTH,Golf Hills 2,Apartment,1 B/R,Off-Plan,63.19,1364050,102-742-2026
2026-01-22,EMAAR SOUTH,Golf Point,Apartment,3 B/R,Off-Plan,192.48,3445888,102-7491-2026
2026-01-05,EMAAR SOUTH,Golf Hills,Apartment,1 B/R,Off-Plan,62.81,1078888,102-761-2026
2026-01-23,DUBAI CREEK HARBOUR,The Cove ll,Apartment,3 B/R,Off-Plan,169.8,4035888,102-7682-2026
2026-01-05,EMAAR SOUTH,Golf Hills,Apartment,1 B/R,Off-Plan,62.46,1072888,102-770-2026
2026-01-22,DUBAI CREEK HARBOUR,Creek Bay,Apartment,3 B/R,Off-Plan,172.34,6178888,102-7707-2026
2026-01-23,DUBAI CREEK HARBOUR,ARLO,Apartment,1 B/R,Off-Plan,65.87,1829888,102-7709-2026
2026-01-05,DUBAI CREEK HARBOUR,The Cove ll,Apartment,3 B/R,Off-Plan,173.79,6500000,102-771-2026
2026-01-22,DUBAI CREEK HARBOUR,Lyvia by Palace,Apartment,1 B/R,Off-Plan,70.22,2029888,102-7711-2026
2026-01-22,DUBAI CREEK HARBOUR,Montiva,Apartment,1 B/R,Off-Plan,71.09,1920888,102-7718-2026
2026-01-22,DUBAI CREEK HARBOUR,Creek Haven,Apartment,2 B/R,Off-Plan,110.59,3415888,102-7722-2026
2026-01-22,DUBAI CREEK HARBOUR,Silva,Apartment,3 B/R,Off-Plan,170.38,4075888,102-7724-2026
2026-01-22,DUBAI CREEK HARBOUR,Creek Bay,Apartment,1 B/R,Off-Plan,68.3,1870888,102-7728-2026
2026-01-22,DUBAI CREEK HARBOUR,Silva,Apartment,2 B/R,Off-Plan,130.34,3079888,102-7733-2026
2026-01-05,EMAAR SOUTH,Golf Hills,Apartment,2 B/R,Off-Plan,98.55,1547888,102-774-2026
2026-01-22,DUBAI CREEK HARBOUR,Lyvia by Palace,Apartment,1 B/R,Off-Plan,72.95,2073888,102-7740-2026
2026-01-22,DUBAI CREEK HARBOUR,Lyvia by Palace,Apartment,3 B/R,Off-Plan,300.95,6766888,102-7746-2026
2026-01-22,DUBAI CREEK HARBOUR,Creek Haven,Apartment,1 B/R,Off-Plan,68.7,1918888,102-7751-2026
2026-01-05,EMAAR SOUTH,Golf Hills 2,Apartment,2 B/R,Off-Plan,98.87,1573231,102-781-2026
2026-01-05,DUBAI CREEK HARBOUR,Albero,Apartment,3 B/R,Off-Plan,171.7,4207991,102-782-2026
2026-01-23,DUBAI CREEK HARBOUR,Silva,Apartment,1 B/R,Off-Plan,70.17,1838888,102-7842-2026
2026-01-23,DUBAI CREEK HARBOUR,Montiva,Apartment,2 B/R,Off-Plan,106.21,2828888,102-7843-2026
2026-01-23,DUBAI CREEK HARBOUR,Silva,Apartment,3 B/R,Off-Plan,170.38,3986888,102-7845-2026
2026-01-23,DUBAI CREEK HARBOUR,Silva,Apartment,3 B/R,Off-Plan,170.38,4009888,102-7848-2026
2026-01-23,DUBAI CREEK HARBOUR,Silva,Apartment,3 B/R,Off-Plan,170.38,3964888,102-7850-2026
2026-01-23,DUBAI CREEK HARBOUR,Lyvia by Palace,Apartment,2 B/R,Off-Plan,115.33,3243888,102-7856-2026
2026-01-23,DUBAI CREEK HARBOUR,Creek Bay,Apartment,3 B/R,Off-Plan,172.34,5887730,102-7858-2026
2026-01-23,DUBAI CREEK HARBOUR,Creek Haven,Apartment,1 B/R,Off-Plan,68.7,1895888,102-7859-2026
2026-01-23,DUBAI CREEK HARBOUR,Silva,Apartment,2 B/R,Off-Plan,130.34,3226888,102-7861-2026
2026-01-23,DUBAI CREEK HARBOUR,Creek Haven,Apartment,2 B/R,Off-Plan,110.63,3352888,102-7863-2026
2026-01-23,DUBAI CREEK HARBOUR,Montiva,Apartment,1 B/R,Off-Plan,84.97,2331888,102-7864-2026
2026-01-23,DUBAI CREEK HARBOUR,Creek Haven,Apartment,2 B/R,Off-Plan,111.1,3393888,102-7865-2026
2026-01-23,DUBAI CREEK HARBOUR,Creek Haven,Apartment,2 B/R,Off-Plan,111.14,3325888,102-7866-2026
2026-01-23,DUBAI CREEK HARBOUR,Creek Haven,Apartment,2 B/R,Off-Plan,110.59,3310330,102-7867-2026
2026-01-23,DUBAI CREEK HARBOUR,Creek Haven,Apartment,3 B/R,Off-Plan,172.74,5665888,102-7868-2026
2026-01-23,DUBAI CREEK HARBOUR,Creek Haven,Apartment,1 B/R,Off-Plan,67.86,1871888,102-7869-2026
2026-01-05,EMAAR SOUTH,Golf Hills,Apartment,2 B/R,Off-Plan,92.45,1844888,102-787-2026
2026-01-23,DUBAI CREEK HARBOUR,Creek Haven,Apartment,2 B/R,Off-Plan,114.99,3765888,102-7870-2026
2026-01-23,DUBAI CREEK HARBOUR,Creek Haven,Apartment,2 B/R,Off-Plan,110.63,3283888,102-7871-2026
2026-01-23,DUBAI CREEK HARBOUR,Silva,Apartment,1 B/R,Off-Plan,70.17,1831888,102-7874-2026
2026-01-23,DUBAI CREEK HARBOUR,Silva,Apartment,3 B/R,Off-Plan,170.38,4082888,102-7876-2026
2026-01-23,DUBAI CREEK HARBOUR,Creek Waters 2,Apartment,1 B/R,Off-Plan,71.28,1838888,102-7888-2026
2026-01-23,DUBAI CREEK HARBOUR,Creek Haven,Apartment,1 B/R,Off-Plan,68.13,1905888,102-7898-2026
2026-01-23,DUBAI CREEK HARBOUR,Creek Haven,Apartment,1 B/R,Off-Plan,68.13,1916888,102-7901-2026
2026-01-23,DUBAI CREEK HARBOUR,Creek Haven,Apartment,2 B/R,Off-Plan,114.98,3716888,102-7913-2026
2026-01-23,DUBAI CREEK HARBOUR,Creek Haven,Apartment,1 B/R,Off-Plan,68.13,1923888,102-7931-2026
2026-01-27,DUBAI CREEK HARBOUR,Creek Waters 2,Apartment,2 B/R,Off-Plan,105.55,750129.75,102-7977-2026
2026-01-23,DUBAI CREEK HARBOUR,Creek Bay,Apartment,1 B/R,Off-Plan,68.45,1829888,102-8021-2026
2026-01-05,EMAAR SOUTH,Golf Hills,Apartment,2 B/R,Off-Plan,92.01,1535888,102-804-2026
2026-01-26,EMAAR SOUTH,Greenway 2,Villa,4 B/R,Off-Plan,285.79,3250888,102-8580-2026
2026-01-26,DUBAI CREEK HARBOUR,Silva,Apartment,3 B/R,Off-Plan,302.28,6313888,102-8813-2026
2026-01-26,DUBAI CREEK HARBOUR,Silva,Apartment,3 B/R,Off-Plan,170.38,3972888,102-8817-2026
2026-01-26,DUBAI CREEK HARBOUR,Creek Haven,Apartment,2 B/R,Off-Plan,114.99,3751888,102-8822-2026
2026-01-26,DUBAI CREEK HARBOUR,Creek Bay,Apartment,2 B/R,Off-Plan,134.76,3270888,102-8824-2026
2026-01-26,DUBAI CREEK HARBOUR,Creek Bay,Apartment,2 B/R,Off-Plan,134.56,3378888,102-8827-2026
2026-01-26,DUBAI CREEK HARBOUR,Creek Bay,Apartment,3 B/R,Off-Plan,171.99,5924888,102-8830-2026
2026-01-26,DUBAI CREEK HARBOUR,Silva,Apartment,2 B/R,Off-Plan,130.34,3085888,102-8834-2026
2026-01-26,EMAAR SOUTH,Golf Point,Apartment,1 B/R,Off-Plan,63.11,879888,102-8931-2026
2026-01-27,EMAAR SOUTH,Golf Hills 2,Apartment,2 B/R,Off-Plan,98.55,1541888,102-8934-2026
2026-01-27,EMAAR SOUTH,Golf Hills 2,Apartment,1 B/R,Off-Plan,80.96,1192888,102-8935-2026
2026-01-27,DUBAI CREEK HARBOUR,Creek Haven,Apartment,2 B/R,Off-Plan,111.14,3337888,102-8936-2026
2026-01-27,DUBAI CREEK HARBOUR,Creek Haven,Apartment,2 B/R,Off-Plan,110.63,3334888,102-8937-2026
2026-01-27,DUBAI CREEK HARBOUR,Creek Haven,Apartment,1 B/R,Off-Plan,67.86,1879888,102-8938-2026
2026-01-27,DUBAI CREEK HARBOUR,Creek Bay,Apartment,1 B/R,Off-Plan,70.34,2061888,102-8939-2026
2026-01-27,DUBAI CREEK HARBOUR,Creek Bay,Apartment,2 B/R,Off-Plan,134.76,3358888,102-8940-2026
2026-01-27,DUBAI CREEK HARBOUR,Silva,Apartment,1 B/R,Off-Plan,69.07,1803888,102-8941-2026
2026-01-27,DUBAI CREEK HARBOUR,Creek Bay,Apartment,2 B/R,Off-Plan,134.76,3333888,102-8942-2026
2026-01-27,DUBAI CREEK HARBOUR,Creek Haven,Apartment,2 B/R,Off-Plan,110.59,3383888,102-8945-2026
2026-01-27,DUBAI CREEK HARBOUR,Creek Haven,Apartment,2 B/R,Off-Plan,110.63,3321888,102-8947-2026
2026-01-27,DUBAI CREEK HARBOUR,Creek Haven,Apartment,2 B/R,Off-Plan,111.1,3381888,102-8953-2026
2026-01-27,DUBAI CREEK HARBOUR,Creek Haven,Apartment,1 B/R,Off-Plan,68.7,1861890,102-8958-2026
2026-01-27,DUBAI CREEK HARBOUR,Creek Haven,Apartment,2 B/R,Off-Plan,110.7,3487888,102-8967-2026
2026-01-27,DUBAI CREEK HARBOUR,Creek Haven,Apartment,2 B/R,Off-Plan,111.1,3412888,102-8971-2026
2026-01-27,DUBAI CREEK HARBOUR,Montiva,Apartment,1 B/R,Off-Plan,84.97,2335888,102-8975-2026
2026-01-27,DUBAI CREEK HARBOUR,Lyvia by Palace,Apartment,2 B/R,Off-Plan,106.28,2969888,102-8979-2026
2026-01-27,EMAAR SOUTH,Greenridge,Villa,3 B/R,Off-Plan,86.23,1494935,102-9035-2026
2026-01-27,DUBAI CREEK HARBOUR,Creek Haven,Apartment,1 B/R,Off-Plan,68.7,1892888,102-9238-2026
2026-01-27,DUBAI CREEK HARBOUR,Creek Bay,Apartment,2 B/R,Off-Plan,134.76,3289888,102-9249-2026
2026-01-27,DUBAI CREEK HARBOUR,Montiva,Apartment,2 B/R,Off-Plan,111.98,3100888,102-9263-2026
2026-01-27,DUBAI CREEK HARBOUR,Silva,Apartment,2 B/R,Off-Plan,130.34,3181888,102-9275-2026
2026-01-27,DUBAI CREEK HARBOUR,Silva,Apartment,3 B/R,Off-Plan,170.38,3979888,102-9285-2026
2026-01-27,DUBAI CREEK HARBOUR,Montiva,Apartment,2 B/R,Off-Plan,111.98,3014888,102-9364-2026
2026-01-28,DUBAI CREEK HARBOUR,Montiva,Apartment,1 B/R,Off-Plan,71.09,1923888,102-9528-2026
2026-01-28,DUBAI CREEK HARBOUR,Creek Haven,Apartment,2 B/R,Off-Plan,110.64,3639888,102-9529-2026
2026-01-28,DUBAI CREEK HARBOUR,Creek Haven,Apartment,2 B/R,Off-Plan,115.05,3613888,102-9530-2026
2026-01-28,EMAAR SOUTH,Greenway 2,Villa,4 B/R,Off-Plan,255.3,3220888,102-9595-2026
2026-01-28,DUBAI CREEK HARBOUR,The Cove ll,Apartment,2 B/R,Off-Plan,128.74,3275000,102-9621-2026
2026-01-09,DUBAI CREEK HARBOUR,Creek Beach - Rosewater,Apartment,3 B/R,Ready,181.91,4450000,11-1020-2026
2026-01-09,EMAAR SOUTH,Parkside,Villa,3 B/R,Ready,154.08,2250000,11-1029-2026
2026-01-09,DUBAI CREEK HARBOUR,17 ICON BAY,Apartment,1 B/R,Ready,68.98,1750000,11-1077-2026
2026-01-09,DUBAI CREEK HARBOUR,CREEK HORIZON,Apartment,2 B/R,Ready,110.65,2700000,11-1141-2026
2026-01-09,DUBAI CREEK HARBOUR,Creek Beach - Bayshore,Apartment,1 B/R,Ready,62.5,1650000,11-1147-2026
2026-01-09,DUBAI CREEK HARBOUR,CREEK EDGE,Apartment,1 B/R,Ready,64.1,2050000,11-1149-2026
2026-01-09,EMAAR SOUTH,URBANA II,Apartment,3 B/R,Ready,206.93,2230000,11-1179-2026
2026-01-09,DUBAI CREEK HARBOUR,Palace Residences - North,Apartment,2 B/R,Ready,98,3050000,11-1185-2026
2026-01-09,DUBAI CREEK HARBOUR,Creek Beach - Savanna-Cedar-Mangrove,Apartment,2 B/R,Ready,95.55,2068888,11-1188-2026
2026-01-09,DUBAI CREEK HARBOUR,Creek Beach - Rosewater,Apartment,3 B/R,Ready,149.36,3600000,11-1203-2026
2026-01-10,DUBAI CREEK HARBOUR,The Grand,Apartment,1 B/R,Ready,74.7,2250000,11-1210-2026
2026-01-10,EMAAR SOUTH,Golf Views,Apartment,1 B/R,Ready,60.81,1050000,11-1217-2026
2026-01-12,DUBAI CREEK HARBOUR,The Grand,Apartment,2 B/R,Ready,113.87,4200000,11-1244-2026
2026-01-12,EMAAR SOUTH,Greenview 3,Villa,3 B/R,Ready,136.68,2775000,11-1250-2026
2026-01-13,DUBAI CREEK HARBOUR,Creek Beach - Orchid,Apartment,1 B/R,Ready,62.46,1490000,11-1285-2026
2026-01-12,DUBAI CREEK HARBOUR,Creek Palace,Apartment,2 B/R,Ready,104.51,2900000,11-1322-2026
2026-01-13,DUBAI CREEK HARBOUR,Palace Residences - North,Apartment,1 B/R,Ready,59.83,1820000,11-1491-2026
2026-01-13,EMAAR SOUTH,Greenview 3,Villa,4 B/R,Ready,260.18,3500000,11-1543-2026
2026-01-13,DUBAI CREEK HARBOUR,CREEK RISE,Apartment,2 B/R,Ready,116.69,2800000,11-1573-2026
2026-01-05,DUBAI CREEK HARBOUR,CREEK HORIZON,Apartment,2 B/R,Ready,104.71,2300000,11-161-2026
2026-01-14,DUBAI CREEK HARBOUR,Creek Beach - Grove,Apartment,2 B/R,Ready,106.21,2400000,11-1613-2026
2026-01-14,DUBAI CREEK HARBOUR,Island Park I,Apartment,2 B/R,Ready,101.25,2550000,11-1623-2026
2026-01-14,EMAAR SOUTH,Parkside,Villa,3 B/R,Ready,129.89,2150000,11-1698-2026
2026-01-14,DUBAI CREEK HARBOUR,Island Park I,Apartment,3 B/R,Ready,133.12,3650000,11-1708-2026
2026-01-15,DUBAI CREEK HARBOUR,Island Park I,Apartment,2 B/R,Ready,114.95,2600000,11-1750-2026
2026-01-15,DUBAI CREEK HARBOUR,CREEK HORIZON,Apartment,3 B/R,Ready,164.86,3580000,11-1862-2026
2026-01-15,DUBAI CREEK HARBOUR,Creek Beach - Savanna-Cedar-Mangrove,Apartment,3 B/R,Ready,157.57,3600000,11-1898-2026
2026-01-15,EMAAR SOUTH,Parkside,Villa,3 B/R,Ready,129.89,2150000,11-1899-2026
2026-01-02,DUBAI CREEK HARBOUR,Creek Gate,Apartment,1 B/R,Ready,66.91,1530000,11-19-2026
2026-01-15,EMAAR SOUTH,Parkside 2,Villa,4 B/R,Ready,299.6,3075000,11-1903-2026
2026-01-15,DUBAI CREEK HARBOUR,CREEK EDGE,Apartment,1 B/R,Ready,74.91,1950000,11-1935-2026
2026-01-15,DUBAI CREEK HARBOUR,Creek Palace,Apartment,3 B/R,Ready,153.71,4380000,11-1938-2026
2026-01-05,EMAAR SOUTH,Greenview 3,Villa,3 B/R,Ready,137.76,2650000,11-197-2026
2026-01-15,DUBAI CREEK HARBOUR,The Grand,Apartment,2 B/R,Ready,123.18,4050000,11-2001-2026
2026-01-15,DUBAI CREEK HARBOUR,THE DUBAI CREEK RESIDENCES,Apartment,2 B/R,Ready,155.92,3400000,11-2054-2026
2026-01-15,DUBAI CREEK HARBOUR,Palace Residences - North,Apartment,2 B/R,Ready,98,3100000,11-2087-2026
2026-01-16,DUBAI CREEK HARBOUR,CREEK EDGE,Apartment,1 B/R,Ready,67.77,1745000,11-2117-2026
2026-01-16,DUBAI CREEK HARBOUR,The Grand,Apartment,2 B/R,Ready,120.13,3150000,11-2145-2026
2026-01-16,DUBAI CREEK HARBOUR,Palace Residences - Dubai Creek Harbour,Apartment,1 B/R,Ready,64.99,2200000,11-2174-2026
2026-01-05,EMAAR SOUTH,Parkside 3,Villa,3 B/R,Ready,141.04,2345000,11-219-2026
2026-01-16,DUBAI CREEK HARBOUR,HARBOUR VIEWS,Apartment,3 B/R,Ready,158.72,3750000,11-2192-2026
2026-01-16,DUBAI CREEK HARBOUR,Palace Residences - North,Apartment,2 B/R,Ready,104.16,3080000,11-2199-2026
2026-01-16,DUBAI CREEK HARBOUR,Palace Residences - North,Apartment,1 B/R,Ready,29.82,800000,11-2224-2026
2026-01-16,DUBAI CREEK HARBOUR,The Cove,Apartment,1 B/R,Ready,67.24,1600000,11-2231-2026
2026-01-16,DUBAI CREEK HARBOUR,Creek Palace,Apartment,1 B/R,Ready,59.86,1730000,11-2305-2026
2026-01-17,DUBAI CREEK HARBOUR,Creek Palace,Apartment,2 B/R,Ready,97.73,3190000,11-2311-2026
2026-01-19,EMAAR SOUTH,Parkside 2,Villa,3 B/R,Ready,137.66,2350000,11-2344-2026
2026-01-19,DUBAI CREEK HARBOUR,Creek Palace,Apartment,2 B/R,Ready,98.03,3150000,11-2398-2026
2026-01-05,DUBAI CREEK HARBOUR,Creek Gate,Apartment,2 B/R,Ready,97.1,2500000,11-246-2026
2026-01-20,DUBAI CREEK HARBOUR,THE DUBAI CREEK RESIDENCES,Apartment,2 B/R,Ready,126.65,3260000,11-2560-2026
2026-01-20,DUBAI CREEK HARBOUR,The Cove,Apartment,2 B/R,Ready,120.95,2750000,11-2600-2026
2026-01-20,DUBAI CREEK HARBOUR,Creek Beach - VIDA Residences,Apartment,3 B/R,Ready,183.25,4800000,11-2602-2026
2026-01-20,DUBAI CREEK HARBOUR,THE DUBAI CREEK RESIDENCES,Apartment,1 B/R,Ready,94.83,2100000,11-2608-2026
2026-01-20,DUBAI CREEK HARBOUR,Palace Residences - Dubai Creek Harbour,Apartment,1 B/R,Ready,65.22,2000000,11-2640-2026
2026-01-21,EMAAR SOUTH,Parkside,Villa,3 B/R,Ready,129.9,2150000,11-2808-2026
2026-01-21,DUBAI CREEK HARBOUR,Creek Beach - Sunset,Apartment,1 B/R,Ready,70.76,1720000,11-2813-2026
2026-01-21,DUBAI CREEK HARBOUR,CREEK CRESCENT,Apartment,2 B/R,Ready,97.87,3060000,11-2872-2026
2026-01-21,DUBAI CREEK HARBOUR,THE DUBAI CREEK RESIDENCES,Apartment,2 B/R,Ready,126.65,2875000,11-2873-2026
2026-01-21,DUBAI CREEK HARBOUR,Creek Beach - Bayshore,Apartment,1 B/R,Ready,63.47,1590000,11-2895-2026
2026-01-21,EMAAR SOUTH,Parkside,Villa,3 B/R,Ready,129.5,2250000,11-2904-2026
2026-01-22,DUBAI CREEK HARBOUR,Creek Beach - Bayshore,Apartment,2 B/R,Ready,90.2,2150000,11-2948-2026
2026-01-22,DUBAI CREEK HARBOUR,Creek Palace,Apartment,3 B/R,Ready,153.71,4700000,11-2977-2026
2026-01-22,DUBAI CREEK HARBOUR,Creek Beach - Orchid,Apartment,2 B/R,Ready,107.22,2300000,11-2982-2026
2026-01-22,DUBAI CREEK HARBOUR,CREEKSIDE 18,Apartment,2 B/R,Ready,106.08,2650000,11-3012-2026
2026-01-22,DUBAI CREEK HARBOUR,Palace Residences - North,Apartment,1 B/R,Ready,59.63,1700000,11-3072-2026
2026-01-22,DUBAI CREEK HARBOUR,CREEK HORIZON,Apartment,2 B/R,Ready,104.9,2570000,11-3100-2026
2026-01-23,DUBAI CREEK HARBOUR,The Grand,Apartment,1 B/R,Ready,74.07,2300000,11-3229-2026
2026-01-23,DUBAI CREEK HARBOUR,Creek Gate,Apartment,3 B/R,Ready,137.49,3400000,11-3277-2026
2026-01-23,DUBAI CREEK HARBOUR,The Cove,Apartment,3 B/R,Ready,162.25,3700000,11-3281-2026
2026-01-23,DUBAI CREEK HARBOUR,Creek Beach - Savanna-Cedar-Mangrove,Apartment,2 B/R,Ready,91.99,2270000,11-3282-2026
2026-01-23,DUBAI CREEK HARBOUR,Creek Beach - Breeze,Apartment,2 B/R,Ready,102.93,2600000,11-3299-2026
2026-01-23,EMAAR SOUTH,Greenview 2,Villa,4 B/R,Ready,356.75,3800000,11-3329-2026
2026-01-23,DUBAI CREEK HARBOUR,Creek Beach - Orchid,Apartment,2 B/R,Ready,93.12,2400000,11-3338-2026
2026-01-26,EMAAR SOUTH,Parkside 3,Villa,4 B/R,Ready,245.33,2780000,11-3458-2026
2026-01-26,DUBAI CREEK HARBOUR,THE DUBAI CREEK RESIDENCES,Apartment,3 B/R,Ready,199.74,6000000,11-3460-2026
2026-01-26,EMAAR SOUTH,Parkside 2,Villa,3 B/R,Ready,137.76,2280000,11-3541-2026
2026-01-27,DUBAI CREEK HARBOUR,Creek Beach - Orchid,Apartment,3 B/R,Ready,141.03,3230000,11-3640-2026
2026-01-27,EMAAR SOUTH,Parkside 3,Villa,4 B/R,Ready,288.31,3050000,11-3656-2026
2026-01-27,EMAAR SOUTH,Parkside,Villa,3 B/R,Ready,142.57,2200000,11-3663-2026
2026-01-02,DUBAI CREEK HARBOUR,The Grand,Apartment,2 B/R,Ready,123.03,3300000,11-37-2026
2026-01-27,DUBAI CREEK HARBOUR,THE DUBAI CREEK RESIDENCES,Apartment,2 B/R,Ready,263.59,4300000,11-3717-2026
2026-01-27,DUBAI CREEK HARBOUR,Creek Beach - Rosewater,Apartment,1 B/R,Ready,67.09,1715000,11-3747-2026
2026-01-27,DUBAI CREEK HARBOUR,Creek Beach - Savanna-Cedar-Mangrove,Apartment,1 B/R,Ready,68.84,1500000,11-3764-2026
2026-01-27,DUBAI CREEK HARBOUR,CREEK HORIZON,Apartment,1 B/R,Ready,69.77,1917600,11-3785-2026
2026-01-27,DUBAI CREEK HARBOUR,CREEK CRESCENT,Apartment,1 B/R,Ready,63.55,1745000,11-3799-2026
2026-01-27,DUBAI CREEK HARBOUR,Creek Palace,Apartment,3 B/R,Ready,154.57,4600000,11-3826-2026
2026-01-28,DUBAI CREEK HARBOUR,THE DUBAI CREEK RESIDENCES,Apartment,2 B/R,Ready,126.65,3400000,11-3850-2026
2026-01-28,EMAAR SOUTH,Parkside 3,Villa,4 B/R,Ready,408.31,3400000,11-3853-2026
2026-01-28,DUBAI CREEK HARBOUR,Creek Palace,Apartment,3 B/R,Ready,153.71,4500000,11-3883-2026
2026-01-28,EMAAR SOUTH,Parkside,Villa,3 B/R,Ready,129.89,2150000,11-3900-2026
2026-01-28,EMAAR SOUTH,Parkside,Villa,3 B/R,Ready,129.89,2150000,11-3907-2026
2026-01-28,DUBAI CREEK HARBOUR,Creek Beach - Rosewater,Apartment,3 B/R,Ready,162.37,3500000,11-3955-2026
2026-01-28,DUBAI CREEK HARBOUR,The Grand,Apartment,2 B/R,Ready,121.39,2700000,11-3958-2026
2026-01-28,DUBAI CREEK HARBOUR,CREEKSIDE 18,Apartment,3 B/R,Ready,149.81,3000000,11-3978-2026
2026-01-28,DUBAI CREEK HARBOUR,Palace Residences - Dubai Creek Harbour,Apartment,2 B/R,Ready,110.39,3790000,11-4044-2026
2026-01-29,EMAAR SOUTH,Parkside,Villa,3 B/R,Ready,129.89,1800000,11-4093-2026
2026-01-29,DUBAI CREEK HARBOUR,CREEK RISE,Apartment,2 B/R,Ready,102.88,2550000,11-4122-2026
2026-01-06,DUBAI CREEK HARBOUR,The Cove,Apartment,2 B/R,Ready,124.76,3450000,11-414-2026
2026-01-29,DUBAI CREEK HARBOUR,CREEK HORIZON,Apartment,2 B/R,Ready,104.81,2650000,11-4284-2026
2026-01-29,EMAAR SOUTH,URBANA III,Apartment,2 B/R,Ready,153.21,1800000,11-4300-2026
2026-01-30,DUBAI CREEK HARBOUR,Palace Residences - North,Apartment,3 B/R,Ready,154.51,4750000,11-4327-2026
2026-01-30,DUBAI CREEK HARBOUR,CREEK HORIZON,Apartment,1 B/R,Ready,69.91,1680000,11-4368-2026
2026-01-30,DUBAI CREEK HARBOUR,HARBOUR VIEWS,Apartment,2 B/R,Ready,112.61,2676300,11-4376-2026
2026-01-30,EMAAR SOUTH,Greenview,Villa,3 B/R,Ready,137.76,2600000,11-4377-2026
2026-01-30,DUBAI CREEK HARBOUR,The Grand,Apartment,2 B/R,Ready,118.25,3080000,11-4398-2026
2026-01-30,EMAAR SOUTH,Golf Views,Apartment,2 B/R,Ready,93,1475000,11-4400-2026
2026-01-30,DUBAI CREEK HARBOUR,Creek Beach - VIDA Residences,Apartment,1 B/R,Ready,64.22,1850000,11-4445-2026
2026-01-30,DUBAI CREEK HARBOUR,CREEK CRESCENT,Apartment,2 B/R,Ready,97.87,3050000,11-4466-2026
2026-01-06,EMAAR SOUTH,Parkside 3,Villa,3 B/R,Ready,141.04,2000000,11-453-2026
2026-01-07,EMAAR SOUTH,URBANA,Apartment,2 B/R,Ready,120.95,1550000,11-562-2026
2026-01-07,EMAAR SOUTH,Parkside 3,Villa,3 B/R,Ready,158.77,2450000,11-577-2026
2026-01-07,DUBAI CREEK HARBOUR,Creek Beach - Orchid,Apartment,3 B/R,Ready,144.84,3300000,11-588-2026
2026-01-07,DUBAI CREEK HARBOUR,Creek Palace,Apartment,1 B/R,Ready,59.86,2000000,11-706-2026
2026-01-07,DUBAI CREEK HARBOUR,CREEK HORIZON,Apartment,3 B/R,Ready,151.81,3700000,11-711-2026
2026-01-07,DUBAI CREEK HARBOUR,Creek Beach - VIDA Residences,Apartment,2 B/R,Ready,105.26,3250000,11-742-2026
2026-01-08,DUBAI CREEK HARBOUR,The Grand,Apartment,1 B/R,Ready,74.07,2370000,11-784-2026
2026-01-08,DUBAI CREEK HARBOUR,Creek Palace,Apartment,3 B/R,Ready,154.57,4800000,11-829-2026
2026-01-08,DUBAI CREEK HARBOUR,CREEK EDGE,Apartment,2 B/R,Ready,109.47,3050000,11-838-2026
2026-01-08,DUBAI CREEK HARBOUR,Creek Palace,Apartment,1 B/R,Ready,59.86,1970000,11-868-2026
2026-01-08,EMAAR SOUTH,Parkside,Villa,3 B/R,Ready,129.88,2150000,11-874-2026
2026-01-08,EMAAR SOUTH,URBANA II,Apartment,3 B/R,Ready,236.58,2290000,11-885-2026
2026-01-08,DUBAI CREEK HARBOUR,Creek Beach - Grove,Apartment,2 B/R,Ready,102.03,2575000,11-930-2026
2026-01-08,DUBAI CREEK HARBOUR,Palace Residences - North,Apartment,2 B/R,Ready,102.26,2550000,11-981-2026
2026-01-21,DUBAI CREEK HARBOUR,Creek Beach - Savanna-Cedar-Mangrove,Apartment,2 B/R,Ready,95.54,2290000,41-1068-2026
2026-01-21,DUBAI CREEK HARBOUR,Palace Residences - Dubai Creek Harbour,Apartment,1 B/R,Ready,65.5,2050000,41-1089-2026
2026-01-21,DUBAI CREEK HARBOUR,Palace Residences - North,Apartment,1 B/R,Ready,59.66,1680000,41-1091-2026
2026-01-22,DUBAI CREEK HARBOUR,Creek Beach - Grove,Apartment,1 B/R,Ready,142.64,1720000,41-1202-2026
2026-01-23,DUBAI CREEK HARBOUR,THE DUBAI CREEK RESIDENCES,Apartment,2 B/R,Ready,193.92,3444372,41-1314-2026
2026-01-24,DUBAI CREEK HARBOUR,Palace Residences - North,Apartment,3 B/R,Ready,153.63,4500000,41-1427-2026
2026-01-26,DUBAI CREEK HARBOUR,Creek Beach - Grove,Apartment,2 B/R,Ready,112.33,3200000,41-1481-2026
2026-01-06,EMAAR SOUTH,Golf Views,Apartment,3 B/R,Ready,71.31,1050000,41-153-2026
2026-01-27,DUBAI CREEK HARBOUR,Palace Residences - North,Apartment,2 B/R,Ready,104.33,3100000,41-1579-2026
2026-01-27,DUBAI CREEK HARBOUR,Creek Beach - Canopy - Moor,Apartment,3 B/R,Ready,146.56,3650772,41-1624-2026
2026-01-27,DUBAI CREEK HARBOUR,Creek Beach - Savanna-Cedar-Mangrove,Apartment,1 B/R,Ready,62.53,1741888,41-1632-2026
2026-01-29,DUBAI CREEK HARBOUR,THE DUBAI CREEK RESIDENCES,Apartment,3 B/R,Ready,179.36,5784888,41-1924-2026
2026-01-29,DUBAI CREEK HARBOUR,Palace Residences - Dubai Creek Harbour,Apartment,1 B/R,Ready,65.22,2085000,41-1946-2026
2026-01-30,DUBAI CREEK HARBOUR,Palace Residences - North,Apartment,2 B/R,Ready,104.33,3100000,41-1949-2026
2026-01-08,DUBAI CREEK HARBOUR,The Cove,Apartment,3 B/R,Ready,204.28,5000000,41-235-2026
2026-01-08,EMAAR SOUTH,Greenview 2,Villa,4 B/R,Ready,327.3,3465000,41-272-2026
2026-01-09,DUBAI CREEK HARBOUR,Creek Beach - Canopy - Moor,Apartment,3 B/R,Ready,146.61,4103888,41-339-2026
2026-01-12,EMAAR SOUTH,Greenview 2,Villa,4 B/R,Ready,259.96,3365000,41-420-2026
2026-01-12,DUBAI CREEK HARBOUR,Harbour Gate,Apartment,3 B/R,Ready,152.35,4250000,41-432-2026
2026-01-13,EMAAR SOUTH,Greenview,Villa,3 B/R,Ready,141.04,2490000,41-501-2026
2026-01-14,EMAAR SOUTH,Greenview 2,Villa,3 B/R,Ready,144.32,2500000,41-606-2026
2026-01-16,DUBAI CREEK HARBOUR,Creek Beach - Savanna-Cedar-Mangrove,Apartment,1 B/R,Ready,67.05,1560000,41-735-2026
2026-01-16,DUBAI CREEK HARBOUR,Creek Beach - Savanna-Cedar-Mangrove,Apartment,1 B/R,Ready,63.99,1480000,41-792-2026
2026-01-16,DUBAI CREEK HARBOUR,Creek Beach - Canopy - Moor,Apartment,1 B/R,Ready,66.8,1684888,41-793-2026
2026-01-16,DUBAI CREEK HARBOUR,Creek Beach - Savanna-Cedar-Mangrove,Apartment,1 B/R,Ready,63.13,1642888,41-812-2026
2026-01-20,DUBAI CREEK HARBOUR,Palace Residences - North,Apartment,2 B/R,Ready,102.43,3000000,41-917-2026
2026-01-20,DUBAI CREEK HARBOUR,Palace Residences - Dubai Creek Harbour,Apartment,1 B/R,Ready,66.2,2060000,41-922-2026
2026-01-20,DUBAI CREEK HARBOUR,Creek Beach - Savanna-Cedar-Mangrove,Apartment,2 B/R,Ready,94.87,2280000,41-939-2026
2026-02-02,DUBAI CREEK HARBOUR,Albero,Apartment,1 B/R,Off-Plan,70.09,1933888,102-10711-2026
2026-02-02,EMAAR SOUTH,Vista Ridge,Apartment,1 B/R,Off-Plan,89.25,1332888,102-11269-2026
2026-02-02,EMAAR SOUTH,Vista Ridge,Apartment,1 B/R,Off-Plan,76.69,1348888,102-11271-2026
2026-02-02,EMAAR SOUTH,Vista Ridge,Apartment,1 B/R,Off-Plan,76.71,1348888,102-11277-2026
2026-02-02,EMAAR SOUTH,Vista Ridge,Apartment,2 B/R,Off-Plan,128.48,2000888,102-11287-2026
2026-02-02,EMAAR SOUTH,Vista Ridge,Apartment,1 B/R,Off-Plan,73.79,1294888,102-11296-2026
2026-02-02,EMAAR SOUTH,Vista Ridge,Apartment,2 B/R,Off-Plan,120.08,2287888,102-11481-2026
2026-02-02,EMAAR SOUTH,Vista Ridge,Apartment,2 B/R,Off-Plan,127.41,2687888,102-11484-2026
2026-02-02,EMAAR SOUTH,Vista Ridge,Apartment,2 B/R,Off-Plan,119.46,2582190,102-11531-2026
2026-02-02,DUBAI CREEK HARBOUR,Montiva,Apartment,3 B/R,Off-Plan,170.46,4040888,102-11573-2026
2026-02-02,EMAAR SOUTH,Vista Ridge,Apartment,1 B/R,Off-Plan,76.69,1359888,102-11595-2026
2026-02-02,EMAAR SOUTH,Vista Ridge,Apartment,1 B/R,Off-Plan,76.71,1343888,102-11605-2026
2026-02-02,EMAAR SOUTH,Vista Ridge,Apartment,1 B/R,Off-Plan,73.21,1292888,102-11609-2026
2026-02-02,EMAAR SOUTH,Vista Ridge,Apartment,1 B/R,Off-Plan,73.69,1282888,102-11618-2026
2026-02-02,DUBAI CREEK HARBOUR,Creek Bay,Apartment,2 B/R,Off-Plan,115.98,4297888,102-11624-2026
2026-02-02,DUBAI CREEK HARBOUR,Altan,Apartment,2 B/R,Off-Plan,135.02,3342888,102-11632-2026
2026-02-02,DUBAI CREEK HARBOUR,Creek Haven,Apartment,2 B/R,Off-Plan,110.7,3412250,102-11634-2026
2026-02-02,DUBAI CREEK HARBOUR,Creek Haven,Apartment,2 B/R,Off-Plan,114.99,3696450,102-11642-2026
2026-02-02,DUBAI CREEK HARBOUR,Silva,Apartment,2 B/R,Off-Plan,130.34,3141888,102-11645-2026
2026-02-02,DUBAI CREEK HARBOUR,Creek Haven,Apartment,2 B/R,Off-Plan,115.05,3640888,102-11655-2026
2026-02-02,DUBAI CREEK HARBOUR,Creek Bay,Apartment,3 B/R,Off-Plan,172.34,6144888,102-11672-2026
2026-02-02,DUBAI CREEK HARBOUR,Creek Haven,Apartment,2 B/R,Off-Plan,115.05,3574930,102-11687-2026
2026-02-03,DUBAI CREEK HARBOUR,Silva,Apartment,2 B/R,Off-Plan,130.34,3170888,102-11769-2026
2026-02-03,DUBAI CREEK HARBOUR,Creek Haven,Apartment,2 B/R,Off-Plan,110.7,3534888,102-11770-2026
2026-02-03,DUBAI CREEK HARBOUR,Albero,Apartment,3 B/R,Off-Plan,171.7,4251888,102-11771-2026
2026-02-03,DUBAI CREEK HARBOUR,Altan,Apartment,3 B/R,Off-Plan,171.7,4236888,102-11772-2026
2026-02-03,DUBAI CREEK HARBOUR,Creek Haven,Apartment,2 B/R,Off-Plan,111.14,3356888,102-11773-2026
2026-02-03,DUBAI CREEK HARBOUR,Creek Haven,Apartment,2 B/R,Off-Plan,115.05,3606888,102-11774-2026
2026-02-03,DUBAI CREEK HARBOUR,Creek Haven,Apartment,1 B/R,Off-Plan,67.85,1904971,102-11775-2026
2026-02-03,DUBAI CREEK HARBOUR,Creek Haven,Apartment,1 B/R,Off-Plan,67.86,1919888,102-11776-2026
2026-02-03,DUBAI CREEK HARBOUR,Altan,Apartment,2 B/R,Off-Plan,135.02,3298888,102-11777-2026
2026-02-03,DUBAI CREEK HARBOUR,Creek Bay,Apartment,1 B/R,Off-Plan,71,2051888,102-11778-2026
2026-02-03,DUBAI CREEK HARBOUR,Creek Haven,Apartment,1 B/R,Off-Plan,81.08,1898150,102-11779-2026
2026-02-03,DUBAI CREEK HARBOUR,Silva,Apartment,2 B/R,Off-Plan,130.34,3068888,102-11780-2026
2026-02-03,DUBAI CREEK HARBOUR,Creek Haven,Apartment,3 B/R,Off-Plan,172.74,5654888,102-11781-2026
2026-02-03,DUBAI CREEK HARBOUR,Creek Haven,Apartment,1 B/R,Off-Plan,68.7,1903888,102-11782-2026
2026-02-03,DUBAI CREEK HARBOUR,Lyvia by Palace,Apartment,2 B/R,Off-Plan,115.33,3006888,102-11783-2026
2026-02-03,DUBAI CREEK HARBOUR,Lyvia by Palace,Apartment,1 B/R,Off-Plan,70.68,1981888,102-11784-2026
2026-02-03,DUBAI CREEK HARBOUR,Creek Bay,Apartment,2 B/R,Off-Plan,134.76,3264888,102-11785-2026
2026-02-03,DUBAI CREEK HARBOUR,Creek Haven,Apartment,2 B/R,Off-Plan,110.63,3315888,102-11786-2026
2026-02-03,DUBAI CREEK HARBOUR,Creek Haven,Apartment,2 B/R,Off-Plan,110.63,3359888,102-11787-2026
2026-02-03,DUBAI CREEK HARBOUR,Creek Bay,Apartment,2 B/R,Off-Plan,115.98,4289888,102-11788-2026
2026-02-03,DUBAI CREEK HARBOUR,Creek Haven,Apartment,1 B/R,Off-Plan,68.7,1944888,102-11789-2026
2026-02-03,DUBAI CREEK HARBOUR,Creek Haven,Apartment,2 B/R,Off-Plan,110.7,3574888,102-11790-2026
2026-02-03,DUBAI CREEK HARBOUR,Creek Bay,Apartment,2 B/R,Off-Plan,134.76,3352888,102-11791-2026
2026-02-03,DUBAI CREEK HARBOUR,Creek Haven,Apartment,1 B/R,Off-Plan,67.86,1861089,102-11794-2026
2026-02-03,DUBAI CREEK HARBOUR,Albero,Apartment,1 B/R,Off-Plan,70.37,1780550,102-11797-2026
2026-02-03,DUBAI CREEK HARBOUR,Altan,Apartment,1 B/R,Off-Plan,71.96,1854050,102-11799-2026
2026-02-03,DUBAI CREEK HARBOUR,Creek Bay,Apartment,2 B/R,Off-Plan,133.03,4735888,102-11801-2026
2026-02-03,DUBAI CREEK HARBOUR,Lyvia by Palace,Apartment,1 B/R,Off-Plan,70.12,1987888,102-11802-2026
2026-02-03,DUBAI CREEK HARBOUR,Creek Bay,Apartment,1 B/R,Off-Plan,68.45,1822888,102-11808-2026
2026-02-03,DUBAI CREEK HARBOUR,Creek Bay,Apartment,3 B/R,Off-Plan,172.34,6167888,102-11810-2026
2026-02-03,DUBAI CREEK HARBOUR,Creek Bay,Apartment,3 B/R,Off-Plan,171.99,5924888,102-11822-2026
2026-02-03,DUBAI CREEK HARBOUR,Creek Haven,Apartment,2 B/R,Off-Plan,110.64,3561210,102-11832-2026
2026-02-03,DUBAI CREEK HARBOUR,Montiva,Apartment,2 B/R,Off-Plan,115,2849730,102-11840-2026
2026-02-03,DUBAI CREEK HARBOUR,Creek Bay,Apartment,3 B/R,Off-Plan,172.34,5972888,102-11843-2026
2026-02-03,DUBAI CREEK HARBOUR,Montiva,Apartment,1 B/R,Off-Plan,70.13,2033888,102-11847-2026
2026-02-03,DUBAI CREEK HARBOUR,Creek Bay,Apartment,1 B/R,Off-Plan,71,2033390,102-11848-2026
2026-02-03,DUBAI CREEK HARBOUR,Creek Bay,Apartment,2 B/R,Off-Plan,134.76,3258888,102-11860-2026
2026-02-03,DUBAI CREEK HARBOUR,ARLO,Apartment,1 B/R,Off-Plan,65.87,1872888,102-11862-2026
2026-02-03,DUBAI CREEK HARBOUR,Creek Haven,Apartment,1 B/R,Off-Plan,67.86,1904888,102-11877-2026
2026-02-03,DUBAI CREEK HARBOUR,Creek Haven,Apartment,2 B/R,Off-Plan,110.64,3626888,102-11880-2026
2026-02-03,DUBAI CREEK HARBOUR,Creek Haven,Apartment,1 B/R,Off-Plan,68.7,1936888,102-11883-2026
2026-02-03,DUBAI CREEK HARBOUR,Creek Haven,Apartment,2 B/R,Off-Plan,115.05,3709888,102-11886-2026
2026-02-03,EMAAR SOUTH,Golf Lane,Villa,4 B/R,Off-Plan,354.26,5000000,102-11890-2026
2026-02-03,DUBAI CREEK HARBOUR,Creek Haven,Apartment,3 B/R,Off-Plan,172.74,5623888,102-11904-2026
2026-02-03,DUBAI CREEK HARBOUR,Creek Haven,Apartment,2 B/R,Off-Plan,111.14,3362888,102-11908-2026
2026-02-03,DUBAI CREEK HARBOUR,Creek Haven,Apartment,2 B/R,Off-Plan,111.1,3350510,102-11913-2026
2026-02-03,DUBAI CREEK HARBOUR,Creek Haven,Apartment,2 B/R,Off-Plan,115.05,3668888,102-11917-2026
2026-02-03,DUBAI CREEK HARBOUR,Creek Haven,Apartment,1 B/R,Off-Plan,68.12,1975888,102-11931-2026
2026-02-03,DUBAI CREEK HARBOUR,Creek Haven,Apartment,1 B/R,Off-Plan,67.86,1838370,102-11943-2026
2026-02-03,DUBAI CREEK HARBOUR,Lyvia by Palace,Apartment,1 B/R,Off-Plan,70.22,2115888,102-11950-2026
2026-02-03,DUBAI CREEK HARBOUR,Creek Haven,Apartment,1 B/R,Off-Plan,67.86,1930888,102-11958-2026
2026-02-03,DUBAI CREEK HARBOUR,Silva,Apartment,2 B/R,Off-Plan,130.34,3175888,102-11976-2026
2026-02-03,DUBAI CREEK HARBOUR,Lyvia by Palace,Apartment,2 B/R,Off-Plan,112.06,3265888,102-11981-2026
2026-02-03,DUBAI CREEK HARBOUR,Lyvia by Palace,Apartment,2 B/R,Off-Plan,106.28,3130888,102-11986-2026
2026-02-03,DUBAI CREEK HARBOUR,The Cove ll,Apartment,2 B/R,Off-Plan,128.75,2950000,102-11987-2026
2026-02-03,DUBAI CREEK HARBOUR,Creek Bay,Apartment,1 B/R,Off-Plan,68.45,1839888,102-12002-2026
2026-02-03,DUBAI CREEK HARBOUR,Creek Bay,Apartment,2 B/R,Off-Plan,134.76,3277888,102-12025-2026
2026-02-03,DUBAI CREEK HARBOUR,Lyvia by Palace,Apartment,2 B/R,Off-Plan,115.33,3254888,102-12028-2026
2026-02-03,DUBAI CREEK HARBOUR,Montiva,Apartment,2 B/R,Off-Plan,115,2873888,102-12035-2026
2026-02-03,EMAAR SOUTH,Golf Hills,Apartment,1 B/R,Off-Plan,62.47,1063888,102-12086-2026
2026-02-03,EMAAR SOUTH,Golf Hills,Apartment,2 B/R,Off-Plan,92.02,1676888,102-12101-2026
2026-02-03,EMAAR SOUTH,Golf Hills,Apartment,1 B/R,Off-Plan,63.19,1397888,102-12115-2026
2026-02-03,EMAAR SOUTH,Vista Ridge,Apartment,2 B/R,Off-Plan,128.47,2009888,102-12132-2026
2026-02-03,EMAAR SOUTH,Vista Ridge,Apartment,2 B/R,Off-Plan,128.47,2001888,102-12150-2026
2026-02-03,EMAAR SOUTH,Vista Ridge,Apartment,1 B/R,Off-Plan,73.19,1285888,102-12161-2026
2026-02-03,EMAAR SOUTH,Vista Ridge,Apartment,1 B/R,Off-Plan,93.37,1481888,102-12166-2026
2026-02-03,EMAAR SOUTH,Golf Hills 2,Apartment,2 B/R,Off-Plan,98.87,1612888,102-12232-2026
2026-02-04,EMAAR SOUTH,Vista Ridge,Apartment,2 B/R,Off-Plan,119.46,2410888,102-12347-2026
2026-02-04,EMAAR SOUTH,Vista Ridge,Apartment,1 B/R,Off-Plan,76.69,1356888,102-12348-2026
2026-02-04,EMAAR SOUTH,Vista Ridge,Apartment,2 B/R,Off-Plan,126.82,2452888,102-12349-2026
2026-02-04,EMAAR SOUTH,Vista Ridge,Apartment,1 B/R,Off-Plan,73.21,1280888,102-12350-2026
2026-02-04,EMAAR SOUTH,Vista Ridge,Apartment,1 B/R,Off-Plan,73.73,1305888,102-12351-2026
2026-02-04,EMAAR SOUTH,Vista Ridge,Apartment,2 B/R,Off-Plan,128.48,2019888,102-12352-2026
2026-02-04,EMAAR SOUTH,Vista Ridge,Apartment,1 B/R,Off-Plan,76.69,1338888,102-12353-2026
2026-02-04,EMAAR SOUTH,Vista Ridge,Apartment,2 B/R,Off-Plan,126.82,2196888,102-12354-2026
2026-02-04,EMAAR SOUTH,Vista Ridge,Apartment,1 B/R,Off-Plan,73.2,1275888,102-12356-2026
2026-02-04,EMAAR SOUTH,Vista Ridge,Apartment,1 B/R,Off-Plan,73.19,1275888,102-12358-2026
2026-02-04,EMAAR SOUTH,Vista Ridge,Apartment,1 B/R,Off-Plan,73.19,1277888,102-12361-2026
2026-02-04,EMAAR SOUTH,Vista Ridge,Apartment,1 B/R,Off-Plan,73.79,1289888,102-12365-2026
2026-02-04,EMAAR SOUTH,Vista Ridge,Apartment,2 B/R,Off-Plan,128.48,2011888,102-12373-2026
2026-02-04,EMAAR SOUTH,Vista Ridge,Apartment,2 B/R,Off-Plan,128.48,1996888,102-12397-2026
2026-02-04,EMAAR SOUTH,Vista Ridge,Apartment,2 B/R,Off-Plan,128.47,1997888,102-12404-2026
2026-02-04,DUBAI CREEK HARBOUR,Creek Waters 2,Apartment,1 B/R,Off-Plan,70.12,1818888,102-12427-2026
2026-02-04,EMAAR SOUTH,Vista Ridge,Apartment,2 B/R,Off-Plan,128.49,2020888,102-12435-2026
2026-02-04,DUBAI CREEK HARBOUR,Montiva,Apartment,2 B/R,Off-Plan,106.2,2772310,102-12437-2026
2026-02-04,DUBAI CREEK HARBOUR,Silva,Apartment,1 B/R,Off-Plan,70.17,1827888,102-12443-2026
2026-02-04,DUBAI CREEK HARBOUR,Montiva,Apartment,1 B/R,Off-Plan,70.13,1932888,102-12449-2026
2026-02-04,EMAAR SOUTH,Grove Ridge,Apartment,2 B/R,Off-Plan,126.84,2676888,102-12452-2026
2026-02-04,EMAAR SOUTH,Vista Ridge,Apartment,1 B/R,Off-Plan,76.71,1341888,102-12460-2026
2026-02-04,DUBAI CREEK HARBOUR,Silva,Apartment,2 B/R,Off-Plan,133.78,3231888,102-12463-2026
2026-02-04,DUBAI CREEK HARBOUR,Creek Waters 2,Apartment,2 B/R,Off-Plan,115.58,2780000,102-12470-2026
2026-02-04,DUBAI CREEK HARBOUR,Lyvia by Palace,Apartment,1 B/R,Off-Plan,84.9,2405888,102-12475-2026
2026-02-04,EMAAR SOUTH,Vista Ridge,Apartment,2 B/R,Off-Plan,128.47,2013888,102-12484-2026
2026-02-04,DUBAI CREEK HARBOUR,Lyvia by Palace,Apartment,2 B/R,Off-Plan,106.28,2957888,102-12485-2026
2026-02-04,DUBAI CREEK HARBOUR,Silva,Apartment,2 B/R,Off-Plan,130.34,3124888,102-12492-2026
2026-02-04,DUBAI CREEK HARBOUR,The Cove ll,Apartment,3 B/R,Off-Plan,169.8,6000000,102-12496-2026
2026-02-04,DUBAI CREEK HARBOUR,Silva,Apartment,2 B/R,Off-Plan,130.34,3130888,102-12498-2026
2026-02-04,EMAAR SOUTH,Golf Hills 2,Apartment,1 B/R,Off-Plan,63.19,1085888,102-12499-2026
2026-02-04,DUBAI CREEK HARBOUR,Montiva,Apartment,3 B/R,Off-Plan,170.46,4017888,102-12505-2026
2026-02-04,EMAAR SOUTH,Vista Ridge,Apartment,2 B/R,Off-Plan,128.47,2016888,102-12508-2026
2026-02-04,DUBAI CREEK HARBOUR,Lyvia by Palace,Apartment,2 B/R,Off-Plan,112.06,3091888,102-12510-2026
2026-02-04,DUBAI CREEK HARBOUR,Altan,Apartment,3 B/R,Off-Plan,171.7,4188888,102-12516-2026
2026-02-04,EMAAR SOUTH,Grove Ridge,Apartment,1 B/R,Off-Plan,76.68,1349888,102-12517-2026
2026-02-04,EMAAR SOUTH,Grove Ridge,Apartment,1 B/R,Off-Plan,73.26,1273888,102-12529-2026
2026-02-04,EMAAR SOUTH,Grove Ridge,Apartment,2 B/R,Off-Plan,120.14,2623888,102-12540-2026
2026-02-04,DUBAI CREEK HARBOUR,Creek Haven,Apartment,3 B/R,Off-Plan,172.74,5613888,102-12543-2026
2026-02-04,EMAAR SOUTH,Vista Ridge,Apartment,2 B/R,Off-Plan,140.41,2113888,102-12549-2026
2026-02-04,DUBAI CREEK HARBOUR,Creek Haven,Apartment,3 B/R,Off-Plan,172.74,5573150,102-12550-2026
2026-02-04,EMAAR SOUTH,Grove Ridge,Apartment,1 B/R,Off-Plan,74.48,1306888,102-12557-2026
2026-02-04,DUBAI CREEK HARBOUR,Lyvia by Palace,Apartment,2 B/R,Off-Plan,115.33,3225888,102-12603-2026
2026-02-04,EMAAR SOUTH,Vista Ridge,Apartment,2 B/R,Off-Plan,127.67,2599888,102-12611-2026
2026-02-04,EMAAR SOUTH,Vista Ridge,Apartment,2 B/R,Off-Plan,128.48,2015888,102-12622-2026
2026-02-04,EMAAR SOUTH,Vista Ridge,Apartment,1 B/R,Off-Plan,76.71,1341888,102-12632-2026
2026-02-04,EMAAR SOUTH,Vista Ridge,Apartment,2 B/R,Off-Plan,119.46,2547888,102-12642-2026
2026-02-04,EMAAR SOUTH,Vista Ridge,Apartment,1 B/R,Off-Plan,76.69,1354888,102-12651-2026
2026-02-04,EMAAR SOUTH,Golf Hills 2,Apartment,3 B/R,Off-Plan,161.55,2998888,102-12670-2026
2026-02-04,EMAAR SOUTH,Grove Ridge,Apartment,1 B/R,Off-Plan,73.26,1260170,102-12683-2026
2026-02-04,EMAAR SOUTH,Grove Ridge,Apartment,2 B/R,Off-Plan,120.13,2624888,102-12733-2026
2026-02-04,EMAAR SOUTH,Grove Ridge,Apartment,2 B/R,Off-Plan,127.07,2697888,102-12750-2026
2026-02-04,EMAAR SOUTH,Grove Ridge,Apartment,2 B/R,Off-Plan,128.28,1992888,102-12772-2026
2026-02-04,EMAAR SOUTH,Grove Ridge,Apartment,1 B/R,Off-Plan,73.26,1293888,102-12774-2026
2026-02-04,EMAAR SOUTH,Grove Ridge,Apartment,2 B/R,Off-Plan,127.07,2686888,102-12777-2026
2026-02-04,EMAAR SOUTH,Grove Ridge,Apartment,2 B/R,Off-Plan,120.14,2629888,102-12785-2026
2026-02-04,EMAAR SOUTH,Grove Ridge,Apartment,2 B/R,Off-Plan,128.28,2019888,102-12797-2026
2026-02-04,DUBAI CREEK HARBOUR,Montiva,Apartment,2 B/R,Off-Plan,111.98,2962888,102-12826-2026
2026-02-04,DUBAI CREEK HARBOUR,Creek Bay,Apartment,1 B/R,Off-Plan,68.45,1860888,102-12831-2026
2026-02-04,DUBAI CREEK HARBOUR,Creek Haven,Apartment,2 B/R,Off-Plan,115.05,2896888,102-12837-2026
2026-02-04,DUBAI CREEK HARBOUR,Creek Haven,Apartment,1 B/R,Off-Plan,68.7,1888888,102-12839-2026
2026-02-04,DUBAI CREEK HARBOUR,Montiva,Apartment,2 B/R,Off-Plan,106.2,2822888,102-12844-2026
2026-02-04,DUBAI CREEK HARBOUR,Creek Haven,Apartment,2 B/R,Off-Plan,111.14,3293888,102-12851-2026
2026-02-04,DUBAI CREEK HARBOUR,Creek Haven,Apartment,2 B/R,Off-Plan,111.14,3281888,102-12853-2026
2026-02-04,DUBAI CREEK HARBOUR,Creek Haven,Apartment,2 B/R,Off-Plan,110.59,3409888,102-12862-2026
2026-02-05,DUBAI CREEK HARBOUR,Creek Haven,Apartment,1 B/R,Off-Plan,67.86,1875888,102-13374-2026
2026-02-05,DUBAI CREEK HARBOUR,Silva,Apartment,2 B/R,Off-Plan,130.34,3040888,102-13394-2026
2026-02-06,EMAAR SOUTH,Golf Point,Apartment,1 B/R,Off-Plan,62.67,1175000,102-13487-2026
2026-02-06,DUBAI CREEK HARBOUR,Creek Bay,Apartment,2 B/R,Off-Plan,133.03,4673888,102-13489-2026
2026-02-06,DUBAI CREEK HARBOUR,Creek Bay,Apartment,2 B/R,Off-Plan,134.76,3333888,102-13490-2026
2026-02-06,DUBAI CREEK HARBOUR,Creek Bay,Apartment,3 B/R,Off-Plan,172.34,6156888,102-13492-2026
2026-02-06,DUBAI CREEK HARBOUR,Creek Haven,Apartment,1 B/R,Off-Plan,67.86,1864888,102-13494-2026
2026-02-06,DUBAI CREEK HARBOUR,Albero,Apartment,3 B/R,Off-Plan,171.7,4188888,102-13495-2026
2026-02-06,EMAAR SOUTH,Golf Point,Apartment,1 B/R,Off-Plan,84.06,1000000,102-13498-2026
2026-02-06,DUBAI CREEK HARBOUR,Altan,Apartment,2 B/R,Off-Plan,133.49,3557888,102-13501-2026
2026-02-06,DUBAI CREEK HARBOUR,Altan,Apartment,3 B/R,Off-Plan,171.7,4196888,102-13502-2026
2026-02-06,DUBAI CREEK HARBOUR,Creek Haven,Apartment,2 B/R,Off-Plan,111.14,3312888,102-13508-2026
2026-02-06,EMAAR SOUTH,Golf Point,Apartment,1 B/R,Off-Plan,63.06,1040000,102-13559-2026
2026-02-06,EMAAR SOUTH,Vista Ridge,Apartment,2 B/R,Off-Plan,127.67,2203888,102-13645-2026
2026-02-06,EMAAR SOUTH,Golf Hills,Apartment,1 B/R,Off-Plan,63.19,1324888,102-13740-2026
2026-02-06,EMAAR SOUTH,Vista Ridge,Apartment,1 B/R,Off-Plan,73.21,1287888,102-13754-2026
2026-02-06,EMAAR SOUTH,Grove Ridge,Apartment,2 B/R,Off-Plan,128.28,2007888,102-13768-2026
2026-02-06,EMAAR SOUTH,Vista Ridge,Apartment,1 B/R,Off-Plan,73.21,1282888,102-13772-2026
2026-02-06,EMAAR SOUTH,Vista Ridge,Apartment,1 B/R,Off-Plan,73.73,1303888,102-13782-2026
2026-02-06,EMAAR SOUTH,Grove Ridge,Apartment,1 B/R,Off-Plan,76.68,1338888,102-13791-2026
2026-02-06,EMAAR SOUTH,Vista Ridge,Apartment,1 B/R,Off-Plan,76.69,1361888,102-13797-2026
2026-02-06,EMAAR SOUTH,Vista Ridge,Apartment,2 B/R,Off-Plan,127.67,2460888,102-13804-2026
2026-02-06,EMAAR SOUTH,Vista Ridge,Apartment,1 B/R,Off-Plan,76.69,1309170,102-13816-2026
2026-02-06,DUBAI CREEK HARBOUR,Creek Bay,Apartment,3 B/R,Off-Plan,226.53,6346888,102-13821-2026
2026-02-06,DUBAI CREEK HARBOUR,Silva,Apartment,3 B/R,Off-Plan,302.22,6312888,102-13836-2026
2026-02-06,DUBAI CREEK HARBOUR,Creek Bay,Apartment,2 B/R,Off-Plan,133.03,4727888,102-13841-2026
2026-02-06,DUBAI CREEK HARBOUR,Albero,Apartment,3 B/R,Off-Plan,171.65,4362850,102-13847-2026
2026-02-06,DUBAI CREEK HARBOUR,Creek Bay,Apartment,2 B/R,Off-Plan,115.98,4361888,102-13854-2026
2026-02-06,DUBAI CREEK HARBOUR,Altan,Apartment,3 B/R,Off-Plan,171.7,4244888,102-13859-2026
2026-02-06,DUBAI CREEK HARBOUR,Altan,Apartment,3 B/R,Off-Plan,171.7,4220888,102-13862-2026
2026-02-06,DUBAI CREEK HARBOUR,Creek Bay,Apartment,2 B/R,Off-Plan,115.98,4200888,102-13873-2026
2026-02-06,DUBAI CREEK HARBOUR,Creek Bay,Apartment,2 B/R,Off-Plan,115.9,4189888,102-13877-2026
2026-02-06,DUBAI CREEK HARBOUR,Albero,Apartment,3 B/R,Off-Plan,171.7,4172888,102-13882-2026
2026-02-06,DUBAI CREEK HARBOUR,Altan,Apartment,3 B/R,Off-Plan,171.7,4172888,102-13885-2026
2026-02-06,DUBAI CREEK HARBOUR,Altan,Apartment,2 B/R,Off-Plan,133.49,3669888,102-13898-2026
2026-02-06,DUBAI CREEK HARBOUR,Creek Haven,Apartment,2 B/R,Off-Plan,115.05,3620888,102-13921-2026
2026-02-06,DUBAI CREEK HARBOUR,Creek Haven,Apartment,2 B/R,Off-Plan,110.7,3507888,102-13940-2026
2026-02-06,DUBAI CREEK HARBOUR,Montiva,Apartment,1 B/R,Off-Plan,92.77,2122888,102-13946-2026
2026-02-06,DUBAI CREEK HARBOUR,Creek Haven,Apartment,1 B/R,Off-Plan,68.69,1992888,102-13953-2026
2026-02-09,EMAAR SOUTH,Golf Hills,Apartment,1 B/R,Off-Plan,63.19,1391888,102-14117-2026
2026-02-09,EMAAR SOUTH,Golf Hills,Apartment,1 B/R,Off-Plan,62.81,1248888,102-14121-2026
2026-02-09,EMAAR SOUTH,Vista Ridge,Apartment,1 B/R,Off-Plan,73.73,1295888,102-14125-2026
2026-02-09,EMAAR SOUTH,Vista Ridge,Apartment,2 B/R,Off-Plan,128.48,2007888,102-14132-2026
2026-02-09,EMAAR SOUTH,Grove Ridge,Apartment,1 B/R,Off-Plan,74.48,1304888,102-14136-2026
2026-02-09,EMAAR SOUTH,Vista Ridge,Apartment,1 B/R,Off-Plan,73.2,1285888,102-14140-2026
2026-02-09,EMAAR SOUTH,Vista Ridge,Apartment,1 B/R,Off-Plan,73.19,1280888,102-14152-2026
2026-02-09,EMAAR SOUTH,Grove Ridge,Apartment,2 B/R,Off-Plan,127.78,1995888,102-14166-2026
2026-02-09,EMAAR SOUTH,Grove Ridge,Apartment,1 B/R,Off-Plan,76.68,1343888,102-14176-2026
2026-02-09,EMAAR SOUTH,Grove Ridge,Apartment,1 B/R,Off-Plan,74.48,1301888,102-14187-2026
2026-02-09,EMAAR SOUTH,Grove Ridge,Apartment,1 B/R,Off-Plan,76.68,1354888,102-14195-2026
2026-02-09,EMAAR SOUTH,Grove Ridge,Apartment,1 B/R,Off-Plan,73.26,1288888,102-14200-2026
2026-02-09,EMAAR SOUTH,Grove Ridge,Apartment,3 B/R,Off-Plan,162.99,3519888,102-14224-2026
2026-02-09,EMAAR SOUTH,Grove Ridge,Apartment,2 B/R,Off-Plan,154.65,2081888,102-14232-2026
2026-02-09,EMAAR SOUTH,Grove Ridge,Apartment,2 B/R,Off-Plan,126.84,2681888,102-14261-2026
2026-02-09,EMAAR SOUTH,Grove Ridge,Apartment,2 B/R,Off-Plan,126.84,2691888,102-14276-2026
2026-02-09,EMAAR SOUTH,Grove Ridge,Apartment,2 B/R,Off-Plan,127.61,1980888,102-14279-2026
2026-02-09,DUBAI CREEK HARBOUR,Altan,Apartment,1 B/R,Off-Plan,71.38,1875888,102-14289-2026
2026-02-09,DUBAI CREEK HARBOUR,Creek Haven,Apartment,1 B/R,Off-Plan,67.85,1959888,102-14328-2026
2026-02-09,DUBAI CREEK HARBOUR,Creek Haven,Apartment,2 B/R,Off-Plan,110.43,2680888,102-14351-2026
2026-02-09,DUBAI CREEK HARBOUR,Creek Bay,Apartment,2 B/R,Off-Plan,134.76,3377888,102-14376-2026
2026-02-09,DUBAI CREEK HARBOUR,Lyvia by Palace,Apartment,1 B/R,Off-Plan,84.9,2424888,102-14400-2026
2026-02-09,DUBAI CREEK HARBOUR,Lyvia by Palace,Apartment,2 B/R,Off-Plan,106.28,3193888,102-14419-2026
2026-02-09,DUBAI CREEK HARBOUR,Albero,Apartment,3 B/R,Off-Plan,171.65,4469888,102-14429-2026
2026-02-09,DUBAI CREEK HARBOUR,Creek Haven,Apartment,1 B/R,Off-Plan,68.13,1883888,102-14435-2026
2026-02-09,DUBAI CREEK HARBOUR,Creek Haven,Apartment,2 B/R,Off-Plan,110.63,3302888,102-14462-2026
2026-02-09,EMAAR SOUTH,Grove Ridge,Apartment,2 B/R,Off-Plan,126.84,2671888,102-14476-2026
2026-02-09,EMAAR SOUTH,Grove Ridge,Apartment,2 B/R,Off-Plan,119.19,2626888,102-14484-2026
2026-02-09,DUBAI CREEK HARBOUR,Creek Bay,Apartment,2 B/R,Off-Plan,134.76,3295888,102-14487-2026
2026-02-09,EMAAR SOUTH,Golf Hills,Apartment,3 B/R,Off-Plan,233.25,2942888,102-14499-2026
2026-02-09,EMAAR SOUTH,Vista Ridge,Apartment,2 B/R,Off-Plan,128.48,1996888,102-14508-2026
2026-02-09,DUBAI CREEK HARBOUR,Silva,Apartment,2 B/R,Off-Plan,130.34,3129030,102-14510-2026
2026-02-09,EMAAR SOUTH,Grove Ridge,Apartment,1 B/R,Off-Plan,76.68,1359888,102-14516-2026
2026-02-09,DUBAI CREEK HARBOUR,Silva,Apartment,2 B/R,Off-Plan,130.34,3232888,102-14517-2026
2026-02-09,EMAAR SOUTH,Vista Ridge,Apartment,2 B/R,Off-Plan,128.48,2000888,102-14523-2026
2026-02-09,EMAAR SOUTH,Vista Ridge,Apartment,2 B/R,Off-Plan,119.46,2159888,102-14526-2026
2026-02-09,EMAAR SOUTH,Grove Ridge,Apartment,2 B/R,Off-Plan,120.13,2634888,102-14528-2026
2026-02-09,DUBAI CREEK HARBOUR,Creek Haven,Apartment,2 B/R,Off-Plan,111.14,3331888,102-14529-2026
2026-02-09,DUBAI CREEK HARBOUR,Creek Bay,Apartment,1 B/R,Off-Plan,68.45,1843888,102-14530-2026
2026-02-09,EMAAR SOUTH,Vista Ridge,Apartment,1 B/R,Off-Plan,73.21,1295888,102-14531-2026
2026-02-09,EMAAR SOUTH,Vista Ridge,Apartment,2 B/R,Off-Plan,128.37,2024888,102-14534-2026
2026-02-09,DUBAI CREEK HARBOUR,Montiva,Apartment,2 B/R,Off-Plan,106.21,2822888,102-14536-2026
2026-02-09,DUBAI CREEK HARBOUR,Creek Bay,Apartment,2 B/R,Off-Plan,134.76,3283888,102-14541-2026
2026-02-09,EMAAR SOUTH,Vista Ridge,Apartment,2 B/R,Off-Plan,128.49,2017888,102-14543-2026
2026-02-09,EMAAR SOUTH,Grove Ridge,Apartment,2 B/R,Off-Plan,127.78,2010888,102-14544-2026
2026-02-09,DUBAI CREEK HARBOUR,Altan,Apartment,2 B/R,Off-Plan,133.34,3375888,102-14546-2026
2026-02-09,DUBAI CREEK HARBOUR,Silva,Apartment,2 B/R,Off-Plan,130.34,3158888,102-14549-2026
2026-02-09,DUBAI CREEK HARBOUR,Creek Bay,Apartment,2 B/R,Off-Plan,134.76,3264888,102-14555-2026
2026-02-09,EMAAR SOUTH,Vista Ridge,Apartment,1 B/R,Off-Plan,73.73,1290888,102-14557-2026
2026-02-09,EMAAR SOUTH,Grove Ridge,Apartment,1 B/R,Off-Plan,74.48,1296888,102-14562-2026
2026-02-09,EMAAR SOUTH,Vista Ridge,Apartment,2 B/R,Off-Plan,127.41,2682888,102-14563-2026
2026-02-09,EMAAR SOUTH,Golf Meadow,Apartment,3 B/R,Off-Plan,145.96,2738888,102-14568-2026
2026-02-09,EMAAR SOUTH,Vista Ridge,Apartment,2 B/R,Off-Plan,128.48,2020888,102-14571-2026
2026-02-09,DUBAI CREEK HARBOUR,Silva,Apartment,2 B/R,Off-Plan,130.34,3187888,102-14573-2026
2026-02-09,EMAAR SOUTH,Vista Ridge,Apartment,2 B/R,Off-Plan,119.46,2284888,102-14575-2026
2026-02-09,EMAAR SOUTH,Vista Ridge,Apartment,2 B/R,Off-Plan,128.48,2023888,102-14578-2026
2026-02-09,EMAAR SOUTH,Vista Ridge,Apartment,2 B/R,Off-Plan,128.49,2024888,102-14581-2026
2026-02-09,EMAAR SOUTH,Vista Ridge,Apartment,2 B/R,Off-Plan,127.67,2594888,102-14583-2026
2026-02-09,DUBAI CREEK HARBOUR,Creek Haven,Apartment,2 B/R,Off-Plan,111.14,3318888,102-14585-2026
2026-02-09,DUBAI CREEK HARBOUR,Creek Haven,Apartment,2 B/R,Off-Plan,110.63,3290888,102-14593-2026
2026-02-09,EMAAR SOUTH,Vista Ridge,Apartment,2 B/R,Off-Plan,128.48,1992888,102-14596-2026
2026-02-09,DUBAI CREEK HARBOUR,Creek Bay,Apartment,2 B/R,Off-Plan,134.76,3364888,102-14602-2026
2026-02-09,DUBAI CREEK HARBOUR,Creek Haven,Apartment,1 B/R,Off-Plan,67.86,1893888,102-14606-2026
2026-02-09,DUBAI CREEK HARBOUR,Silva,Apartment,2 B/R,Off-Plan,130.34,3062888,102-14608-2026
2026-02-10,EMAAR SOUTH,Vista Ridge,Apartment,2 B/R,Off-Plan,127.67,2684888,102-14703-2026
2026-02-10,EMAAR SOUTH,Vista Ridge,Apartment,1 B/R,Off-Plan,73.79,1291888,102-14705-2026
2026-02-10,EMAAR SOUTH,Vista Ridge,Apartment,2 B/R,Off-Plan,128.47,2001888,102-14713-2026
2026-02-10,EMAAR SOUTH,Vista Ridge,Apartment,1 B/R,Off-Plan,73.21,1290888,102-14718-2026
2026-02-10,EMAAR SOUTH,Vista Ridge,Apartment,1 B/R,Off-Plan,76.69,1359888,102-14723-2026
2026-02-10,EMAAR SOUTH,Vista Ridge,Apartment,2 B/R,Off-Plan,128.48,2007888,102-14728-2026
2026-02-10,EMAAR SOUTH,Vista Ridge,Apartment,2 B/R,Off-Plan,118.78,2536888,102-14732-2026
2026-02-10,EMAAR SOUTH,Grove Ridge,Apartment,2 B/R,Off-Plan,127.78,2014888,102-14746-2026
2026-02-10,DUBAI CREEK HARBOUR,Creek Waters 2,Apartment,2 B/R,Off-Plan,112.7,2640000,102-14989-2026
2026-02-10,EMAAR SOUTH,Vista Ridge,Apartment,1 B/R,Off-Plan,73.21,1292888,102-14998-2026
2026-02-10,EMAAR SOUTH,Grove Ridge,Apartment,2 B/R,Off-Plan,126.85,2655888,102-15030-2026
2026-02-10,EMAAR SOUTH,Vista Ridge,Apartment,2 B/R,Off-Plan,119.43,2639888,102-15039-2026
2026-02-11,DUBAI CREEK HARBOUR,Address Residences l Dubai Creek Harbour,Apartment,1 B/R,Off-Plan,74.24,2037888,102-15364-2026
2026-02-11,DUBAI CREEK HARBOUR,Creek Bay,Apartment,1 B/R,Off-Plan,68.45,1808888,102-15377-2026
2026-02-11,EMAAR SOUTH,Greenway,Villa,3 B/R,Off-Plan,172.82,3406888,102-15615-2026
2026-02-11,EMAAR SOUTH,Golf Point,Apartment,1 B/R,Off-Plan,63.11,912888,102-15627-2026
2026-02-12,DUBAI CREEK HARBOUR,Montiva,Apartment,1 B/R,Off-Plan,73.02,1974888,102-15829-2026
2026-02-12,DUBAI CREEK HARBOUR,Creek Haven,Apartment,2 B/R,Off-Plan,115.28,3744888,102-15830-2026
2026-02-12,DUBAI CREEK HARBOUR,Creek Bay,Apartment,2 B/R,Off-Plan,134.76,3339888,102-15832-2026
2026-02-12,DUBAI CREEK HARBOUR,Altan,Apartment,2 B/R,Off-Plan,133.34,3313888,102-15833-2026
2026-02-12,DUBAI CREEK HARBOUR,Creek Haven,Apartment,3 B/R,Off-Plan,173.06,5644888,102-15834-2026
2026-02-12,DUBAI CREEK HARBOUR,Altan,Apartment,1 B/R,Off-Plan,70.99,2064888,102-15835-2026
2026-02-12,DUBAI CREEK HARBOUR,Altan,Apartment,1 B/R,Off-Plan,70.37,1834888,102-15836-2026
2026-02-12,DUBAI CREEK HARBOUR,Montiva,Apartment,1 B/R,Off-Plan,70.63,2039888,102-15837-2026
2026-02-12,DUBAI CREEK HARBOUR,Creek Bay,Apartment,2 B/R,Off-Plan,133.03,4682888,102-15838-2026
2026-02-12,DUBAI CREEK HARBOUR,Creek Haven,Apartment,2 B/R,Off-Plan,111.02,3400888,102-15861-2026
2026-02-12,DUBAI CREEK HARBOUR,Creek Haven,Apartment,2 B/R,Off-Plan,110.6,3277888,102-15866-2026
2026-02-12,DUBAI CREEK HARBOUR,Altan,Apartment,2 B/R,Off-Plan,133.49,3488888,102-15867-2026
2026-02-12,DUBAI CREEK HARBOUR,Creek Bay,Apartment,1 B/R,Off-Plan,71,2110888,102-15870-2026
2026-02-12,DUBAI CREEK HARBOUR,Altan,Apartment,1 B/R,Off-Plan,71.96,1888888,102-15873-2026
2026-02-12,DUBAI CREEK HARBOUR,Creek Haven,Apartment,1 B/R,Off-Plan,67.86,1967888,102-15877-2026
2026-02-12,DUBAI CREEK HARBOUR,Montiva,Apartment,2 B/R,Off-Plan,106.21,2834888,102-15880-2026
2026-02-12,DUBAI CREEK HARBOUR,Creek Haven,Apartment,2 B/R,Off-Plan,110.45,3363888,102-15881-2026
2026-02-12,DUBAI CREEK HARBOUR,Creek Bay,Apartment,2 B/R,Off-Plan,116.1,4189888,102-15883-2026
2026-02-12,DUBAI CREEK HARBOUR,Altan,Apartment,2 B/R,Off-Plan,133.34,3307888,102-15887-2026
2026-02-12,DUBAI CREEK HARBOUR,Silva,Apartment,3 B/R,Off-Plan,170.38,3927888,102-15889-2026
2026-02-12,DUBAI CREEK HARBOUR,Altan,Apartment,3 B/R,Off-Plan,171.7,4180888,102-15890-2026
2026-02-12,DUBAI CREEK HARBOUR,Albero,Apartment,3 B/R,Off-Plan,171.7,4283888,102-15893-2026
2026-02-12,EMAAR SOUTH,Greenway,Villa,4 B/R,Off-Plan,264.6,3685888,102-15941-2026
2026-02-12,DUBAI CREEK HARBOUR,Creek Bay,Apartment,3 B/R,Off-Plan,172.34,6041888,102-16120-2026
2026-02-12,DUBAI CREEK HARBOUR,ARLO,Apartment,3 B/R,Off-Plan,304.32,5695888,102-16125-2026
2026-02-13,EMAAR SOUTH,Vista Ridge,Apartment,2 B/R,Off-Plan,128.47,2013888,102-16325-2026
2026-02-13,EMAAR SOUTH,Vista Ridge,Apartment,2 B/R,Off-Plan,120.08,2413888,102-16327-2026
2026-02-13,EMAAR SOUTH,Grove Ridge,Apartment,2 B/R,Off-Plan,120.14,2639888,102-16330-2026
2026-02-13,EMAAR SOUTH,Grove Ridge,Apartment,1 B/R,Off-Plan,73.26,1290888,102-16332-2026
2026-02-13,EMAAR SOUTH,Vista Ridge,Apartment,2 B/R,Off-Plan,155.75,2177888,102-16333-2026
2026-02-13,EMAAR SOUTH,Vista Ridge,Apartment,2 B/R,Off-Plan,127.67,2679888,102-16334-2026
2026-02-13,EMAAR SOUTH,Vista Ridge,Apartment,2 B/R,Off-Plan,156.9,2091888,102-16336-2026
2026-02-13,EMAAR SOUTH,Golf Hills,Apartment,3 B/R,Off-Plan,161.55,2919888,102-16337-2026
2026-02-13,EMAAR SOUTH,Grove Ridge,Apartment,2 B/R,Off-Plan,128.28,1996888,102-16339-2026
2026-02-13,EMAAR SOUTH,Vista Ridge,Apartment,1 B/R,Off-Plan,76.69,1356888,102-16342-2026
2026-02-13,EMAAR SOUTH,Grove Ridge,Apartment,2 B/R,Off-Plan,128.28,2000888,102-16347-2026
2026-02-13,DUBAI CREEK HARBOUR,Altan,Apartment,1 B/R,Off-Plan,70.37,1816888,102-16375-2026
2026-02-13,EMAAR SOUTH,Vista Ridge,Apartment,1 B/R,Off-Plan,73.77,1304888,102-16619-2026
2026-02-14,EMAAR SOUTH,Golf Verge,Apartment,1 B/R,Off-Plan,74.23,1260888,102-16775-2026
2026-02-16,DUBAI CREEK HARBOUR,Creek Haven,Apartment,2 B/R,Off-Plan,110.71,3451450,102-16855-2026
2026-02-16,DUBAI CREEK HARBOUR,Creek Bay,Apartment,2 B/R,Off-Plan,129.71,4589888,102-16856-2026
2026-02-16,DUBAI CREEK HARBOUR,Altan,Apartment,2 B/R,Off-Plan,133.49,3529888,102-16860-2026
2026-02-16,DUBAI CREEK HARBOUR,Creek Bay,Apartment,3 B/R,Off-Plan,172.34,6064888,102-16861-2026
2026-02-16,DUBAI CREEK HARBOUR,Albero,Apartment,1 B/R,Off-Plan,70.37,1813888,102-16865-2026
2026-02-16,DUBAI CREEK HARBOUR,Creek Bay,Apartment,2 B/R,Off-Plan,134.76,3308888,102-16866-2026
2026-02-16,DUBAI CREEK HARBOUR,Altan,Apartment,2 B/R,Off-Plan,133.49,3543888,102-16867-2026
2026-02-16,EMAAR SOUTH,Grove Ridge,Apartment,2 B/R,Off-Plan,127.78,2003888,102-16889-2026
2026-02-16,EMAAR SOUTH,Golf Meadow,Apartment,2 B/R,Off-Plan,100.61,2128888,102-16891-2026
2026-02-16,EMAAR SOUTH,Grove Ridge,Apartment,1 B/R,Off-Plan,74.47,1286888,102-16894-2026
2026-02-16,EMAAR SOUTH,Grove Ridge,Apartment,1 B/R,Off-Plan,76.68,1341888,102-16899-2026
2026-02-16,EMAAR SOUTH,Grove Ridge,Apartment,2 B/R,Off-Plan,127.07,2691888,102-16903-2026
2026-02-16,EMAAR SOUTH,Grove Ridge,Apartment,2 B/R,Off-Plan,128.28,2015888,102-16905-2026
2026-02-16,DUBAI CREEK HARBOUR,The Cove ll,Apartment,2 B/R,Off-Plan,105.81,2460000,102-16907-2026
2026-02-16,EMAAR SOUTH,Vista Ridge,Apartment,1 B/R,Off-Plan,73.79,1299888,102-16912-2026
2026-02-16,EMAAR SOUTH,Golf Hills 2,Apartment,2 B/R,Off-Plan,98.87,1527625,102-17205-2026
2026-02-17,DUBAI CREEK HARBOUR,The Cove ll,Apartment,2 B/R,Off-Plan,105.35,3065000,102-17642-2026
2026-02-17,DUBAI CREEK HARBOUR,ARLO,Apartment,2 B/R,Off-Plan,116.91,2840888,102-17645-2026
2026-02-17,DUBAI CREEK HARBOUR,Lyvia by Palace,Apartment,2 B/R,Off-Plan,115.33,3156888,102-17783-2026
2026-02-17,DUBAI CREEK HARBOUR,Creek Bay,Apartment,2 B/R,Off-Plan,134.76,3371888,102-17787-2026
2026-02-17,DUBAI CREEK HARBOUR,Creek Haven,Apartment,2 B/R,Off-Plan,111.02,3287888,102-17790-2026
2026-02-17,DUBAI CREEK HARBOUR,Altan,Apartment,1 B/R,Off-Plan,70.37,1813888,102-17794-2026
2026-02-18,DUBAI CREEK HARBOUR,Silva,Apartment,1 B/R,Off-Plan,69.08,1803888,102-17897-2026
2026-02-18,DUBAI CREEK HARBOUR,The Cove ll,Apartment,4 B/R,Off-Plan,459.93,13600000,102-18075-2026
2026-02-18,DUBAI CREEK HARBOUR,The Cove ll,Apartment,1 B/R,Off-Plan,74.71,1670000,102-18138-2026
2026-02-18,DUBAI CREEK HARBOUR,Palace Residences Creek Blue,Apartment,2 B/R,Off-Plan,114.56,3609888,102-18194-2026
2026-02-19,DUBAI CREEK HARBOUR,The Cove ll,Apartment,3 B/R,Off-Plan,169.8,5800000,102-18574-2026
2026-02-20,DUBAI CREEK HARBOUR,Creek Waters,Apartment,4 B/R,Off-Plan,226.73,6310888,102-18653-2026
2026-02-20,DUBAI CREEK HARBOUR,The Cove ll,Apartment,4 B/R,Off-Plan,643.57,14400000,102-18799-2026
2026-02-20,DUBAI CREEK HARBOUR,Creek Waters 2,Apartment,1 B/R,Off-Plan,70.8,1890000,102-18832-2026
2026-02-20,DUBAI CREEK HARBOUR,Creek Haven,Apartment,2 B/R,Off-Plan,111.04,2776888,102-18853-2026
2026-02-20,DUBAI CREEK HARBOUR,Creek Bay,Apartment,2 B/R,Off-Plan,134.76,3277888,102-18925-2026
2026-02-20,DUBAI CREEK HARBOUR,Creek Bay,Apartment,3 B/R,Off-Plan,172.34,6075888,102-18926-2026
2026-02-20,DUBAI CREEK HARBOUR,Creek Bay,Apartment,2 B/R,Off-Plan,134.76,3364888,102-18929-2026
2026-02-20,DUBAI CREEK HARBOUR,Albero,Apartment,3 B/R,Off-Plan,171.7,4180888,102-18931-2026
2026-02-20,DUBAI CREEK HARBOUR,Creek Bay,Apartment,2 B/R,Off-Plan,134.56,3384888,102-18935-2026
2026-02-20,DUBAI CREEK HARBOUR,Montiva,Apartment,1 B/R,Off-Plan,71.09,1916888,102-18936-2026
2026-02-20,DUBAI CREEK HARBOUR,Creek Haven,Apartment,1 B/R,Off-Plan,68.13,1872888,102-18937-2026
2026-02-20,DUBAI CREEK HARBOUR,Lyvia by Palace,Apartment,3 B/R,Off-Plan,170.5,4174888,102-18938-2026
2026-02-20,DUBAI CREEK HARBOUR,Creek Haven,Apartment,2 B/R,Off-Plan,110.71,3514888,102-18941-2026
2026-02-20,DUBAI CREEK HARBOUR,Creek Haven,Apartment,1 B/R,Off-Plan,67.86,1827590,102-18944-2026
2026-02-20,DUBAI CREEK HARBOUR,Creek Haven,Apartment,2 B/R,Off-Plan,115.28,3070230,102-18945-2026
2026-02-20,DUBAI CREEK HARBOUR,Montiva,Apartment,1 B/R,Off-Plan,70.63,1867770,102-18946-2026
2026-02-20,DUBAI CREEK HARBOUR,Lyvia by Palace,Apartment,2 B/R,Off-Plan,106.29,3055888,102-18947-2026
2026-02-20,DUBAI CREEK HARBOUR,Altan,Apartment,3 B/R,Off-Plan,171.7,4164888,102-18952-2026
2026-02-20,DUBAI CREEK HARBOUR,Altan,Apartment,1 B/R,Off-Plan,70.37,1816888,102-18953-2026
2026-02-20,DUBAI CREEK HARBOUR,Creek Bay,Apartment,2 B/R,Off-Plan,134.76,3193710,102-18955-2026
2026-02-20,DUBAI CREEK HARBOUR,Creek Haven,Apartment,1 B/R,Off-Plan,68.69,1921888,102-18956-2026
2026-02-20,DUBAI CREEK HARBOUR,Creek Haven,Apartment,2 B/R,Off-Plan,115.28,3634888,102-18957-2026
2026-02-20,DUBAI CREEK HARBOUR,Creek Bay,Apartment,2 B/R,Off-Plan,134.76,3270888,102-18958-2026
2026-02-20,DUBAI CREEK HARBOUR,Lyvia by Palace,Apartment,2 B/R,Off-Plan,106.28,2997888,102-18959-2026
2026-02-20,DUBAI CREEK HARBOUR,Lyvia by Palace,Apartment,1 B/R,Off-Plan,84.9,2410888,102-18960-2026
2026-02-20,DUBAI CREEK HARBOUR,Montiva,Apartment,2 B/R,Off-Plan,111.98,2849172,102-18963-2026
2026-02-21,DUBAI CREEK HARBOUR,The Cove ll,Apartment,3 B/R,Off-Plan,86.89,2306000,102-19082-2026
2026-02-23,DUBAI CREEK HARBOUR,Montiva,Apartment,2 B/R,Off-Plan,106.2,3027888,102-19152-2026
2026-02-23,DUBAI CREEK HARBOUR,Creek Haven,Apartment,2 B/R,Off-Plan,110.71,2795888,102-19154-2026
2026-02-23,DUBAI CREEK HARBOUR,Silva,Apartment,2 B/R,Off-Plan,130.34,3045888,102-19156-2026
2026-02-23,DUBAI CREEK HARBOUR,Montiva,Apartment,1 B/R,Off-Plan,84.97,2326888,102-19160-2026
2026-02-23,DUBAI CREEK HARBOUR,Creek Haven,Apartment,2 B/R,Off-Plan,110.6,2892431,102-19161-2026
2026-02-23,DUBAI CREEK HARBOUR,Creek Haven,Apartment,2 B/R,Off-Plan,110.44,2712888,102-19162-2026
2026-02-23,DUBAI CREEK HARBOUR,Creek Bay,Apartment,2 B/R,Off-Plan,134.76,3283888,102-19163-2026
2026-02-23,DUBAI CREEK HARBOUR,Creek Haven,Apartment,2 B/R,Off-Plan,111.02,2843888,102-19164-2026
2026-02-23,DUBAI CREEK HARBOUR,Altan,Apartment,3 B/R,Off-Plan,171.7,4156888,102-19165-2026
2026-02-23,DUBAI CREEK HARBOUR,Montiva,Apartment,1 B/R,Off-Plan,84.97,2322888,102-19167-2026
2026-02-23,DUBAI CREEK HARBOUR,Creek Waters,Apartment,1 B/R,Off-Plan,70,1751888,102-19199-2026
2026-02-23,DUBAI CREEK HARBOUR,Silva,Apartment,2 B/R,Off-Plan,133.78,3254888,102-19233-2026
2026-02-23,DUBAI CREEK HARBOUR,Creek Bay,Apartment,2 B/R,Off-Plan,115.98,4216888,102-19396-2026
2026-02-23,EMAAR SOUTH,Golf Point,Apartment,1 B/R,Off-Plan,62.68,1110888,102-19426-2026
2026-02-23,DUBAI CREEK HARBOUR,The Cove ll,Apartment,3 B/R,Off-Plan,169.8,4215000,102-19468-2026
2026-02-23,EMAAR SOUTH,Golf Dale,Apartment,3 B/R,Off-Plan,236.12,4681888,102-19589-2026
2026-02-24,DUBAI CREEK HARBOUR,Creek Waters 2,Apartment,1 B/R,Off-Plan,70.33,1766049,102-20122-2026
2026-02-25,DUBAI CREEK HARBOUR,Silva,Apartment,3 B/R,Off-Plan,302.24,6312888,102-20322-2026
2026-02-25,EMAAR SOUTH,Golf Hills,Apartment,3 B/R,Off-Plan,161.55,2998888,102-20324-2026
2026-02-25,DUBAI CREEK HARBOUR,Creek Waters,Apartment,2 B/R,Off-Plan,112.49,2525000,102-20370-2026
2026-02-25,EMAAR SOUTH,Greenridge,Villa,3 B/R,Off-Plan,172.52,3050888,102-20473-2026
2026-02-26,DUBAI CREEK HARBOUR,The Cove ll,Apartment,3 B/R,Off-Plan,169.8,4417888,102-20723-2026
2026-02-26,DUBAI CREEK HARBOUR,Creek Waters,Apartment,2 B/R,Off-Plan,105.02,3450000,102-20729-2026
2026-02-26,DUBAI CREEK HARBOUR,Creek Haven,Apartment,2 B/R,Off-Plan,115.28,3682888,102-20798-2026
2026-02-26,DUBAI CREEK HARBOUR,Creek Haven,Apartment,1 B/R,Off-Plan,67.86,1966888,102-20818-2026
2026-02-26,DUBAI CREEK HARBOUR,Creek Waters,Apartment,1 B/R,Off-Plan,72.12,1800000,102-20822-2026
2026-02-26,EMAAR SOUTH,Vista Ridge,Apartment,2 B/R,Off-Plan,128.48,2015888,102-20832-2026
2026-02-26,EMAAR SOUTH,Vista Ridge,Apartment,1 B/R,Off-Plan,73.78,1301888,102-21025-2026
2026-02-27,EMAAR SOUTH,Vista Ridge,Apartment,1 B/R,Off-Plan,73.73,1298888,102-21195-2026
2026-02-27,EMAAR SOUTH,Vista Ridge,Apartment,1 B/R,Off-Plan,73.21,1290888,102-21197-2026
2026-02-27,EMAAR SOUTH,Vista Ridge,Apartment,1 B/R,Off-Plan,73.76,1285888,102-21200-2026
2026-02-27,EMAAR SOUTH,Grove Ridge,Apartment,2 B/R,Off-Plan,127.78,2018888,102-21207-2026
2026-02-27,DUBAI CREEK HARBOUR,Creek Waters 2,Apartment,1 B/R,Off-Plan,70.1,1800000,102-21273-2026
2026-02-27,DUBAI CREEK HARBOUR,Creek Haven,Apartment,2 B/R,Off-Plan,111.02,3425888,102-21298-2026
2026-02-27,DUBAI CREEK HARBOUR,Altan,Apartment,3 B/R,Off-Plan,171.7,4204888,102-21320-2026
2026-02-02,DUBAI CREEK HARBOUR,Harbour Gate,Apartment,2 B/R,Ready,105.92,2450000,11-4588-2026
2026-02-02,DUBAI CREEK HARBOUR,Creek Beach - Sunset,Apartment,1 B/R,Ready,101.57,2000000,11-4607-2026
2026-02-02,EMAAR SOUTH,URBANA III,Apartment,2 B/R,Ready,158.98,1740000,11-4639-2026
2026-02-02,DUBAI CREEK HARBOUR,Creek Palace,Apartment,2 B/R,Ready,102.56,3630000,11-4652-2026
2026-02-02,DUBAI CREEK HARBOUR,The Cove,Apartment,2 B/R,Ready,122.02,2900000,11-4663-2026
2026-02-02,DUBAI CREEK HARBOUR,THE DUBAI CREEK RESIDENCES,Apartment,1 B/R,Ready,91.13,2125000,11-4725-2026
2026-02-02,DUBAI CREEK HARBOUR,The Grand,Apartment,2 B/R,Ready,118.25,3080000,11-4742-2026
2026-02-03,DUBAI CREEK HARBOUR,Palace Residences - North,Apartment,1 B/R,Ready,59.63,1680000,11-4827-2026
2026-02-03,DUBAI CREEK HARBOUR,Island Park II,Apartment,3 B/R,Ready,149.41,4250000,11-4863-2026
2026-02-03,DUBAI CREEK HARBOUR,The Grand,Apartment,4 B/R,Ready,293.63,10000000,11-4885-2026
2026-02-03,DUBAI CREEK HARBOUR,CREEK RISE,Apartment,1 B/R,Ready,76.73,1800000,11-4904-2026
2026-02-03,EMAAR SOUTH,Parkside 3,Villa,3 B/R,Ready,147.51,2300000,11-4944-2026
2026-02-03,EMAAR SOUTH,Golf Views,Apartment,2 B/R,Ready,92.38,1475000,11-4957-2026
2026-02-03,DUBAI CREEK HARBOUR,Harbour Gate,Apartment,1 B/R,Ready,78.71,1850000,11-4965-2026
2026-02-04,DUBAI CREEK HARBOUR,CREEK EDGE,Apartment,2 B/R,Ready,96.75,3030000,11-4987-2026
2026-02-04,DUBAI CREEK HARBOUR,Palace Residences - North,Apartment,1 B/R,Ready,59.8,1750000,11-5001-2026
2026-02-04,DUBAI CREEK HARBOUR,Creek Beach - Grove,Apartment,1 B/R,Ready,66.52,1635000,11-5017-2026
2026-02-04,DUBAI CREEK HARBOUR,Palace Residences - North,Apartment,2 B/R,Ready,104.33,2520000,11-5029-2026
2026-02-04,EMAAR SOUTH,Parkside 2,Villa,3 B/R,Ready,137.76,2400000,11-5037-2026
2026-02-04,DUBAI CREEK HARBOUR,Creek Beach - Breeze,Apartment,2 B/R,Ready,97.51,2550000,11-5064-2026
2026-02-04,DUBAI CREEK HARBOUR,CREEK CRESCENT,Apartment,2 B/R,Ready,97.87,3000000,11-5071-2026
2026-02-04,EMAAR SOUTH,URBANA,Apartment,2 B/R,Ready,120.95,1580000,11-5110-2026
2026-02-04,DUBAI CREEK HARBOUR,CREEKSIDE 18,Apartment,2 B/R,Ready,104.66,2650000,11-5114-2026
2026-02-05,DUBAI CREEK HARBOUR,Island Park I,Apartment,1 B/R,Ready,67.64,1770000,11-5160-2026
2026-02-05,DUBAI CREEK HARBOUR,HARBOUR VIEWS,Apartment,1 B/R,Ready,65.88,1700000,11-5210-2026
2026-02-05,EMAAR SOUTH,Parkside 3,Villa,4 B/R,Ready,256.45,2900000,11-5231-2026
2026-02-05,DUBAI CREEK HARBOUR,The Grand,Apartment,1 B/R,Ready,74.7,2275000,11-5233-2026
2026-02-05,DUBAI CREEK HARBOUR,Creek Gate,Apartment,3 B/R,Ready,137.49,3200000,11-5272-2026
2026-02-05,DUBAI CREEK HARBOUR,Creek Palace,Apartment,3 B/R,Ready,153.71,5600000,11-5288-2026
2026-02-05,DUBAI CREEK HARBOUR,The Cove,Apartment,1 B/R,Ready,67.26,1750000,11-5306-2026
2026-02-05,DUBAI CREEK HARBOUR,Creek Beach - Rosewater,Apartment,1 B/R,Ready,66.27,1600000,11-5359-2026
2026-02-05,DUBAI CREEK HARBOUR,CREEK CRESCENT,Apartment,3 B/R,Ready,146.62,4100000,11-5422-2026
2026-02-06,EMAAR SOUTH,Greenview,Villa,4 B/R,Ready,443.91,3800000,11-5459-2026
2026-02-06,DUBAI CREEK HARBOUR,THE DUBAI CREEK RESIDENCES,Apartment,3 B/R,Ready,214.55,6550000,11-5465-2026
2026-02-06,EMAAR SOUTH,URBANA III,Apartment,2 B/R,Ready,151.08,1810000,11-5482-2026
2026-02-06,DUBAI CREEK HARBOUR,HARBOUR VIEWS,Apartment,1 B/R,Ready,65.88,1780000,11-5542-2026
2026-02-06,DUBAI CREEK HARBOUR,Island Park I,Apartment,1 B/R,Ready,68.26,1840000,11-5554-2026
2026-02-06,DUBAI CREEK HARBOUR,Creek Beach - Grove,Apartment,2 B/R,Ready,103.63,6970000,11-5603-2026
2026-02-06,DUBAI CREEK HARBOUR,Creek Beach - Rosewater,Apartment,2 B/R,Ready,102.63,2380000,11-5606-2026
2026-02-07,DUBAI CREEK HARBOUR,Island Park I,Apartment,2 B/R,Ready,104.68,2600000,11-5678-2026
2026-02-07,DUBAI CREEK HARBOUR,THE DUBAI CREEK RESIDENCES,Apartment,3 B/R,Ready,179.36,4990000,11-5692-2026
2026-02-09,DUBAI CREEK HARBOUR,Creek Beach - Sunset,Apartment,2 B/R,Ready,113.25,3060000,11-5727-2026
2026-02-09,DUBAI CREEK HARBOUR,Creek Beach - Surf,Apartment,1 B/R,Ready,64.4,1640000,11-5747-2026
2026-02-09,DUBAI CREEK HARBOUR,HARBOUR VIEWS,Apartment,2 B/R,Ready,109.61,2600000,11-5782-2026
2026-02-09,DUBAI CREEK HARBOUR,Creek Beach - Orchid,Apartment,3 B/R,Ready,153.2,3230000,11-5802-2026
2026-02-09,DUBAI CREEK HARBOUR,Island Park I,Apartment,3 B/R,Ready,152.67,4150000,11-5826-2026
2026-02-09,EMAAR SOUTH,Parkside,Villa,3 B/R,Ready,129.56,2250000,11-5977-2026
2026-02-09,DUBAI CREEK HARBOUR,Creek Beach - Summer,Apartment,1 B/R,Ready,66.55,1740000,11-5983-2026
2026-02-09,DUBAI CREEK HARBOUR,CREEK CRESCENT,Apartment,1 B/R,Ready,61.68,1670000,11-5994-2026
2026-02-09,DUBAI CREEK HARBOUR,CREEK RISE,Apartment,2 B/R,Ready,103.01,1540888,11-6022-2026
2026-02-10,DUBAI CREEK HARBOUR,Harbour Gate,Apartment,2 B/R,Ready,105.92,1748888,11-6033-2026
2026-02-10,DUBAI CREEK HARBOUR,Creek Beach - Savanna-Cedar-Mangrove,Apartment,1 B/R,Ready,67.03,1610000,11-6067-2026
2026-02-10,DUBAI CREEK HARBOUR,Creek Beach - Rosewater,Apartment,3 B/R,Ready,162.37,3425000,11-6091-2026
2026-02-10,DUBAI CREEK HARBOUR,CREEKSIDE 18,Apartment,2 B/R,Ready,106.14,2500000,11-6094-2026
2026-02-11,DUBAI CREEK HARBOUR,Creek Beach - Breeze,Apartment,1 B/R,Ready,66.58,1770000,11-6155-2026
2026-02-10,DUBAI CREEK HARBOUR,Island Park I,Apartment,1 B/R,Ready,67.88,1850000,11-6166-2026
2026-02-10,DUBAI CREEK HARBOUR,Creek Beach - Orchid,Apartment,1 B/R,Ready,64.08,1650000,11-6187-2026
2026-02-10,DUBAI CREEK HARBOUR,The Grand,Apartment,1 B/R,Ready,74.78,2350000,11-6209-2026
2026-02-11,DUBAI CREEK HARBOUR,Creek Beach - Lotus,Apartment,2 B/R,Ready,107.06,2460000,11-6271-2026
2026-02-11,DUBAI CREEK HARBOUR,Creek Palace,Apartment,2 B/R,Ready,97.73,3140000,11-6273-2026
2026-02-11,DUBAI CREEK HARBOUR,Palace Residences - Dubai Creek Harbour,Apartment,2 B/R,Ready,102.05,3000000,11-6279-2026
2026-02-17,EMAAR SOUTH,Parkside,Villa,3 B/R,Ready,129.89,2150000,11-6313-2026
2026-02-11,DUBAI CREEK HARBOUR,Creek Beach - Grove,Apartment,3 B/R,Ready,149.48,3375000,11-6370-2026
2026-02-12,DUBAI CREEK HARBOUR,Creek Gate,Apartment,1 B/R,Ready,66.91,1700000,11-6380-2026
2026-02-11,EMAAR SOUTH,Parkside,Villa,3 B/R,Ready,132.58,2300000,11-6383-2026
2026-02-12,DUBAI CREEK HARBOUR,Creek Beach - Savanna-Cedar-Mangrove,Apartment,2 B/R,Ready,94.82,2330000,11-6559-2026
2026-02-12,DUBAI CREEK HARBOUR,The Grand,Apartment,2 B/R,Ready,120.13,3250000,11-6574-2026
2026-02-12,DUBAI CREEK HARBOUR,CREEK HORIZON,Apartment,2 B/R,Ready,112.74,2800000,11-6584-2026
2026-02-12,DUBAI CREEK HARBOUR,CREEK HORIZON,Apartment,1 B/R,Ready,71.26,1800000,11-6590-2026
2026-02-12,DUBAI CREEK HARBOUR,Island Park I,Apartment,1 B/R,Ready,67.8,1800000,11-6606-2026
2026-02-12,DUBAI CREEK HARBOUR,Creek Beach - Summer,Apartment,1 B/R,Ready,62.15,1500000,11-6650-2026
2026-02-12,DUBAI CREEK HARBOUR,CREEK HORIZON,Apartment,2 B/R,Ready,112.55,2680000,11-6670-2026
2026-02-12,EMAAR SOUTH,URBANA,Apartment,2 B/R,Ready,120.95,1575000,11-6697-2026
2026-02-12,DUBAI CREEK HARBOUR,CREEKSIDE 18,Apartment,2 B/R,Ready,104.56,2750000,11-6706-2026
2026-02-12,EMAAR SOUTH,Parkside 3,Villa,4 B/R,Ready,257.3,3100000,11-6715-2026
2026-02-13,DUBAI CREEK HARBOUR,Island Park II,Apartment,2 B/R,Ready,114.95,2600000,11-6751-2026
2026-02-12,DUBAI CREEK HARBOUR,Island Park I,Apartment,3 B/R,Ready,150.51,3750000,11-6755-2026
2026-02-13,DUBAI CREEK HARBOUR,CREEK CRESCENT,Apartment,3 B/R,Ready,146.62,3400000,11-6785-2026
2026-02-13,DUBAI CREEK HARBOUR,HARBOUR VIEWS,Apartment,3 B/R,Ready,218.9,4400000,11-6877-2026
2026-02-13,DUBAI CREEK HARBOUR,The Cove,Apartment,1 B/R,Ready,76.75,2000000,11-6942-2026
2026-02-16,DUBAI CREEK HARBOUR,Creek Beach - Rosewater,Apartment,2 B/R,Ready,101.53,2670000,11-7068-2026
2026-02-16,DUBAI CREEK HARBOUR,The Grand,Apartment,2 B/R,Ready,113.87,4200000,11-7070-2026
2026-02-16,DUBAI CREEK HARBOUR,Harbour Gate,Apartment,3 B/R,Ready,152.33,3530000,11-7079-2026
2026-02-16,DUBAI CREEK HARBOUR,Palace Residences - North,Apartment,1 B/R,Ready,59.66,1800000,11-7081-2026
2026-02-16,DUBAI CREEK HARBOUR,THE DUBAI CREEK RESIDENCES,Apartment,3 B/R,Ready,197.28,6126000,11-7100-2026
2026-02-16,DUBAI CREEK HARBOUR,Palace Residences - Dubai Creek Harbour,Apartment,2 B/R,Ready,102.61,3450000,11-7231-2026
2026-02-17,DUBAI CREEK HARBOUR,Creek Beach - Orchid,Apartment,1 B/R,Ready,62.46,1700000,11-7384-2026
2026-02-17,DUBAI CREEK HARBOUR,Creek Beach - Orchid,Apartment,1 B/R,Ready,104.81,1800000,11-7388-2026
2026-02-17,EMAAR SOUTH,Parkside 2,Villa,3 B/R,Ready,139.92,2500000,11-7392-2026
2026-02-17,DUBAI CREEK HARBOUR,HARBOUR VIEWS,Apartment,1 B/R,Ready,67.75,1725000,11-7452-2026
2026-02-17,DUBAI CREEK HARBOUR,Harbour Gate,Apartment,1 B/R,Ready,63.52,1590000,11-7455-2026
2026-02-17,DUBAI CREEK HARBOUR,HARBOUR VIEWS,Apartment,3 B/R,Ready,158.61,4470000,11-7488-2026
2026-02-17,DUBAI CREEK HARBOUR,Island Park II,Apartment,2 B/R,Ready,101.69,2720000,11-7495-2026
2026-02-18,DUBAI CREEK HARBOUR,Palace Residences - North,Apartment,2 B/R,Ready,92.54,2350000,11-7555-2026
2026-02-18,DUBAI CREEK HARBOUR,The Grand,Apartment,3 B/R,Ready,170.94,6600000,11-7561-2026
2026-02-18,DUBAI CREEK HARBOUR,CREEK RISE,Apartment,2 B/R,Ready,103.01,2650000,11-7566-2026
2026-02-18,DUBAI CREEK HARBOUR,The Grand,Apartment,2 B/R,Ready,121.93,4400000,11-7577-2026
2026-02-18,DUBAI CREEK HARBOUR,Creek Beach - Grove,Apartment,2 B/R,Ready,112.54,2750000,11-7608-2026
2026-02-18,DUBAI CREEK HARBOUR,The Grand,Apartment,2 B/R,Ready,119.13,3600000,11-7633-2026
2026-02-18,DUBAI CREEK HARBOUR,Creek Beach - Lotus,Apartment,2 B/R,Ready,95.84,2400000,11-7661-2026
2026-02-18,DUBAI CREEK HARBOUR,The Grand,Apartment,2 B/R,Ready,120.13,3300000,11-7670-2026
2026-02-19,EMAAR SOUTH,Greenview 3,Villa,4 B/R,Ready,251.48,3672000,11-7785-2026
2026-02-19,DUBAI CREEK HARBOUR,CREEKSIDE 18,Apartment,3 B/R,Ready,149.9,4700000,11-7807-2026
2026-02-19,DUBAI CREEK HARBOUR,CREEK EDGE,Apartment,1 B/R,Ready,67.34,1815000,11-7847-2026
2026-02-19,DUBAI CREEK HARBOUR,CREEK RISE,Apartment,2 B/R,Ready,103.01,2400000,11-7854-2026
2026-02-19,DUBAI CREEK HARBOUR,17 ICON BAY,Apartment,1 B/R,Ready,71.08,1583050,11-7860-2026
2026-02-19,DUBAI CREEK HARBOUR,CREEK RISE,Apartment,1 B/R,Ready,21.56,375000,11-7888-2026
2026-02-19,DUBAI CREEK HARBOUR,Creek Beach - Breeze,Apartment,2 B/R,Ready,97.11,2410000,11-7897-2026
2026-02-19,EMAAR SOUTH,Parkside,Villa,4 B/R,Ready,285.7,3200000,11-7940-2026
2026-02-19,DUBAI CREEK HARBOUR,Palace Residences - North,Apartment,2 B/R,Ready,104.16,2650000,11-7958-2026
2026-02-19,DUBAI CREEK HARBOUR,THE DUBAI CREEK RESIDENCES,Apartment,2 B/R,Ready,127.12,3500000,11-7959-2026
2026-02-20,DUBAI CREEK HARBOUR,Palace Residences - North,Apartment,2 B/R,Ready,104.33,3200000,11-8114-2026
2026-02-20,DUBAI CREEK HARBOUR,Harbour Gate,Apartment,2 B/R,Ready,100.49,2500000,11-8153-2026
2026-02-20,DUBAI CREEK HARBOUR,Creek Palace,Apartment,2 B/R,Ready,102.56,3130000,11-8161-2026
2026-02-20,DUBAI CREEK HARBOUR,Palace Residences - North,Apartment,1 B/R,Ready,59.8,1800000,11-8194-2026
2026-02-20,DUBAI CREEK HARBOUR,The Cove,Apartment,2 B/R,Ready,113.03,3550000,11-8216-2026
2026-02-20,DUBAI CREEK HARBOUR,Creek Palace,Apartment,1 B/R,Ready,59.86,2015000,11-8231-2026
2026-02-23,DUBAI CREEK HARBOUR,CREEK RISE,Apartment,1 B/R,Ready,76.88,1900000,11-8265-2026
2026-02-23,DUBAI CREEK HARBOUR,Creek Beach - Surf,Apartment,1 B/R,Ready,64.4,1660000,11-8394-2026
2026-02-23,DUBAI CREEK HARBOUR,Creek Beach - Savanna-Cedar-Mangrove,Apartment,1 B/R,Ready,63.03,1750000,11-8406-2026
2026-02-23,DUBAI CREEK HARBOUR,Creek Gate,Apartment,3 B/R,Ready,137.49,3200000,11-8423-2026
2026-02-23,EMAAR SOUTH,Parkside 2,Villa,3 B/R,Ready,137.76,2490000,11-8429-2026
2026-02-23,DUBAI CREEK HARBOUR,Creek Gate,Apartment,2 B/R,Ready,97.1,2700000,11-8439-2026
2026-02-23,DUBAI CREEK HARBOUR,17 ICON BAY,Apartment,1 B/R,Ready,71.06,1650000,11-8449-2026
2026-02-23,DUBAI CREEK HARBOUR,Creek Beach - VIDA Residences,Apartment,2 B/R,Ready,105.75,3200000,11-8462-2026
2026-02-23,DUBAI CREEK HARBOUR,THE DUBAI CREEK RESIDENCES,Apartment,1 B/R,Ready,81.7,2050000,11-8469-2026
2026-02-23,DUBAI CREEK HARBOUR,THE DUBAI CREEK RESIDENCES,Apartment,2 B/R,Ready,163.81,3850000,11-8472-2026
2026-02-23,EMAAR SOUTH,Parkside 2,Villa,4 B/R,Ready,287.16,3125000,11-8503-2026
2026-02-24,DUBAI CREEK HARBOUR,Island Park I,Apartment,3 B/R,Ready,153.08,4040000,11-8602-2026
2026-02-24,DUBAI CREEK HARBOUR,CREEKSIDE 18,Apartment,3 B/R,Ready,150.46,3795000,11-8603-2026
2026-02-24,DUBAI CREEK HARBOUR,The Grand,Apartment,2 B/R,Ready,123.03,3300000,11-8607-2026
2026-02-24,DUBAI CREEK HARBOUR,Creek Beach - Bayshore,Apartment,1 B/R,Ready,64.52,1730000,11-8670-2026
2026-02-24,DUBAI CREEK HARBOUR,HARBOUR VIEWS,Apartment,2 B/R,Ready,107.78,3650000,11-8677-2026
2026-02-24,DUBAI CREEK HARBOUR,Creek Palace,Apartment,3 B/R,Ready,154.57,4300000,11-8683-2026
2026-02-25,DUBAI CREEK HARBOUR,CREEK RISE,Apartment,1 B/R,Ready,76.88,1800000,11-8692-2026
2026-02-25,DUBAI CREEK HARBOUR,CREEK RISE,Apartment,3 B/R,Ready,154.83,3200000,11-8694-2026
2026-02-24,DUBAI CREEK HARBOUR,Harbour Gate,Apartment,2 B/R,Ready,106.71,2550000,11-8695-2026
2026-02-25,DUBAI CREEK HARBOUR,Creek Beach - Grove,Apartment,2 B/R,Ready,48.84,900000,11-8737-2026
2026-02-25,DUBAI CREEK HARBOUR,CREEK EDGE,Apartment,2 B/R,Ready,100.96,3070000,11-8810-2026
2026-02-25,DUBAI CREEK HARBOUR,CREEK RISE,Apartment,3 B/R,Ready,154.84,3200000,11-8843-2026
2026-02-25,DUBAI CREEK HARBOUR,THE DUBAI CREEK RESIDENCES,Apartment,3 B/R,Ready,196.56,6000000,11-8844-2026
2026-02-25,DUBAI CREEK HARBOUR,CREEK RISE,Apartment,2 B/R,Ready,103.01,2400000,11-8845-2026
2026-02-25,DUBAI CREEK HARBOUR,The Grand,Apartment,1 B/R,Ready,74.07,2325000,11-8847-2026
2026-02-25,DUBAI CREEK HARBOUR,Palace Residences - North,Apartment,2 B/R,Ready,104.33,2590000,11-8882-2026
2026-02-25,DUBAI CREEK HARBOUR,The Grand,Apartment,1 B/R,Ready,73.5,2600000,11-8887-2026
2026-02-25,DUBAI CREEK HARBOUR,Creek Beach - Lotus,Apartment,1 B/R,Ready,68.14,1850000,11-8899-2026
2026-02-25,DUBAI CREEK HARBOUR,CREEK RISE,Apartment,1 B/R,Ready,76.88,1800000,11-8912-2026
2026-02-26,DUBAI CREEK HARBOUR,CREEK RISE,Apartment,3 B/R,Ready,134.48,3200000,11-8931-2026
2026-02-26,DUBAI CREEK HARBOUR,CREEK RISE,Apartment,2 B/R,Ready,102.85,2400000,11-8932-2026
2026-02-26,DUBAI CREEK HARBOUR,CREEK RISE,Apartment,1 B/R,Ready,76.81,1800000,11-8933-2026
2026-02-26,DUBAI CREEK HARBOUR,CREEK RISE,Apartment,3 B/R,Ready,154.91,3200000,11-8988-2026
2026-02-26,DUBAI CREEK HARBOUR,The Grand,Apartment,1 B/R,Ready,74.71,2280000,11-8994-2026
2026-02-26,DUBAI CREEK HARBOUR,Creek Beach - Lotus,Apartment,1 B/R,Ready,62.4,1650000,11-9001-2026
2026-02-26,DUBAI CREEK HARBOUR,CREEK RISE,Apartment,2 B/R,Ready,102.85,2400000,11-9013-2026
2026-02-26,DUBAI CREEK HARBOUR,CREEK RISE,Apartment,1 B/R,Ready,76.88,1800000,11-9017-2026
2026-02-26,DUBAI CREEK HARBOUR,CREEK RISE,Apartment,3 B/R,Ready,154.83,3200000,11-9019-2026
2026-02-26,DUBAI CREEK HARBOUR,Creek Beach - Grove,Apartment,2 B/R,Ready,98.89,2465000,11-9082-2026
2026-02-26,DUBAI CREEK HARBOUR,CREEKSIDE 18,Apartment,3 B/R,Ready,149.81,3650000,11-9084-2026
2026-02-26,EMAAR SOUTH,Greenview 3,Villa,4 B/R,Ready,390.71,3700000,11-9092-2026
2026-02-26,DUBAI CREEK HARBOUR,Harbour Gate,Apartment,2 B/R,Ready,106.72,2850000,11-9099-2026
2026-02-26,EMAAR SOUTH,Greenview 3,Villa,4 B/R,Ready,231,3550000,11-9107-2026
2026-02-26,DUBAI CREEK HARBOUR,The Grand,Apartment,3 B/R,Ready,170.22,5900000,11-9117-2026
2026-02-26,DUBAI CREEK HARBOUR,CREEK RISE,Apartment,3 B/R,Ready,134.47,3200000,11-9119-2026
2026-02-26,DUBAI CREEK HARBOUR,CREEK RISE,Apartment,1 B/R,Ready,72.5,1800000,11-9120-2026
2026-02-26,DUBAI CREEK HARBOUR,Creek Palace,Apartment,1 B/R,Ready,59.63,1875000,11-9139-2026
2026-02-26,DUBAI CREEK HARBOUR,Creek Gate,Apartment,2 B/R,Ready,97.1,2500000,11-9145-2026
2026-02-27,EMAAR SOUTH,URBANA II,Apartment,2 B/R,Ready,112.81,1575000,11-9160-2026
2026-02-27,DUBAI CREEK HARBOUR,THE DUBAI CREEK RESIDENCES,Apartment,2 B/R,Ready,127.11,3300000,11-9172-2026
2026-02-28,EMAAR SOUTH,Greenview 2,Villa,3 B/R,Ready,144.32,2475000,11-9248-2026
2026-02-27,DUBAI CREEK HARBOUR,Creek Beach - Summer,Apartment,1 B/R,Ready,62.07,1580000,11-9298-2026
2026-02-27,DUBAI CREEK HARBOUR,CREEK EDGE,Apartment,2 B/R,Ready,100.22,2975000,11-9316-2026
2026-02-27,DUBAI CREEK HARBOUR,Creek Palace,Apartment,2 B/R,Ready,102.56,3590000,11-9342-2026
2026-02-27,EMAAR SOUTH,Parkside 2,Villa,4 B/R,Ready,349.75,3300000,11-9353-2026
2026-02-27,DUBAI CREEK HARBOUR,CREEK CRESCENT,Apartment,2 B/R,Ready,97.87,3150000,11-9372-2026
2026-02-02,DUBAI CREEK HARBOUR,CREEKSIDE 18,Apartment,3 B/R,Ready,149.81,4788844,41-2149-2026
2026-02-03,DUBAI CREEK HARBOUR,Creek Beach - Savanna-Cedar-Mangrove,Apartment,1 B/R,Ready,62.51,1550000,41-2171-2026
2026-02-03,DUBAI CREEK HARBOUR,Harbour Gate,Apartment,2 B/R,Ready,106.93,2550000,41-2198-2026
2026-02-09,DUBAI CREEK HARBOUR,Creek Beach - Grove,Apartment,1 B/R,Ready,111.73,1700000,41-2536-2026
2026-02-09,DUBAI CREEK HARBOUR,Creek Beach - Savanna-Cedar-Mangrove,Apartment,1 B/R,Ready,64.23,1867888,41-2542-2026
2026-02-10,DUBAI CREEK HARBOUR,Creek Beach - Savanna-Cedar-Mangrove,Apartment,2 B/R,Ready,95.57,2350000,41-2582-2026
2026-02-11,DUBAI CREEK HARBOUR,Creek Beach - Rosewater,Apartment,1 B/R,Ready,66.54,1700888,41-2667-2026
2026-02-11,DUBAI CREEK HARBOUR,Creek Beach - Rosewater,Apartment,3 B/R,Ready,186.09,4600888,41-2669-2026
2026-02-16,DUBAI CREEK HARBOUR,Palace Residences - Dubai Creek Harbour,Apartment,1 B/R,Ready,65.23,2200000,41-2890-2026
2026-02-17,DUBAI CREEK HARBOUR,Creek Beach - Savanna-Cedar-Mangrove,Apartment,1 B/R,Ready,67.05,1710000,41-2973-2026
2026-02-19,DUBAI CREEK HARBOUR,Creek Beach - Rosewater,Apartment,1 B/R,Ready,66.54,1730000,41-3191-2026
2026-02-20,DUBAI CREEK HARBOUR,Palace Residences - North,Apartment,3 B/R,Ready,153.63,4850000,41-3271-2026
2026-02-20,EMAAR SOUTH,Greenview 2,Villa,3 B/R,Ready,144.32,2450000,41-3298-2026
2026-02-23,DUBAI CREEK HARBOUR,Palace Residences - North,Apartment,2 B/R,Ready,98.09,2950000,41-3426-2026
2026-02-23,DUBAI CREEK HARBOUR,Creek Beach - Grove,Apartment,3 B/R,Ready,174.28,4120000,41-3449-2026
2026-02-24,EMAAR SOUTH,Greenview,Villa,3 B/R,Ready,141.04,2250000,41-3499-2026
2026-02-24,EMAAR SOUTH,Greenview,Villa,4 B/R,Ready,282.2,3400000,41-3520-2026
2026-02-24,DUBAI CREEK HARBOUR,Palace Residences - North,Apartment,1 B/R,Ready,59.63,1840101,41-3557-2026
2026-02-26,DUBAI CREEK HARBOUR,Palace Residences - Dubai Creek Harbour,Apartment,1 B/R,Ready,64.99,2150000,41-3731-2026
2026-02-27,DUBAI CREEK HARBOUR,Palace Residences - Dubai Creek Harbour,Apartment,1 B/R,Ready,65.23,2075000,41-3844-2026
2026-03-04,DUBAI CREEK HARBOUR,Oria,Apartment,1 B/R,Off-Plan,69.71,1814888,102-22663-2026
2026-03-06,DUBAI CREEK HARBOUR,Creek Waters,Apartment,2 B/R,Off-Plan,112.66,2700000,102-23347-2026
2026-03-09,EMAAR SOUTH,Vista Ridge,Apartment,2 B/R,Off-Plan,128.48,2003888,102-23490-2026
2026-03-09,EMAAR SOUTH,Vista Ridge,Apartment,2 B/R,Off-Plan,127.67,2674888,102-23494-2026
2026-03-09,EMAAR SOUTH,Vista Ridge,Apartment,1 B/R,Off-Plan,73.19,1282888,102-23682-2026
2026-03-09,EMAAR SOUTH,Grove Ridge,Apartment,1 B/R,Off-Plan,76.68,1356888,102-23688-2026
2026-03-10,EMAAR SOUTH,Vista Ridge,Apartment,2 B/R,Off-Plan,128.61,2038888,102-23912-2026
2026-03-10,EMAAR SOUTH,Vista Ridge,Apartment,2 B/R,Off-Plan,127.41,2692888,102-23913-2026
2026-03-10,EMAAR SOUTH,Vista Ridge,Apartment,2 B/R,Off-Plan,134.45,1902888,102-23914-2026
2026-03-10,EMAAR SOUTH,Vista Ridge,Apartment,1 B/R,Off-Plan,73.21,1287888,102-23915-2026
2026-03-10,EMAAR SOUTH,Vista Ridge,Apartment,2 B/R,Off-Plan,127.67,2694888,102-23916-2026
2026-03-10,EMAAR SOUTH,Vista Ridge,Apartment,1 B/R,Off-Plan,76.71,1351888,102-23917-2026
2026-03-10,EMAAR SOUTH,Vista Ridge,Apartment,1 B/R,Off-Plan,73.79,1296888,102-23919-2026
2026-03-10,EMAAR SOUTH,Vista Ridge,Apartment,2 B/R,Off-Plan,118.54,2623888,102-23948-2026
2026-03-10,EMAAR SOUTH,Vista Ridge,Apartment,2 B/R,Off-Plan,127.67,2699888,102-23972-2026
2026-03-10,EMAAR SOUTH,Vista Ridge,Apartment,2 B/R,Off-Plan,118.57,2623888,102-23973-2026
2026-03-10,DUBAI CREEK HARBOUR,Lyvia by Palace,Apartment,3 B/R,Off-Plan,170.5,4182888,102-23994-2026
2026-03-10,EMAAR SOUTH,Grove Ridge,Apartment,1 B/R,Off-Plan,73.26,1280888,102-24095-2026
2026-03-10,EMAAR SOUTH,Vista Ridge,Apartment,2 B/R,Off-Plan,128.48,2003888,102-24266-2026
2026-03-10,EMAAR SOUTH,Grove Ridge,Apartment,2 B/R,Off-Plan,127.78,1991888,102-24268-2026
2026-03-11,EMAAR SOUTH,Vista Ridge,Apartment,2 B/R,Off-Plan,126.59,2591888,102-24372-2026
2026-03-11,EMAAR SOUTH,Vista Ridge,Apartment,2 B/R,Off-Plan,128.47,2005888,102-24373-2026
2026-03-11,DUBAI CREEK HARBOUR,Creek Haven,Apartment,2 B/R,Off-Plan,115.28,3702888,102-24398-2026
2026-03-11,DUBAI CREEK HARBOUR,Creek Haven,Apartment,3 B/R,Off-Plan,173.06,5490830,102-24441-2026
2026-03-11,DUBAI CREEK HARBOUR,Lyvia by Palace,Apartment,2 B/R,Off-Plan,106.28,2963888,102-24479-2026
2026-03-11,DUBAI CREEK HARBOUR,Lyvia by Palace,Apartment,2 B/R,Off-Plan,115.33,3070888,102-24485-2026
2026-03-11,DUBAI CREEK HARBOUR,Silva,Apartment,2 B/R,Off-Plan,130.34,3034888,102-24494-2026
2026-03-11,DUBAI CREEK HARBOUR,Silva,Apartment,2 B/R,Off-Plan,130.34,3096888,102-24659-2026
2026-03-12,EMAAR SOUTH,Grove Ridge,Apartment,2 B/R,Off-Plan,127.07,2681888,102-24889-2026
2026-03-12,EMAAR SOUTH,Vista Ridge,Apartment,2 B/R,Off-Plan,127.67,2332888,102-24907-2026
2026-03-12,EMAAR SOUTH,Vista Ridge,Apartment,2 B/R,Off-Plan,127.89,2609888,102-24985-2026
2026-03-12,DUBAI CREEK HARBOUR,Altus,Apartment,2 B/R,Off-Plan,114.03,3100000,102-25016-2026
2026-03-12,EMAAR SOUTH,Golf Hills,Apartment,2 B/R,Off-Plan,98.87,1741888,102-25092-2026
2026-03-13,DUBAI CREEK HARBOUR,Montiva,Apartment,2 B/R,Off-Plan,11.17,597886,102-25161-2026
2026-03-13,DUBAI CREEK HARBOUR,Creek Haven,Apartment,1 B/R,Off-Plan,67.86,1901888,102-25348-2026
2026-03-13,DUBAI CREEK HARBOUR,Creek Waters,Apartment,1 B/R,Off-Plan,70,1835980,102-25358-2026
2026-03-13,EMAAR SOUTH,Vista Ridge,Apartment,1 B/R,Off-Plan,73.73,1288888,102-25570-2026
2026-03-14,DUBAI CREEK HARBOUR,The Cove ll,Apartment,1 B/R,Off-Plan,72.9,2150000,102-25690-2026
2026-03-17,EMAAR SOUTH,Fairway Villas 3,Villa,4 B/R,Off-Plan,379.24,4700000,102-25894-2026
2026-03-16,EMAAR SOUTH,Vista Ridge,Apartment,2 B/R,Off-Plan,128.47,2005888,102-26021-2026
2026-03-17,DUBAI CREEK HARBOUR,Altan,Apartment,2 B/R,Off-Plan,133.34,3301888,102-26223-2026
2026-03-17,DUBAI CREEK HARBOUR,Silva,Apartment,3 B/R,Off-Plan,170.38,3913888,102-26224-2026
2026-03-17,DUBAI CREEK HARBOUR,Montiva,Apartment,3 B/R,Off-Plan,170.46,4238888,102-26225-2026
2026-03-17,DUBAI CREEK HARBOUR,Creek Haven,Apartment,1 B/R,Off-Plan,68.13,1934888,102-26226-2026
2026-03-17,DUBAI CREEK HARBOUR,Silva,Apartment,2 B/R,Off-Plan,111.43,2675888,102-26227-2026
2026-03-17,DUBAI CREEK HARBOUR,Creek Bay,Apartment,2 B/R,Off-Plan,134.76,3314888,102-26228-2026
2026-03-17,DUBAI CREEK HARBOUR,Silva,Apartment,3 B/R,Off-Plan,170.4,4044888,102-26229-2026
2026-03-17,DUBAI CREEK HARBOUR,Albero,Apartment,3 B/R,Off-Plan,171.7,4202439,102-26230-2026
2026-03-17,DUBAI CREEK HARBOUR,Creek Bay,Apartment,2 B/R,Off-Plan,115.98,4305888,102-26232-2026
2026-03-18,DUBAI CREEK HARBOUR,Montiva,Apartment,1 B/R,Off-Plan,84.97,2317888,102-26233-2026
2026-03-17,EMAAR SOUTH,Vista Ridge,Apartment,1 B/R,Off-Plan,76.69,1354888,102-26326-2026
2026-03-18,DUBAI CREEK HARBOUR,The Cove ll,Apartment,2 B/R,Off-Plan,105.81,1963675,102-26790-2026
2026-03-18,DUBAI CREEK HARBOUR,Creek Haven,Apartment,1 B/R,Off-Plan,67.86,1955888,102-26874-2026
2026-03-18,DUBAI CREEK HARBOUR,Creek Haven,Apartment,1 B/R,Off-Plan,68.13,1879888,102-26885-2026
2026-03-18,DUBAI CREEK HARBOUR,Silva,Apartment,2 B/R,Off-Plan,130.34,3006888,102-26891-2026
2026-03-18,DUBAI CREEK HARBOUR,Montiva,Apartment,1 B/R,Off-Plan,73.75,2001888,102-26908-2026
2026-03-18,DUBAI CREEK HARBOUR,Silva,Apartment,2 B/R,Off-Plan,130.34,3023888,102-26921-2026
2026-03-18,DUBAI CREEK HARBOUR,Creek Bay,Apartment,2 B/R,Off-Plan,115.98,4265888,102-26934-2026
2026-03-18,DUBAI CREEK HARBOUR,Silva,Apartment,2 B/R,Off-Plan,132.45,3064888,102-26935-2026
2026-03-18,DUBAI CREEK HARBOUR,Silva,Apartment,2 B/R,Off-Plan,130.34,3051888,102-26941-2026
2026-03-18,DUBAI CREEK HARBOUR,Montiva,Apartment,2 B/R,Off-Plan,106.21,2845888,102-26942-2026
2026-03-18,DUBAI CREEK HARBOUR,Albero,Apartment,3 B/R,Off-Plan,171.65,4557888,102-26944-2026
2026-03-18,DUBAI CREEK HARBOUR,Creek Bay,Apartment,2 B/R,Off-Plan,134.76,3302888,102-26945-2026
2026-03-18,DUBAI CREEK HARBOUR,Creek Haven,Apartment,2 B/R,Off-Plan,110.6,3265888,102-26952-2026
2026-03-18,DUBAI CREEK HARBOUR,Lyvia by Palace,Apartment,2 B/R,Off-Plan,106.28,2887950,102-26958-2026
2026-03-18,DUBAI CREEK HARBOUR,Lyvia by Palace,Apartment,2 B/R,Off-Plan,112.06,3079888,102-26961-2026
2026-03-18,DUBAI CREEK HARBOUR,Lyvia by Palace,Apartment,1 B/R,Off-Plan,84.9,2419888,102-26963-2026
2026-03-18,DUBAI CREEK HARBOUR,Lyvia by Palace,Apartment,2 B/R,Off-Plan,106.28,2974888,102-26965-2026
2026-03-18,DUBAI CREEK HARBOUR,Creek Haven,Apartment,2 B/R,Off-Plan,110.6,3123888,102-26970-2026
2026-03-18,DUBAI CREEK HARBOUR,Silva,Apartment,2 B/R,Off-Plan,130.34,3028888,102-26977-2026
2026-03-18,DUBAI CREEK HARBOUR,Altan,Apartment,2 B/R,Off-Plan,133.34,3276888,102-26983-2026
2026-03-18,DUBAI CREEK HARBOUR,Lyvia by Palace,Apartment,2 B/R,Off-Plan,106.28,2940888,102-26994-2026
2026-03-18,DUBAI CREEK HARBOUR,Montiva,Apartment,2 B/R,Off-Plan,106.2,2817888,102-27002-2026
2026-03-18,EMAAR SOUTH,Grove Ridge,Apartment,2 B/R,Off-Plan,127.74,1986888,102-27077-2026
2026-03-18,DUBAI CREEK HARBOUR,Altan,Apartment,3 B/R,Off-Plan,387.01,7003888,102-27141-2026
2026-03-18,DUBAI CREEK HARBOUR,Creek Haven,Apartment,2 B/R,Off-Plan,110.71,3527888,102-27147-2026
2026-03-18,DUBAI CREEK HARBOUR,Montiva,Apartment,2 B/R,Off-Plan,106.2,3043888,102-27152-2026
2026-03-18,DUBAI CREEK HARBOUR,Silva,Apartment,3 B/R,Off-Plan,170.38,3920888,102-27164-2026
2026-03-18,DUBAI CREEK HARBOUR,Albero,Apartment,2 B/R,Off-Plan,133.34,3245888,102-27175-2026
2026-03-23,EMAAR SOUTH,Grove Ridge,Apartment,1 B/R,Off-Plan,73.26,1278888,102-27725-2026
2026-03-25,DUBAI CREEK HARBOUR,Silva,Apartment,3 B/R,Off-Plan,170.38,4060888,102-28570-2026
2026-03-25,DUBAI CREEK HARBOUR,Silva,Apartment,2 B/R,Off-Plan,130.34,3000888,102-28572-2026
2026-03-25,DUBAI CREEK HARBOUR,Silva,Apartment,3 B/R,Off-Plan,170.38,3905888,102-28580-2026
2026-03-25,DUBAI CREEK HARBOUR,Creek Waters 2,Apartment,2 B/R,Off-Plan,112.7,2911416,102-28644-2026
2026-03-25,EMAAR SOUTH,Grove Ridge,Apartment,2 B/R,Off-Plan,120.13,2288888,102-28754-2026
2026-03-25,EMAAR SOUTH,Grove Ridge,Apartment,2 B/R,Off-Plan,120.14,2288888,102-28760-2026
2026-03-25,EMAAR SOUTH,Grove Ridge,Apartment,2 B/R,Off-Plan,127.07,2329888,102-28767-2026
2026-03-25,EMAAR SOUTH,Grove Ridge,Apartment,2 B/R,Off-Plan,128.28,1996888,102-28775-2026
2026-03-25,EMAAR SOUTH,Grove Ridge,Apartment,2 B/R,Off-Plan,127.07,2201888,102-28778-2026
2026-03-25,EMAAR SOUTH,Grove Ridge,Apartment,2 B/R,Off-Plan,120.13,2162888,102-28783-2026
2026-03-25,EMAAR SOUTH,Grove Ridge,Apartment,2 B/R,Off-Plan,120.14,2162888,102-28788-2026
2026-03-25,EMAAR SOUTH,Grove Ridge,Apartment,2 B/R,Off-Plan,126.84,2197888,102-28792-2026
2026-03-25,EMAAR SOUTH,Grove Ridge,Apartment,2 B/R,Off-Plan,127.78,1991888,102-28795-2026
2026-03-25,EMAAR SOUTH,Grove Ridge,Apartment,1 B/R,Off-Plan,76.68,1354888,102-28807-2026
2026-03-25,EMAAR SOUTH,Grove Ridge,Apartment,1 B/R,Off-Plan,73.26,1288888,102-28814-2026
2026-03-25,EMAAR SOUTH,Grove Ridge,Apartment,3 B/R,Off-Plan,162.99,3382888,102-28820-2026
2026-03-25,EMAAR SOUTH,Grove Ridge,Apartment,2 B/R,Off-Plan,127.78,1999888,102-28821-2026
2026-03-25,EMAAR SOUTH,Grove Ridge,Apartment,2 B/R,Off-Plan,126.84,2453888,102-28826-2026
2026-03-25,EMAAR SOUTH,Grove Ridge,Apartment,2 B/R,Off-Plan,120.14,2414888,102-28829-2026
2026-03-25,EMAAR SOUTH,Grove Ridge,Apartment,2 B/R,Off-Plan,119.19,2529888,102-28831-2026
2026-03-25,EMAAR SOUTH,Grove Ridge,Apartment,1 B/R,Off-Plan,73.26,1273888,102-28835-2026
2026-03-25,EMAAR SOUTH,Grove Ridge,Apartment,2 B/R,Off-Plan,128.3,1989888,102-28842-2026
2026-03-25,EMAAR SOUTH,Grove Ridge,Apartment,2 B/R,Off-Plan,139.26,2107888,102-28849-2026
2026-03-25,EMAAR SOUTH,Grove Ridge,Apartment,1 B/R,Off-Plan,76.7,1336888,102-28850-2026
2026-03-25,EMAAR SOUTH,Grove Ridge,Apartment,1 B/R,Off-Plan,93.27,1482888,102-28854-2026
2026-03-25,EMAAR SOUTH,Grove Ridge,Apartment,2 B/R,Off-Plan,152.64,2166888,102-28860-2026
2026-03-25,EMAAR SOUTH,Grove Ridge,Apartment,2 B/R,Off-Plan,126.84,2592888,102-28866-2026
2026-03-25,EMAAR SOUTH,Grove Ridge,Apartment,1 B/R,Off-Plan,73.26,1275888,102-28869-2026
2026-03-25,EMAAR SOUTH,Grove Ridge,Apartment,1 B/R,Off-Plan,74.48,1294888,102-28872-2026
2026-03-25,EMAAR SOUTH,Grove Ridge,Apartment,1 B/R,Off-Plan,76.68,1351888,102-28873-2026
2026-03-25,EMAAR SOUTH,Grove Ridge,Apartment,3 B/R,Off-Plan,153.24,3332888,102-28874-2026
2026-03-25,EMAAR SOUTH,Grove Ridge,Apartment,2 B/R,Off-Plan,127.78,2010888,102-28878-2026
2026-03-25,EMAAR SOUTH,Grove Ridge,Apartment,1 B/R,Off-Plan,73.26,1285888,102-28879-2026
2026-03-25,EMAAR SOUTH,Grove Ridge,Apartment,2 B/R,Off-Plan,127.07,2587888,102-28882-2026
2026-03-25,EMAAR SOUTH,Grove Ridge,Apartment,1 B/R,Off-Plan,74.48,1301888,102-28885-2026
2026-03-25,EMAAR SOUTH,Grove Ridge,Apartment,2 B/R,Off-Plan,120.13,2541888,102-28888-2026
2026-03-25,EMAAR SOUTH,Grove Ridge,Apartment,2 B/R,Off-Plan,128.28,2011888,102-28889-2026
2026-03-25,EMAAR SOUTH,Grove Ridge,Apartment,3 B/R,Off-Plan,162.76,3377888,102-28893-2026
2026-03-25,EMAAR SOUTH,Grove Ridge,Apartment,1 B/R,Off-Plan,74.48,1289888,102-28895-2026
2026-03-25,EMAAR SOUTH,Grove Ridge,Apartment,2 B/R,Off-Plan,120.14,2541888,102-28897-2026
2026-03-25,EMAAR SOUTH,Grove Ridge,Apartment,1 B/R,Off-Plan,76.68,1341888,102-28900-2026
2026-03-25,EMAAR SOUTH,Grove Ridge,Apartment,2 B/R,Off-Plan,127.78,2014888,102-28903-2026
2026-03-25,EMAAR SOUTH,Grove Ridge,Apartment,1 B/R,Off-Plan,73.25,1270888,102-28905-2026
2026-03-25,EMAAR SOUTH,Grove Ridge,Apartment,3 B/R,Off-Plan,153.24,3339888,102-28911-2026
2026-03-25,EMAAR SOUTH,Grove Ridge,Apartment,2 B/R,Off-Plan,126.84,2582888,102-28913-2026
2026-03-25,EMAAR SOUTH,Grove Ridge,Apartment,1 B/R,Off-Plan,74.48,1304888,102-28914-2026
2026-03-25,EMAAR SOUTH,Grove Ridge,Apartment,3 B/R,Off-Plan,162.99,3389888,102-28916-2026
2026-03-25,EMAAR SOUTH,Grove Ridge,Apartment,2 B/R,Off-Plan,126.84,2587888,102-28917-2026
2026-03-25,EMAAR SOUTH,Grove Ridge,Apartment,1 B/R,Off-Plan,76.68,1349888,102-28918-2026
2026-03-25,EMAAR SOUTH,Grove Ridge,Apartment,3 B/R,Off-Plan,162.76,3383888,102-28919-2026
2026-03-25,EMAAR SOUTH,Grove Ridge,Apartment,2 B/R,Off-Plan,127.78,2018888,102-28921-2026
2026-03-25,EMAAR SOUTH,Grove Ridge,Apartment,2 B/R,Off-Plan,127.78,2003888,102-28922-2026
2026-03-25,EMAAR SOUTH,Grove Ridge,Apartment,1 B/R,Off-Plan,73.26,1283888,102-28926-2026
2026-03-25,EMAAR SOUTH,Grove Ridge,Apartment,1 B/R,Off-Plan,74.48,1306888,102-28929-2026
2026-03-25,EMAAR SOUTH,Grove Ridge,Apartment,2 B/R,Off-Plan,128.28,2004888,102-28930-2026
2026-03-25,EMAAR SOUTH,Grove Ridge,Apartment,2 B/R,Off-Plan,127.07,2592888,102-28931-2026
2026-03-25,EMAAR SOUTH,Grove Ridge,Apartment,1 B/R,Off-Plan,76.68,1359888,102-28935-2026
2026-03-25,EMAAR SOUTH,Grove Ridge,Apartment,2 B/R,Off-Plan,120.13,2546888,102-28936-2026
2026-03-25,EMAAR SOUTH,Grove Ridge,Apartment,1 B/R,Off-Plan,73.27,1293888,102-28939-2026
2026-03-25,EMAAR SOUTH,Grove Ridge,Apartment,2 B/R,Off-Plan,120.14,2546888,102-28941-2026
2026-03-25,EMAAR SOUTH,Grove Ridge,Apartment,2 B/R,Off-Plan,127.8,1984888,102-28944-2026
2026-03-25,EMAAR SOUTH,Grove Ridge,Apartment,2 B/R,Off-Plan,128.28,2019888,102-28945-2026
2026-03-25,EMAAR SOUTH,Grove Ridge,Apartment,1 B/R,Off-Plan,74.48,1284888,102-28946-2026
2026-03-25,EMAAR SOUTH,Grove Ridge,Apartment,2 B/R,Off-Plan,128.28,2007888,102-28952-2026
2026-03-25,EMAAR SOUTH,Grove Ridge,Apartment,2 B/R,Off-Plan,128.28,1992888,102-28955-2026
2026-03-25,EMAAR SOUTH,Grove Ridge,Apartment,1 B/R,Off-Plan,74.48,1299888,102-28956-2026
2026-03-25,EMAAR SOUTH,Grove Ridge,Apartment,2 B/R,Off-Plan,140.98,2126888,102-28961-2026
2026-03-25,EMAAR SOUTH,Grove Ridge,Apartment,2 B/R,Off-Plan,127.78,2006888,102-28962-2026
2026-03-25,EMAAR SOUTH,Grove Ridge,Apartment,1 B/R,Off-Plan,76.68,1343888,102-28965-2026
2026-03-25,EMAAR SOUTH,Grove Ridge,Apartment,1 B/R,Off-Plan,76.68,1356888,102-28967-2026
2026-03-25,EMAAR SOUTH,Grove Ridge,Apartment,1 B/R,Off-Plan,74.48,1291888,102-28971-2026
2026-03-25,EMAAR SOUTH,Grove Ridge,Apartment,1 B/R,Off-Plan,73.27,1290888,102-28977-2026
2026-03-25,EMAAR SOUTH,Grove Ridge,Apartment,2 B/R,Off-Plan,128.28,2015888,102-28982-2026
2026-03-25,EMAAR SOUTH,Grove Ridge,Apartment,2 B/R,Off-Plan,127.07,2597888,102-28985-2026
2026-03-25,EMAAR SOUTH,Grove Ridge,Apartment,2 B/R,Off-Plan,119.18,2529888,102-28989-2026
2026-03-25,EMAAR SOUTH,Grove Ridge,Apartment,2 B/R,Off-Plan,126.84,2325888,102-28995-2026
2026-03-25,DUBAI CREEK HARBOUR,Creek Haven,Apartment,3 B/R,Off-Plan,173.06,5522190,102-29004-2026
2026-03-25,DUBAI CREEK HARBOUR,Silva,Apartment,2 B/R,Off-Plan,130.34,3011888,102-29014-2026
2026-03-25,EMAAR SOUTH,Grove Ridge,Apartment,2 B/R,Off-Plan,127.78,1995888,102-29016-2026
2026-03-25,EMAAR SOUTH,Grove Ridge,Apartment,2 B/R,Off-Plan,127.8,1988888,102-29018-2026
2026-03-25,EMAAR SOUTH,Grove Ridge,Apartment,1 B/R,Off-Plan,74.47,1286888,102-29022-2026
2026-03-25,EMAAR SOUTH,Grove Ridge,Apartment,1 B/R,Off-Plan,76.68,1338888,102-29026-2026
2026-03-25,EMAAR SOUTH,Grove Ridge,Apartment,1 B/R,Off-Plan,74.48,1296888,102-29029-2026
2026-03-25,EMAAR SOUTH,Grove Ridge,Apartment,2 B/R,Off-Plan,120.13,2414888,102-29034-2026
2026-03-25,EMAAR SOUTH,Grove Ridge,Apartment,2 B/R,Off-Plan,127.07,2458888,102-29041-2026
2026-03-26,EMAAR SOUTH,Vista Ridge,Apartment,2 B/R,Off-Plan,128.47,1997888,102-29112-2026
2026-03-26,EMAAR SOUTH,Vista Ridge,Apartment,2 B/R,Off-Plan,118.97,2528888,102-29113-2026
2026-03-26,EMAAR SOUTH,Vista Ridge,Apartment,2 B/R,Off-Plan,127.67,2538090,102-29114-2026
2026-03-26,EMAAR SOUTH,Grove Ridge,Apartment,2 B/R,Off-Plan,127.78,2006888,102-29115-2026
2026-03-26,EMAAR SOUTH,Grove Ridge,Apartment,2 B/R,Off-Plan,127.07,2676888,102-29116-2026
2026-03-26,EMAAR SOUTH,Vista Ridge,Apartment,2 B/R,Off-Plan,126.82,2324888,102-29117-2026
2026-03-26,DUBAI CREEK HARBOUR,Montiva,Apartment,1 B/R,Off-Plan,70.13,1921888,102-29121-2026
2026-03-26,DUBAI CREEK HARBOUR,Altan,Apartment,2 B/R,Off-Plan,133.34,3264888,102-29122-2026
2026-03-26,DUBAI CREEK HARBOUR,Lyvia by Palace,Apartment,2 B/R,Off-Plan,106.28,2940888,102-29126-2026
2026-03-26,DUBAI CREEK HARBOUR,Creek Haven,Apartment,2 B/R,Off-Plan,110.71,3501888,102-29130-2026
2026-03-26,DUBAI CREEK HARBOUR,Creek Haven,Apartment,2 B/R,Off-Plan,110.6,2840888,102-29136-2026
2026-03-26,DUBAI CREEK HARBOUR,Albero,Apartment,1 B/R,Off-Plan,70.37,1813888,102-29146-2026
2026-03-26,DUBAI CREEK HARBOUR,Altan,Apartment,2 B/R,Off-Plan,109.39,2711888,102-29188-2026
2026-03-26,DUBAI CREEK HARBOUR,Silva,Apartment,2 B/R,Off-Plan,133.78,3070888,102-29198-2026
2026-03-26,DUBAI CREEK HARBOUR,Creek Waters,Apartment,1 B/R,Off-Plan,72.55,2037888,102-29213-2026
2026-03-26,DUBAI CREEK HARBOUR,Creek Haven,Apartment,2 B/R,Off-Plan,110.9,2687050,102-29223-2026
2026-03-26,DUBAI CREEK HARBOUR,Montiva,Apartment,2 B/R,Off-Plan,111.98,2897750,102-29236-2026
2026-03-26,DUBAI CREEK HARBOUR,Altan,Apartment,2 B/R,Off-Plan,133.34,3258888,102-29241-2026
2026-03-26,DUBAI CREEK HARBOUR,Silva,Apartment,2 B/R,Off-Plan,130.34,3119888,102-29251-2026
2026-03-26,EMAAR SOUTH,Vista Ridge,Apartment,1 B/R,Off-Plan,76.69,1343888,102-29256-2026
2026-03-26,EMAAR SOUTH,Vista Ridge,Apartment,2 B/R,Off-Plan,128.41,1993888,102-29268-2026
2026-03-26,EMAAR SOUTH,Vista Ridge,Apartment,2 B/R,Off-Plan,119.46,2537888,102-29277-2026
2026-03-26,DUBAI CREEK HARBOUR,Altan,Apartment,2 B/R,Off-Plan,133.34,3270888,102-29280-2026
2026-03-26,DUBAI CREEK HARBOUR,Creek Haven,Apartment,2 B/R,Off-Plan,115.21,2797888,102-29334-2026
2026-03-26,DUBAI CREEK HARBOUR,Aeon,Apartment,1 B/R,Off-Plan,70.92,1752888,102-29335-2026
2026-03-26,DUBAI CREEK HARBOUR,Creek Haven,Apartment,3 B/R,Off-Plan,173.05,5593888,102-29350-2026
2026-03-26,DUBAI CREEK HARBOUR,Altan,Apartment,2 B/R,Off-Plan,133.49,3515888,102-29355-2026
2026-03-27,DUBAI CREEK HARBOUR,Creek Haven,Apartment,2 B/R,Off-Plan,116.07,4084888,102-29791-2026
2026-03-30,DUBAI CREEK HARBOUR,Altan,Apartment,2 B/R,Off-Plan,133.34,3252888,102-29987-2026
2026-03-30,DUBAI CREEK HARBOUR,Altan,Apartment,2 B/R,Off-Plan,135.02,3292888,102-29988-2026
2026-03-30,DUBAI CREEK HARBOUR,Altan,Apartment,2 B/R,Off-Plan,133.34,3239888,102-29989-2026
2026-03-30,DUBAI CREEK HARBOUR,Creek Haven,Apartment,3 B/R,Off-Plan,173.04,4358888,102-29990-2026
2026-03-30,EMAAR SOUTH,Golf Hills 2,Apartment,2 B/R,Off-Plan,92.32,1855888,102-29992-2026
2026-03-30,DUBAI CREEK HARBOUR,Altan,Apartment,2 B/R,Off-Plan,135.02,3305888,102-29993-2026
2026-03-30,DUBAI CREEK HARBOUR,Albero,Apartment,3 B/R,Off-Plan,171.7,4204888,102-29999-2026
2026-03-30,DUBAI CREEK HARBOUR,Creek Waters 2,Apartment,2 B/R,Off-Plan,105.51,3272888,102-30001-2026
2026-03-30,DUBAI CREEK HARBOUR,Silva,Apartment,2 B/R,Off-Plan,130.34,3057888,102-30014-2026
2026-03-30,DUBAI CREEK HARBOUR,Lyvia by Palace,Apartment,2 B/R,Off-Plan,106.28,3170888,102-30022-2026
2026-03-30,DUBAI CREEK HARBOUR,Albero,Apartment,2 B/R,Off-Plan,135.02,3292888,102-30028-2026
2026-03-30,DUBAI CREEK HARBOUR,Creek Haven,Apartment,3 B/R,Off-Plan,173.04,5531888,102-30034-2026
2026-03-30,DUBAI CREEK HARBOUR,Creek Haven,Apartment,2 B/R,Off-Plan,110.95,2757888,102-30041-2026
2026-03-30,DUBAI CREEK HARBOUR,Creek Bay,Apartment,2 B/R,Off-Plan,146.22,4448888,102-30046-2026
2026-03-30,DUBAI CREEK HARBOUR,Creek Bay,Apartment,2 B/R,Off-Plan,116.11,4189888,102-30067-2026
2026-03-30,DUBAI CREEK HARBOUR,Altan,Apartment,3 B/R,Off-Plan,171.7,4149888,102-30089-2026
2026-03-30,DUBAI CREEK HARBOUR,Lyvia by Palace,Apartment,2 B/R,Off-Plan,106.28,2934888,102-30099-2026
2026-03-30,EMAAR SOUTH,Vista Ridge,Apartment,2 B/R,Off-Plan,128.48,2011888,102-30235-2026
2026-03-31,EMAAR SOUTH,Vista Ridge,Apartment,3 B/R,Off-Plan,162.76,3383888,102-30540-2026
2026-03-31,DUBAI CREEK HARBOUR,Lyvia by Palace,Apartment,2 B/R,Off-Plan,106.28,2887950,102-30579-2026
2026-03-31,DUBAI CREEK HARBOUR,Altan,Apartment,2 B/R,Off-Plan,109.39,2716888,102-30584-2026
2026-03-31,DUBAI CREEK HARBOUR,Albero,Apartment,2 B/R,Off-Plan,133.34,3320888,102-30752-2026
2026-03-31,DUBAI CREEK HARBOUR,Silva,Apartment,2 B/R,Off-Plan,107.25,2654888,102-30858-2026
2026-03-31,DUBAI CREEK HARBOUR,Creek Haven,Apartment,1 B/R,Off-Plan,68.13,1953888,102-30877-2026
2026-03-31,DUBAI CREEK HARBOUR,Creek Haven,Apartment,2 B/R,Off-Plan,110.87,3891888,102-30883-2026
2026-03-31,DUBAI CREEK HARBOUR,Albero,Apartment,3 B/R,Off-Plan,171.7,4133888,102-30899-2026
2026-03-31,DUBAI CREEK HARBOUR,Creek Bay,Apartment,2 B/R,Off-Plan,115.98,3867888,102-30908-2026
2026-03-31,DUBAI CREEK HARBOUR,Creek Bay,Apartment,1 B/R,Off-Plan,68.45,1864888,102-30938-2026
2026-03-31,DUBAI CREEK HARBOUR,Creek Bay,Apartment,2 B/R,Off-Plan,115.98,3924888,102-30946-2026
2026-03-31,DUBAI CREEK HARBOUR,Creek Bay,Apartment,3 B/R,Off-Plan,172.34,5848888,102-30959-2026
2026-03-31,DUBAI CREEK HARBOUR,Creek Bay,Apartment,2 B/R,Off-Plan,133.19,5020888,102-30970-2026
2026-03-31,DUBAI CREEK HARBOUR,Creek Bay,Apartment,2 B/R,Off-Plan,133.19,4966888,102-30985-2026
2026-03-31,DUBAI CREEK HARBOUR,Silva,Apartment,2 B/R,Off-Plan,133.78,3064888,102-30996-2026
2026-03-31,DUBAI CREEK HARBOUR,Creek Bay,Apartment,2 B/R,Off-Plan,133.03,4567888,102-31004-2026
2026-03-31,DUBAI CREEK HARBOUR,Montiva,Apartment,2 B/R,Off-Plan,106.2,2817888,102-31008-2026
2026-03-31,DUBAI CREEK HARBOUR,Lyvia by Palace,Apartment,2 B/R,Off-Plan,106.28,3062390,102-31019-2026
2026-03-31,DUBAI CREEK HARBOUR,Creek Haven,Apartment,2 B/R,Off-Plan,111.76,3584888,102-31033-2026
2026-03-31,DUBAI CREEK HARBOUR,Montiva,Apartment,2 B/R,Off-Plan,115,2868888,102-31038-2026
2026-03-09,DUBAI CREEK HARBOUR,Creek Beach - VIDA Residences,Apartment,3 B/R,Ready,183.25,5150000,11-10035-2026
2026-03-09,DUBAI CREEK HARBOUR,Creek Beach - Rosewater,Apartment,2 B/R,Ready,98.76,2995000,11-10057-2026
2026-03-10,DUBAI CREEK HARBOUR,The Cove,Apartment,3 B/R,Ready,162.25,3820000,11-10173-2026
2026-03-10,EMAAR SOUTH,Parkside 3,Villa,4 B/R,Ready,324.95,3350000,11-10515-2026
2026-03-10,DUBAI CREEK HARBOUR,Creek Beach - Lotus,Apartment,2 B/R,Ready,95.71,2520000,11-10531-2026
2026-03-10,DUBAI CREEK HARBOUR,Creek Beach - Lotus,Apartment,1 B/R,Ready,83.53,1780000,11-10575-2026
2026-03-11,DUBAI CREEK HARBOUR,THE DUBAI CREEK RESIDENCES,Apartment,2 B/R,Ready,147.2,3550000,11-10591-2026
2026-03-11,DUBAI CREEK HARBOUR,CREEK RISE,Apartment,2 B/R,Ready,102.88,2100000,11-10613-2026
2026-03-11,EMAAR SOUTH,Greenview,Villa,4 B/R,Ready,262.22,3300000,11-10641-2026
2026-03-11,DUBAI CREEK HARBOUR,Harbour Gate,Apartment,3 B/R,Ready,152.28,3575000,11-10658-2026
2026-03-11,EMAAR SOUTH,Greenview,Villa,3 B/R,Ready,137.76,2750000,11-10674-2026
2026-03-11,DUBAI CREEK HARBOUR,Island Park II,Apartment,1 B/R,Ready,68.06,1735700,11-10677-2026
2026-03-11,EMAAR SOUTH,Parkside 3,Villa,3 B/R,Ready,141.04,2250000,11-10692-2026
2026-03-12,DUBAI CREEK HARBOUR,Harbour Gate,Apartment,3 B/R,Ready,76.14,1184444,11-10753-2026
2026-03-12,EMAAR SOUTH,Parkside 2,Villa,4 B/R,Ready,231.04,3000000,11-10812-2026
2026-03-12,DUBAI CREEK HARBOUR,Creek Beach - Rosewater,Apartment,1 B/R,Ready,66.71,1665000,11-10858-2026
2026-03-12,DUBAI CREEK HARBOUR,Island Park I,Apartment,3 B/R,Ready,149.41,4100000,11-10859-2026
2026-03-12,DUBAI CREEK HARBOUR,Island Park I,Apartment,2 B/R,Ready,101.66,2424000,11-10869-2026
2026-03-13,EMAAR SOUTH,Parkside,Villa,3 B/R,Ready,129.71,2270000,11-10898-2026
2026-03-13,DUBAI CREEK HARBOUR,Palace Residences - North,Apartment,1 B/R,Ready,59.8,1880000,11-10911-2026
2026-03-13,DUBAI CREEK HARBOUR,HARBOUR VIEWS,Apartment,2 B/R,Ready,112.95,2750000,11-10915-2026
2026-03-13,EMAAR SOUTH,Parkside 3,Villa,4 B/R,Ready,248.18,3100000,11-10980-2026
2026-03-18,DUBAI CREEK HARBOUR,Harbour Gate,Apartment,2 B/R,Ready,100.49,2600000,11-11008-2026
2026-03-16,DUBAI CREEK HARBOUR,Creek Beach - Breeze,Apartment,2 B/R,Ready,97.46,3000000,11-11054-2026
2026-03-16,DUBAI CREEK HARBOUR,CREEKSIDE 18,Apartment,2 B/R,Ready,125.62,2880000,11-11079-2026
2026-03-16,DUBAI CREEK HARBOUR,Island Park I,Apartment,2 B/R,Ready,104.68,2550000,11-11160-2026
2026-03-17,EMAAR SOUTH,Golf Views,Apartment,1 B/R,Ready,84.06,1165000,11-11219-2026
2026-03-17,DUBAI CREEK HARBOUR,CREEK HORIZON,Apartment,2 B/R,Ready,109.95,2940000,11-11238-2026
2026-03-17,DUBAI CREEK HARBOUR,Island Park II,Apartment,2 B/R,Ready,101.24,2750000,11-11290-2026
2026-03-18,DUBAI CREEK HARBOUR,The Grand,Apartment,2 B/R,Ready,123.18,3900000,11-11315-2026
2026-03-18,EMAAR SOUTH,Parkside,Villa,3 B/R,Ready,144.7,2450000,11-11316-2026
2026-03-18,DUBAI CREEK HARBOUR,HARBOUR VIEWS,Apartment,1 B/R,Ready,76.83,2000000,11-11324-2026
2026-03-18,DUBAI CREEK HARBOUR,17 ICON BAY,Apartment,2 B/R,Ready,100.07,1956186,11-11339-2026
2026-03-18,DUBAI CREEK HARBOUR,Harbour Gate,Apartment,2 B/R,Ready,106.69,2750000,11-11382-2026
2026-03-18,DUBAI CREEK HARBOUR,The Grand,Apartment,1 B/R,Ready,74.24,2400000,11-11404-2026
2026-03-18,DUBAI CREEK HARBOUR,THE DUBAI CREEK RESIDENCES,Apartment,3 B/R,Ready,300.88,8500000,11-11420-2026
2026-03-18,DUBAI CREEK HARBOUR,Harbour Gate,Apartment,2 B/R,Ready,106.01,2700000,11-11433-2026
2026-03-23,EMAAR SOUTH,Parkside 3,Villa,3 B/R,Ready,141.04,2350000,11-11464-2026
2026-03-23,DUBAI CREEK HARBOUR,THE DUBAI CREEK RESIDENCES,Apartment,1 B/R,Ready,91.15,2350000,11-11479-2026
2026-03-23,DUBAI CREEK HARBOUR,THE DUBAI CREEK RESIDENCES,Apartment,3 B/R,Ready,200.03,6300000,11-11494-2026
2026-03-24,DUBAI CREEK HARBOUR,CREEK HORIZON,Apartment,3 B/R,Ready,156.29,3750000,11-11510-2026
2026-03-24,DUBAI CREEK HARBOUR,Creek Beach - Rosewater,Apartment,2 B/R,Ready,100.29,2600000,11-11540-2026
2026-03-24,EMAAR SOUTH,Parkside 2,Villa,4 B/R,Ready,297.35,3000000,11-11592-2026
2026-03-24,DUBAI CREEK HARBOUR,CREEK RISE,Apartment,2 B/R,Ready,103.01,2600000,11-11593-2026
2026-03-24,EMAAR SOUTH,Parkside,Villa,3 B/R,Ready,147.14,2300000,11-11621-2026
2026-03-24,DUBAI CREEK HARBOUR,Creek Palace,Apartment,3 B/R,Ready,154.57,3500000,11-11622-2026
2026-03-25,DUBAI CREEK HARBOUR,Creek Beach - Surf,Apartment,2 B/R,Ready,92.08,2425000,11-11716-2026
2026-03-25,DUBAI CREEK HARBOUR,CREEK RISE,Apartment,2 B/R,Ready,116.69,2600000,11-11719-2026
2026-03-25,DUBAI CREEK HARBOUR,CREEK HORIZON,Apartment,1 B/R,Ready,71.26,1400000,11-11744-2026
2026-03-25,DUBAI CREEK HARBOUR,CREEK HORIZON,Apartment,2 B/R,Ready,110.65,2860000,11-11766-2026
2026-03-26,DUBAI CREEK HARBOUR,The Cove,Apartment,2 B/R,Ready,124.36,3050000,11-11776-2026
2026-03-26,DUBAI CREEK HARBOUR,Harbour Gate,Apartment,1 B/R,Ready,63.52,1690000,11-11833-2026
2026-03-26,DUBAI CREEK HARBOUR,Island Park II,Apartment,2 B/R,Ready,104.68,2500000,11-11837-2026
2026-03-26,DUBAI CREEK HARBOUR,Creek Beach - Savanna-Cedar-Mangrove,Apartment,2 B/R,Ready,95.5,2450000,11-11864-2026
2026-03-27,EMAAR SOUTH,Greenview 3,Villa,4 B/R,Ready,235.37,3550000,11-11912-2026
2026-03-27,DUBAI CREEK HARBOUR,Palace Residences - North,Apartment,3 B/R,Ready,154.51,4550000,11-11971-2026
2026-03-30,DUBAI CREEK HARBOUR,CREEKSIDE 18,Apartment,3 B/R,Ready,150.25,3800000,11-12007-2026
2026-03-30,DUBAI CREEK HARBOUR,17 ICON BAY,Apartment,1 B/R,Ready,124.29,2000000,11-12008-2026
2026-03-30,EMAAR SOUTH,Parkside,Villa,3 B/R,Ready,147.65,2245000,11-12017-2026
2026-03-30,DUBAI CREEK HARBOUR,Creek Beach - Grove,Apartment,2 B/R,Ready,101.18,2550000,11-12060-2026
2026-03-03,DUBAI CREEK HARBOUR,Island Park II,Apartment,1 B/R,Ready,72.89,2000000,11-9489-2026
2026-03-03,DUBAI CREEK HARBOUR,CREEK CRESCENT,Apartment,3 B/R,Ready,146.62,3950000,11-9524-2026
2026-03-03,DUBAI CREEK HARBOUR,CREEKSIDE 18,Apartment,2 B/R,Ready,104.56,2600000,11-9540-2026
2026-03-04,DUBAI CREEK HARBOUR,Creek Beach - Breeze,Apartment,2 B/R,Ready,140.67,2630000,11-9641-2026
2026-03-04,DUBAI CREEK HARBOUR,Palace Residences - North,Apartment,1 B/R,Ready,59.66,1750000,11-9689-2026
2026-03-05,DUBAI CREEK HARBOUR,Creek Beach - Orchid,Apartment,2 B/R,Ready,107.22,2450000,11-9802-2026
2026-03-05,DUBAI CREEK HARBOUR,Creek Beach - VIDA Residences,Apartment,2 B/R,Ready,109.74,3250000,11-9849-2026
2026-03-05,DUBAI CREEK HARBOUR,Creek Gate,Apartment,1 B/R,Ready,66.91,1750000,11-9851-2026
2026-03-06,DUBAI CREEK HARBOUR,Island Park II,Apartment,3 B/R,Ready,149.42,3600000,11-9909-2026
2026-03-09,DUBAI CREEK HARBOUR,Island Park I,Apartment,3 B/R,Ready,151.36,3650000,11-9919-2026
2026-03-06,DUBAI CREEK HARBOUR,CREEK HORIZON,Apartment,3 B/R,Ready,156.45,3850000,11-9924-2026
2026-03-04,DUBAI CREEK HARBOUR,Creek Beach - Savanna-Cedar-Mangrove,Apartment,2 B/R,Ready,92.95,2150000,41-3847-2026
2026-03-03,DUBAI CREEK HARBOUR,Palace Residences - Dubai Creek Harbour,Apartment,3 B/R,Ready,165.24,5550000,41-3982-2026
2026-03-10,EMAAR SOUTH,Greenview 2,Villa,3 B/R,Ready,155.04,2550000,41-4188-2026
2026-03-10,DUBAI CREEK HARBOUR,The Cove,Apartment,2 B/R,Ready,154.45,4424888,41-4200-2026
2026-03-11,EMAAR SOUTH,Parkside 2,Villa,4 B/R,Ready,230.96,2860000,41-4352-2026
2026-03-12,DUBAI CREEK HARBOUR,Creek Beach - Savanna-Cedar-Mangrove,Apartment,1 B/R,Ready,62.53,1760000,41-4426-2026
2026-03-24,EMAAR SOUTH,Golf Views,Apartment,2 B/R,Ready,92.38,1480000,41-4930-2026
2026-03-26,DUBAI CREEK HARBOUR,Palace Residences - Dubai Creek Harbour,Apartment,2 B/R,Ready,102.61,3650000,41-5083-2026
2026-04-09,DUBAI CREEK HARBOUR,Creek Waters,Apartment,2 B/R,Off-Plan,138.6,3550888,102-30346-2026
2026-03-31,DUBAI CREEK HARBOUR,Creek Haven,Apartment,1 B/R,Off-Plan,68.69,1999888,102-31054-2026
2026-03-31,DUBAI CREEK HARBOUR,Creek Haven,Apartment,3 B/R,Off-Plan,173.81,6154888,102-31060-2026
2026-03-31,DUBAI CREEK HARBOUR,Creek Haven,Apartment,1 B/R,Off-Plan,67.62,1967888,102-31072-2026
2026-03-31,DUBAI CREEK HARBOUR,Creek Haven,Apartment,2 B/R,Off-Plan,110.87,3948888,102-31077-2026
2026-03-31,DUBAI CREEK HARBOUR,Creek Haven,Apartment,1 B/R,Off-Plan,68.13,1971888,102-31089-2026
2026-03-31,DUBAI CREEK HARBOUR,Creek Haven,Apartment,1 B/R,Off-Plan,68.13,1912888,102-31105-2026
2026-03-31,DUBAI CREEK HARBOUR,Creek Haven,Apartment,1 B/R,Off-Plan,67.63,1894888,102-31107-2026
2026-03-31,DUBAI CREEK HARBOUR,Lyvia by Palace,Apartment,2 B/R,Off-Plan,106.28,2951888,102-31154-2026
2026-03-31,DUBAI CREEK HARBOUR,Creek Haven,Apartment,1 B/R,Off-Plan,67.63,1963888,102-31165-2026
2026-03-31,DUBAI CREEK HARBOUR,Creek Haven,Apartment,1 B/R,Off-Plan,67.63,1908888,102-31173-2026
2026-04-01,DUBAI CREEK HARBOUR,Creek Haven,Apartment,1 B/R,Off-Plan,68.7,1955888,102-31261-2026
2026-04-01,DUBAI CREEK HARBOUR,Creek Haven,Apartment,1 B/R,Off-Plan,68.69,1992888,102-31262-2026
2026-04-01,DUBAI CREEK HARBOUR,Creek Haven,Apartment,2 B/R,Off-Plan,111.78,3473888,102-31263-2026
2026-04-01,DUBAI CREEK HARBOUR,Creek Haven,Apartment,1 B/R,Off-Plan,67.63,1883888,102-31264-2026
2026-04-01,DUBAI CREEK HARBOUR,Creek Haven,Apartment,1 B/R,Off-Plan,68.13,1886888,102-31265-2026
2026-04-01,DUBAI CREEK HARBOUR,Creek Haven,Apartment,2 B/R,Off-Plan,111.78,3460888,102-31266-2026
2026-04-01,DUBAI CREEK HARBOUR,Albero,Apartment,2 B/R,Off-Plan,135.02,3279888,102-31373-2026
2026-04-01,DUBAI CREEK HARBOUR,Altan,Apartment,2 B/R,Off-Plan,135.02,3286888,102-31380-2026
2026-04-01,DUBAI CREEK HARBOUR,Creek Bay,Apartment,1 B/R,Off-Plan,71,2111790,102-31407-2026
2026-04-01,DUBAI CREEK HARBOUR,Creek Bay,Apartment,2 B/R,Off-Plan,115.98,4232888,102-31419-2026
2026-04-01,DUBAI CREEK HARBOUR,Creek Bay,Apartment,3 B/R,Off-Plan,172.34,5827888,102-31432-2026
2026-04-01,DUBAI CREEK HARBOUR,Creek Bay,Apartment,1 B/R,Off-Plan,68.45,1818888,102-31440-2026
2026-04-01,DUBAI CREEK HARBOUR,Creek Haven,Apartment,1 B/R,Off-Plan,67.63,1861888,102-31451-2026
2026-04-01,DUBAI CREEK HARBOUR,Creek Haven,Apartment,1 B/R,Off-Plan,68.7,1933888,102-31480-2026
2026-04-01,DUBAI CREEK HARBOUR,Creek Haven,Apartment,1 B/R,Off-Plan,68.7,1918888,102-31497-2026
2026-04-01,DUBAI CREEK HARBOUR,Creek Haven,Apartment,1 B/R,Off-Plan,68.13,1894888,102-31505-2026
2026-04-01,DUBAI CREEK HARBOUR,Creek Haven,Apartment,2 B/R,Off-Plan,111.55,3578888,102-31516-2026
2026-04-01,DUBAI CREEK HARBOUR,Creek Haven,Apartment,2 B/R,Off-Plan,110.86,3848888,102-31525-2026
2026-04-01,DUBAI CREEK HARBOUR,Albero,Apartment,3 B/R,Off-Plan,171.7,4196888,102-31535-2026
2026-04-01,DUBAI CREEK HARBOUR,Creek Haven,Apartment,1 B/R,Off-Plan,67.63,1863850,102-31551-2026
2026-04-01,DUBAI CREEK HARBOUR,Creek Bay,Apartment,2 B/R,Off-Plan,134.76,3364888,102-31564-2026
2026-04-01,DUBAI CREEK HARBOUR,Creek Bay,Apartment,1 B/R,Off-Plan,70.34,2049888,102-31575-2026
2026-04-01,DUBAI CREEK HARBOUR,Creek Bay,Apartment,2 B/R,Off-Plan,134.5,3445888,102-31590-2026
2026-04-01,DUBAI CREEK HARBOUR,Creek Bay,Apartment,1 B/R,Off-Plan,68.3,1898888,102-31600-2026
2026-04-01,DUBAI CREEK HARBOUR,Creek Bay,Apartment,1 B/R,Off-Plan,68.3,1898888,102-31602-2026
2026-04-01,DUBAI CREEK HARBOUR,Creek Bay,Apartment,1 B/R,Off-Plan,70.34,2004970,102-31626-2026
2026-04-01,DUBAI CREEK HARBOUR,Silva,Apartment,1 B/R,Off-Plan,68.79,1756050,102-31645-2026
2026-04-01,DUBAI CREEK HARBOUR,Creek Bay,Apartment,1 B/R,Off-Plan,70.34,2053888,102-31651-2026
2026-04-01,DUBAI CREEK HARBOUR,Creek Bay,Apartment,3 B/R,Off-Plan,172.34,5763888,102-31658-2026
2026-04-01,DUBAI CREEK HARBOUR,Creek Haven,Apartment,1 B/R,Off-Plan,68.69,1988888,102-31663-2026
2026-04-01,DUBAI CREEK HARBOUR,Creek Haven,Apartment,1 B/R,Off-Plan,67.63,1874630,102-31667-2026
2026-04-02,DUBAI CREEK HARBOUR,Altan,Apartment,2 B/R,Off-Plan,109.39,2706888,102-31755-2026
2026-04-02,DUBAI CREEK HARBOUR,Albero,Apartment,2 B/R,Off-Plan,133.34,3227888,102-31756-2026
2026-04-02,DUBAI CREEK HARBOUR,Creek Haven,Apartment,3 B/R,Off-Plan,173.82,5986888,102-31758-2026
2026-04-02,DUBAI CREEK HARBOUR,Creek Haven,Apartment,2 B/R,Off-Plan,111.76,3577888,102-31761-2026
2026-04-02,DUBAI CREEK HARBOUR,Creek Bay,Apartment,3 B/R,Off-Plan,172.34,6213888,102-31767-2026
2026-04-02,DUBAI CREEK HARBOUR,Creek Bay,Apartment,1 B/R,Off-Plan,70.65,2174888,102-31774-2026
2026-04-02,DUBAI CREEK HARBOUR,Creek Bay,Apartment,1 B/R,Off-Plan,68.3,1887888,102-31779-2026
2026-04-02,DUBAI CREEK HARBOUR,Creek Bay,Apartment,2 B/R,Off-Plan,115.78,4441888,102-31787-2026
2026-04-02,DUBAI CREEK HARBOUR,Lyvia by Palace,Apartment,1 B/R,Off-Plan,84.9,2494888,102-31793-2026
2026-04-02,EMAAR SOUTH,Grove Ridge,Apartment,1 B/R,Off-Plan,76.68,1346888,102-31820-2026
2026-04-02,EMAAR SOUTH,Grove Ridge,Apartment,1 B/R,Off-Plan,73.26,1280888,102-31830-2026
2026-04-02,EMAAR SOUTH,Grove Ridge,Apartment,2 B/R,Off-Plan,128.28,2000888,102-31840-2026
2026-04-02,DUBAI CREEK HARBOUR,Creek Bay,Apartment,1 B/R,Off-Plan,68.02,1924888,102-31874-2026
2026-04-02,DUBAI CREEK HARBOUR,Creek Bay,Apartment,2 B/R,Off-Plan,134.5,3489888,102-31879-2026
2026-04-02,DUBAI CREEK HARBOUR,Creek Bay,Apartment,1 B/R,Off-Plan,69.99,2167888,102-31881-2026
2026-04-02,DUBAI CREEK HARBOUR,Altan,Apartment,3 B/R,Off-Plan,171.7,4141888,102-31885-2026
2026-04-02,DUBAI CREEK HARBOUR,Creek Bay,Apartment,1 B/R,Off-Plan,68.3,1840330,102-31896-2026
2026-04-02,DUBAI CREEK HARBOUR,Creek Bay,Apartment,2 B/R,Off-Plan,133.19,5002888,102-31899-2026
2026-04-02,DUBAI CREEK HARBOUR,Creek Bay,Apartment,2 B/R,Off-Plan,133.19,4930888,102-31904-2026
2026-04-02,DUBAI CREEK HARBOUR,Creek Bay,Apartment,2 B/R,Off-Plan,134.5,3489888,102-31906-2026
2026-04-02,DUBAI CREEK HARBOUR,Creek Bay,Apartment,1 B/R,Off-Plan,71,2142888,102-31907-2026
2026-04-02,DUBAI CREEK HARBOUR,Creek Bay,Apartment,1 B/R,Off-Plan,70.65,2190888,102-31909-2026
2026-04-02,DUBAI CREEK HARBOUR,Creek Bay,Apartment,3 B/R,Off-Plan,172.7,6412888,102-31915-2026
2026-04-02,DUBAI CREEK HARBOUR,Creek Bay,Apartment,2 B/R,Off-Plan,115.78,4497888,102-31922-2026
2026-04-02,DUBAI CREEK HARBOUR,Creek Bay,Apartment,1 B/R,Off-Plan,68.02,1910888,102-31927-2026
2026-04-02,DUBAI CREEK HARBOUR,Creek Bay,Apartment,1 B/R,Off-Plan,68.02,1910888,102-31932-2026
2026-04-02,DUBAI CREEK HARBOUR,Lyvia by Palace,Apartment,2 B/R,Off-Plan,115.33,2995888,102-31952-2026
2026-04-02,DUBAI CREEK HARBOUR,Creek Bay,Apartment,1 B/R,Off-Plan,70.34,2132888,102-31956-2026
2026-04-02,DUBAI CREEK HARBOUR,Altan,Apartment,1 B/R,Off-Plan,70.37,1813888,102-31962-2026
2026-04-02,DUBAI CREEK HARBOUR,Creek Bay,Apartment,2 B/R,Off-Plan,134.56,3415888,102-31969-2026
2026-04-02,DUBAI CREEK HARBOUR,Creek Bay,Apartment,3 B/R,Off-Plan,172.34,6236888,102-31980-2026
2026-04-02,DUBAI CREEK HARBOUR,Creek Bay,Apartment,3 B/R,Off-Plan,172.7,6366888,102-32008-2026
2026-04-02,DUBAI CREEK HARBOUR,Creek Bay,Apartment,2 B/R,Off-Plan,134.56,3403888,102-32011-2026
2026-04-02,DUBAI CREEK HARBOUR,Creek Haven,Apartment,1 B/R,Off-Plan,67.63,1919888,102-32020-2026
2026-04-02,DUBAI CREEK HARBOUR,Creek Haven,Apartment,1 B/R,Off-Plan,67.63,1879888,102-32036-2026
2026-04-02,DUBAI CREEK HARBOUR,Creek Haven,Apartment,2 B/R,Off-Plan,111.78,3493888,102-32044-2026
2026-04-02,DUBAI CREEK HARBOUR,Creek Bay,Apartment,1 B/R,Off-Plan,71,2154888,102-32048-2026
2026-04-02,DUBAI CREEK HARBOUR,Creek Bay,Apartment,1 B/R,Off-Plan,71,2106888,102-32050-2026
2026-04-02,DUBAI CREEK HARBOUR,Creek Haven,Apartment,2 B/R,Off-Plan,111.78,3434888,102-32058-2026
2026-04-02,DUBAI CREEK HARBOUR,Creek Bay,Apartment,1 B/R,Off-Plan,69.99,2152888,102-32070-2026
2026-04-02,DUBAI CREEK HARBOUR,Creek Bay,Apartment,2 B/R,Off-Plan,115.98,3839888,102-32099-2026
2026-04-02,DUBAI CREEK HARBOUR,Creek Bay,Apartment,2 B/R,Off-Plan,133.03,4392888,102-32111-2026
2026-04-02,DUBAI CREEK HARBOUR,Creek Bay,Apartment,1 B/R,Off-Plan,70.34,2097888,102-32122-2026
2026-04-02,DUBAI CREEK HARBOUR,Creek Bay,Apartment,2 B/R,Off-Plan,115.98,3767888,102-32129-2026
2026-04-02,DUBAI CREEK HARBOUR,Creek Bay,Apartment,1 B/R,Off-Plan,68.45,1836888,102-32137-2026
2026-04-02,DUBAI CREEK HARBOUR,Creek Haven,Apartment,2 B/R,Off-Plan,111.53,3288888,102-32147-2026
2026-04-02,DUBAI CREEK HARBOUR,Creek Haven,Apartment,1 B/R,Off-Plan,67.63,1967888,102-32160-2026
2026-04-02,DUBAI CREEK HARBOUR,Creek Haven,Apartment,1 B/R,Off-Plan,68.7,1892888,102-32190-2026
2026-04-02,DUBAI CREEK HARBOUR,Creek Bay,Apartment,1 B/R,Off-Plan,69.99,2144888,102-32195-2026
2026-04-02,DUBAI CREEK HARBOUR,Creek Haven,Apartment,2 B/R,Off-Plan,111.31,2903888,102-32199-2026
2026-04-03,DUBAI CREEK HARBOUR,The Cove ll,Apartment,2 B/R,Off-Plan,128.74,3375000,102-32336-2026
2026-04-03,EMAAR SOUTH,Vista Ridge,Apartment,2 B/R,Off-Plan,120.08,2161888,102-32347-2026
2026-04-03,DUBAI CREEK HARBOUR,Creek Bay,Apartment,1 B/R,Off-Plan,68.45,1829888,102-32470-2026
2026-04-03,DUBAI CREEK HARBOUR,Creek Bay,Apartment,1 B/R,Off-Plan,68.3,1891888,102-32478-2026
2026-04-03,EMAAR SOUTH,Golf Point,Apartment,2 B/R,Off-Plan,98.73,1652888,102-32493-2026
2026-04-06,DUBAI CREEK HARBOUR,Creek Bay,Apartment,1 B/R,Off-Plan,71,2142888,102-32778-2026
2026-04-07,DUBAI CREEK HARBOUR,Creek Bay,Apartment,3 B/R,Off-Plan,172.34,5646888,102-33170-2026
2026-04-07,DUBAI CREEK HARBOUR,Creek Bay,Apartment,2 B/R,Off-Plan,134.76,3289888,102-33171-2026
2026-04-07,DUBAI CREEK HARBOUR,Creek Haven,Apartment,1 B/R,Off-Plan,67.63,1938888,102-33172-2026
2026-04-07,DUBAI CREEK HARBOUR,Creek Haven,Apartment,1 B/R,Off-Plan,68.13,1916888,102-33173-2026
2026-04-07,DUBAI CREEK HARBOUR,Creek Haven,Apartment,1 B/R,Off-Plan,68.7,1910888,102-33174-2026
2026-04-07,DUBAI CREEK HARBOUR,Creek Haven,Apartment,2 B/R,Off-Plan,110.86,3840888,102-33175-2026
2026-04-07,DUBAI CREEK HARBOUR,Creek Bay,Apartment,2 B/R,Off-Plan,115.98,3824888,102-33176-2026
2026-04-07,DUBAI CREEK HARBOUR,Creek Bay,Apartment,2 B/R,Off-Plan,134.77,3371888,102-33177-2026
2026-04-07,DUBAI CREEK HARBOUR,Creek Bay,Apartment,1 B/R,Off-Plan,68.45,1843888,102-33178-2026
2026-04-07,DUBAI CREEK HARBOUR,Creek Bay,Apartment,1 B/R,Off-Plan,71,2114888,102-33180-2026
2026-04-07,DUBAI CREEK HARBOUR,Creek Bay,Apartment,1 B/R,Off-Plan,70.34,2089888,102-33181-2026
2026-04-07,DUBAI CREEK HARBOUR,Creek Haven,Apartment,1 B/R,Off-Plan,67.63,1908888,102-33182-2026
2026-04-07,DUBAI CREEK HARBOUR,Creek Haven,Apartment,1 B/R,Off-Plan,67.63,1857888,102-33183-2026
2026-04-07,DUBAI CREEK HARBOUR,Creek Haven,Apartment,2 B/R,Off-Plan,111.78,3466888,102-33184-2026
2026-04-07,DUBAI CREEK HARBOUR,Creek Bay,Apartment,2 B/R,Off-Plan,115.78,4521888,102-33185-2026
2026-04-07,DUBAI CREEK HARBOUR,Creek Bay,Apartment,1 B/R,Off-Plan,68.02,1872670,102-33186-2026
2026-04-07,DUBAI CREEK HARBOUR,Creek Bay,Apartment,2 B/R,Off-Plan,115.98,3782888,102-33187-2026
2026-04-07,DUBAI CREEK HARBOUR,Creek Haven,Apartment,1 B/R,Off-Plan,67.62,1948888,102-33188-2026
2026-04-07,DUBAI CREEK HARBOUR,Creek Haven,Apartment,1 B/R,Off-Plan,68.69,2007888,102-33189-2026
2026-04-07,DUBAI CREEK HARBOUR,Creek Bay,Apartment,2 B/R,Off-Plan,134.76,3346888,102-33190-2026
2026-04-07,DUBAI CREEK HARBOUR,Creek Haven,Apartment,1 B/R,Off-Plan,67.62,1974888,102-33191-2026
2026-04-07,DUBAI CREEK HARBOUR,Creek Bay,Apartment,3 B/R,Off-Plan,172.34,5784888,102-33192-2026
2026-04-07,DUBAI CREEK HARBOUR,Creek Haven,Apartment,2 B/R,Off-Plan,111.76,3597888,102-33193-2026
2026-04-07,DUBAI CREEK HARBOUR,Creek Bay,Apartment,3 B/R,Off-Plan,172.34,5710888,102-33194-2026
2026-04-07,DUBAI CREEK HARBOUR,Creek Bay,Apartment,1 B/R,Off-Plan,68.02,1917888,102-33195-2026
2026-04-07,DUBAI CREEK HARBOUR,Creek Haven,Apartment,3 B/R,Off-Plan,173.81,6176888,102-33196-2026
2026-04-07,DUBAI CREEK HARBOUR,Creek Haven,Apartment,1 B/R,Off-Plan,68.13,1989888,102-33197-2026
2026-04-07,DUBAI CREEK HARBOUR,Creek Haven,Apartment,1 B/R,Off-Plan,68.69,1985888,102-33198-2026
2026-04-07,DUBAI CREEK HARBOUR,Creek Haven,Apartment,1 B/R,Off-Plan,67.63,1912888,102-33199-2026
2026-04-07,DUBAI CREEK HARBOUR,Creek Haven,Apartment,2 B/R,Off-Plan,110.87,3962888,102-33200-2026
2026-04-07,DUBAI CREEK HARBOUR,Creek Bay,Apartment,1 B/R,Off-Plan,68.45,1853888,102-33201-2026
2026-04-07,DUBAI CREEK HARBOUR,Creek Bay,Apartment,1 B/R,Off-Plan,68.02,1903888,102-33202-2026
2026-04-07,DUBAI CREEK HARBOUR,Creek Bay,Apartment,1 B/R,Off-Plan,70.34,2061888,102-33203-2026
2026-04-07,DUBAI CREEK HARBOUR,Creek Haven,Apartment,2 B/R,Off-Plan,116.07,4107888,102-33204-2026
2026-04-07,DUBAI CREEK HARBOUR,Creek Haven,Apartment,2 B/R,Off-Plan,116.05,3958888,102-33205-2026
2026-04-07,DUBAI CREEK HARBOUR,Creek Haven,Apartment,1 B/R,Off-Plan,67.63,1886888,102-33206-2026
2026-04-07,DUBAI CREEK HARBOUR,Creek Bay,Apartment,1 B/R,Off-Plan,70.34,2112888,102-33207-2026
2026-04-07,DUBAI CREEK HARBOUR,Creek Haven,Apartment,2 B/R,Off-Plan,111.78,3421888,102-33208-2026
2026-04-07,DUBAI CREEK HARBOUR,Altan,Apartment,2 B/R,Off-Plan,135.02,3286888,102-33209-2026
2026-04-07,DUBAI CREEK HARBOUR,Creek Haven,Apartment,1 B/R,Off-Plan,68.13,1920888,102-33211-2026
2026-04-07,DUBAI CREEK HARBOUR,Creek Haven,Apartment,1 B/R,Off-Plan,67.63,1923888,102-33212-2026
2026-04-07,DUBAI CREEK HARBOUR,Creek Haven,Apartment,1 B/R,Off-Plan,67.63,1916888,102-33213-2026
2026-04-07,DUBAI CREEK HARBOUR,Creek Bay,Apartment,1 B/R,Off-Plan,71,2082888,102-33215-2026
2026-04-07,DUBAI CREEK HARBOUR,Creek Bay,Apartment,1 B/R,Off-Plan,70.34,2077888,102-33216-2026
2026-04-07,DUBAI CREEK HARBOUR,Creek Bay,Apartment,1 B/R,Off-Plan,68.02,1893888,102-33218-2026
2026-04-07,DUBAI CREEK HARBOUR,Creek Haven,Apartment,2 B/R,Off-Plan,111.78,3168888,102-33219-2026
2026-04-07,DUBAI CREEK HARBOUR,Creek Bay,Apartment,1 B/R,Off-Plan,68.3,1887888,102-33220-2026
2026-04-07,DUBAI CREEK HARBOUR,Creek Bay,Apartment,2 B/R,Off-Plan,133.19,5011888,102-33221-2026
2026-04-07,DUBAI CREEK HARBOUR,Creek Haven,Apartment,1 B/R,Off-Plan,67.63,1876888,102-33223-2026
2026-04-07,DUBAI CREEK HARBOUR,Creek Bay,Apartment,2 B/R,Off-Plan,133.03,4509888,102-33224-2026
2026-04-07,DUBAI CREEK HARBOUR,Creek Bay,Apartment,2 B/R,Off-Plan,133.03,4551888,102-33227-2026
2026-04-07,DUBAI CREEK HARBOUR,Creek Bay,Apartment,1 B/R,Off-Plan,68.45,1811888,102-33230-2026
2026-04-07,DUBAI CREEK HARBOUR,Creek Bay,Apartment,3 B/R,Off-Plan,172.7,6423888,102-33231-2026
2026-04-07,DUBAI CREEK HARBOUR,Creek Bay,Apartment,1 B/R,Off-Plan,70.65,2194888,102-33232-2026
2026-04-07,DUBAI CREEK HARBOUR,Creek Bay,Apartment,1 B/R,Off-Plan,70.69,2033888,102-33234-2026
2026-04-07,DUBAI CREEK HARBOUR,Creek Haven,Apartment,1 B/R,Off-Plan,67.63,1905888,102-33235-2026
2026-04-07,DUBAI CREEK HARBOUR,Creek Bay,Apartment,1 B/R,Off-Plan,70.34,2101888,102-33236-2026
2026-04-07,DUBAI CREEK HARBOUR,Creek Bay,Apartment,1 B/R,Off-Plan,70.34,2037888,102-33239-2026
2026-04-07,DUBAI CREEK HARBOUR,Creek Bay,Apartment,1 B/R,Off-Plan,70.34,2085888,102-33240-2026
2026-04-07,DUBAI CREEK HARBOUR,Creek Bay,Apartment,1 B/R,Off-Plan,68.3,1894888,102-33241-2026
2026-04-07,DUBAI CREEK HARBOUR,Altan,Apartment,1 B/R,Off-Plan,70.37,1813888,102-33244-2026
2026-04-07,DUBAI CREEK HARBOUR,Creek Bay,Apartment,1 B/R,Off-Plan,70.34,2030888,102-33245-2026
2026-04-07,DUBAI CREEK HARBOUR,Creek Bay,Apartment,1 B/R,Off-Plan,71,2055888,102-33246-2026
2026-04-07,DUBAI CREEK HARBOUR,Creek Bay,Apartment,3 B/R,Off-Plan,172.7,5809330,102-33247-2026
2026-04-07,DUBAI CREEK HARBOUR,Creek Haven,Apartment,2 B/R,Off-Plan,111.76,3532888,102-33248-2026
2026-04-07,DUBAI CREEK HARBOUR,Creek Bay,Apartment,2 B/R,Off-Plan,115.79,3945888,102-33250-2026
2026-04-07,DUBAI CREEK HARBOUR,Creek Bay,Apartment,2 B/R,Off-Plan,115.78,4505888,102-33252-2026
2026-04-07,DUBAI CREEK HARBOUR,Creek Bay,Apartment,3 B/R,Off-Plan,172.7,6435888,102-33256-2026
2026-04-07,DUBAI CREEK HARBOUR,Creek Bay,Apartment,2 B/R,Off-Plan,115.78,4513888,102-33261-2026
2026-04-07,DUBAI CREEK HARBOUR,Creek Bay,Apartment,2 B/R,Off-Plan,133.03,4376888,102-33262-2026
2026-04-07,DUBAI CREEK HARBOUR,Creek Bay,Apartment,1 B/R,Off-Plan,69.99,2160888,102-33268-2026
2026-04-07,DUBAI CREEK HARBOUR,Creek Bay,Apartment,2 B/R,Off-Plan,134.76,3295888,102-33272-2026
2026-04-07,DUBAI CREEK HARBOUR,Creek Bay,Apartment,3 B/R,Off-Plan,172.7,5895888,102-33283-2026
2026-04-07,DUBAI CREEK HARBOUR,Creek Bay,Apartment,3 B/R,Off-Plan,172.34,5635888,102-33291-2026
2026-04-07,DUBAI CREEK HARBOUR,Creek Bay,Apartment,2 B/R,Off-Plan,133.03,4526888,102-33297-2026
2026-04-07,DUBAI CREEK HARBOUR,Creek Bay,Apartment,2 B/R,Off-Plan,133.19,5029888,102-33301-2026
2026-04-07,DUBAI CREEK HARBOUR,Creek Haven,Apartment,1 B/R,Off-Plan,68.13,1934888,102-33304-2026
2026-04-07,DUBAI CREEK HARBOUR,Creek Bay,Apartment,1 B/R,Off-Plan,68.45,1857888,102-33308-2026
2026-04-07,DUBAI CREEK HARBOUR,Creek Bay,Apartment,1 B/R,Off-Plan,68.02,1893888,102-33313-2026
2026-04-07,DUBAI CREEK HARBOUR,Creek Bay,Apartment,1 B/R,Off-Plan,71,2118888,102-33314-2026
2026-04-07,DUBAI CREEK HARBOUR,Creek Haven,Apartment,1 B/R,Off-Plan,67.63,1959888,102-33318-2026
2026-04-07,DUBAI CREEK HARBOUR,Creek Haven,Apartment,1 B/R,Off-Plan,68.13,1982888,102-33322-2026
2026-04-07,DUBAI CREEK HARBOUR,Creek Bay,Apartment,3 B/R,Off-Plan,172.34,5720888,102-33323-2026
2026-04-07,DUBAI CREEK HARBOUR,Creek Bay,Apartment,2 B/R,Off-Plan,115.98,3789888,102-33327-2026
2026-04-07,DUBAI CREEK HARBOUR,Creek Haven,Apartment,1 B/R,Off-Plan,68.13,1975888,102-33331-2026
2026-04-07,DUBAI CREEK HARBOUR,Silva,Apartment,2 B/R,Off-Plan,130.34,2994888,102-33332-2026
2026-04-07,DUBAI CREEK HARBOUR,Creek Haven,Apartment,1 B/R,Off-Plan,68.7,1899888,102-33335-2026
2026-04-07,DUBAI CREEK HARBOUR,Creek Bay,Apartment,3 B/R,Off-Plan,172.7,5937888,102-33347-2026
2026-04-07,DUBAI CREEK HARBOUR,Creek Bay,Apartment,2 B/R,Off-Plan,134.76,3270888,102-33352-2026
2026-04-07,DUBAI CREEK HARBOUR,Creek Bay,Apartment,1 B/R,Off-Plan,68.02,1896888,102-33355-2026
2026-04-07,DUBAI CREEK HARBOUR,Creek Bay,Apartment,1 B/R,Off-Plan,69.99,2132888,102-33367-2026
2026-04-07,DUBAI CREEK HARBOUR,Creek Bay,Apartment,1 B/R,Off-Plan,68.3,1870888,102-33369-2026
2026-04-07,DUBAI CREEK HARBOUR,Palace Residences Creek Blue,Apartment,3 B/R,Off-Plan,148.73,4771888,102-33373-2026
2026-04-07,EMAAR SOUTH,Golf Point,Apartment,1 B/R,Off-Plan,62.69,944888,102-33376-2026
2026-04-07,DUBAI CREEK HARBOUR,Creek Bay,Apartment,1 B/R,Off-Plan,71,2074888,102-33379-2026
2026-04-07,DUBAI CREEK HARBOUR,Creek Bay,Apartment,3 B/R,Off-Plan,172.34,6157230,102-33383-2026
2026-04-07,DUBAI CREEK HARBOUR,Creek Bay,Apartment,1 B/R,Off-Plan,70.34,2116888,102-33385-2026
2026-04-07,DUBAI CREEK HARBOUR,Creek Bay,Apartment,2 B/R,Off-Plan,133.03,4789888,102-33390-2026
2026-04-07,DUBAI CREEK HARBOUR,Creek Bay,Apartment,2 B/R,Off-Plan,115.98,3917888,102-33392-2026
2026-04-07,DUBAI CREEK HARBOUR,Creek Bay,Apartment,1 B/R,Off-Plan,70.34,2098070,102-33393-2026
2026-04-07,DUBAI CREEK HARBOUR,Creek Bay,Apartment,2 B/R,Off-Plan,133.03,4559888,102-33395-2026
2026-04-07,DUBAI CREEK HARBOUR,Creek Haven,Apartment,1 B/R,Off-Plan,68.69,1996888,102-33402-2026
2026-04-07,EMAAR SOUTH,Golf Hills 2,Apartment,2 B/R,Off-Plan,92.02,1589888,102-33444-2026
2026-04-07,EMAAR SOUTH,Golf Hills 2,Apartment,2 B/R,Off-Plan,92.03,1593888,102-33450-2026
2026-04-07,EMAAR SOUTH,Golf Hills,Apartment,1 B/R,Off-Plan,63.19,1394888,102-33451-2026
2026-04-07,EMAAR SOUTH,Golf Hills 2,Apartment,2 B/R,Off-Plan,92.03,2074888,102-33455-2026
2026-04-07,EMAAR SOUTH,Vista Ridge,Apartment,2 B/R,Off-Plan,139.53,2031888,102-33458-2026
2026-04-07,EMAAR SOUTH,Grove Ridge,Apartment,2 B/R,Off-Plan,128.28,2004888,102-33464-2026
2026-04-07,EMAAR SOUTH,Golf Meadow,Apartment,2 B/R,Off-Plan,105.25,1672888,102-33465-2026
2026-04-07,EMAAR SOUTH,Golf Hills 2,Apartment,1 B/R,Off-Plan,62.81,1118888,102-33466-2026
2026-04-07,EMAAR SOUTH,Vista Ridge,Apartment,2 B/R,Off-Plan,126.82,2591888,102-33468-2026
2026-04-07,EMAAR SOUTH,Golf Hills 2,Apartment,1 B/R,Off-Plan,62.7,1120888,102-33470-2026
2026-04-07,EMAAR SOUTH,Vista Ridge,Apartment,2 B/R,Off-Plan,126.82,2581888,102-33471-2026
2026-04-07,EMAAR SOUTH,Vista Ridge,Apartment,2 B/R,Off-Plan,120.08,2549888,102-33477-2026
2026-04-07,EMAAR SOUTH,Grove Ridge,Apartment,1 B/R,Off-Plan,76.68,1346888,102-33482-2026
2026-04-07,EMAAR SOUTH,Vista Ridge,Apartment,2 B/R,Off-Plan,119.46,2542888,102-33486-2026
2026-04-07,EMAAR SOUTH,Golf Hills 2,Apartment,1 B/R,Off-Plan,62.46,1112888,102-33491-2026
2026-04-07,EMAAR SOUTH,Grove Ridge,Apartment,2 B/R,Off-Plan,128.28,1981710,102-33494-2026
2026-04-07,EMAAR SOUTH,Golf Hills,Apartment,2 B/R,Off-Plan,92.03,1593888,102-33501-2026
2026-04-07,EMAAR SOUTH,Vista Ridge,Apartment,2 B/R,Off-Plan,120.08,2540888,102-33509-2026
2026-04-07,EMAAR SOUTH,Golf Hills,Apartment,2 B/R,Off-Plan,92.03,1596888,102-33511-2026
2026-04-07,EMAAR SOUTH,Vista Ridge,Apartment,1 B/R,Off-Plan,73.21,1277888,102-33547-2026
2026-04-07,EMAAR SOUTH,Golf Hills,Apartment,2 B/R,Off-Plan,92.03,1596888,102-33559-2026
2026-04-07,EMAAR SOUTH,Vista Ridge,Apartment,1 B/R,Off-Plan,73.73,1293888,102-33560-2026
2026-04-07,DUBAI CREEK HARBOUR,Creek Bay,Apartment,1 B/R,Off-Plan,68.02,1903888,102-33571-2026
2026-04-07,EMAAR SOUTH,Vista Ridge,Apartment,1 B/R,Off-Plan,73.85,1286888,102-33576-2026
2026-04-07,EMAAR SOUTH,Grove Ridge,Apartment,2 B/R,Off-Plan,127.78,1999888,102-33605-2026
2026-04-07,EMAAR SOUTH,Vista Ridge,Apartment,2 B/R,Off-Plan,128.48,2023888,102-33609-2026
2026-04-07,EMAAR SOUTH,Vista Ridge,Apartment,2 B/R,Off-Plan,128.48,1990888,102-33616-2026
2026-04-08,EMAAR SOUTH,Golf Hills,Apartment,2 B/R,Off-Plan,92.03,2070888,102-33712-2026
2026-04-08,EMAAR SOUTH,Golf Hills 2,Apartment,2 B/R,Off-Plan,98.55,1607888,102-33713-2026
2026-04-08,EMAAR SOUTH,Vista Ridge,Apartment,2 B/R,Off-Plan,120.08,2545888,102-33714-2026
2026-04-08,EMAAR SOUTH,Golf Hills 2,Apartment,2 B/R,Off-Plan,92.02,1589888,102-33715-2026
2026-04-08,EMAAR SOUTH,Golf Hills 2,Apartment,2 B/R,Off-Plan,98.55,1610888,102-33720-2026
2026-04-08,EMAAR SOUTH,Grove Ridge,Apartment,2 B/R,Off-Plan,127.8,2022888,102-33722-2026
2026-04-08,EMAAR SOUTH,Grove Ridge,Apartment,1 B/R,Off-Plan,73.26,1295888,102-33723-2026
2026-04-08,EMAAR SOUTH,Grove Ridge,Apartment,1 B/R,Off-Plan,76.68,1362888,102-33726-2026
2026-04-08,EMAAR SOUTH,Golf Hills,Apartment,2 B/R,Off-Plan,121.4,1756888,102-33730-2026
2026-04-08,EMAAR SOUTH,Golf Vale,Apartment,1 B/R,Off-Plan,62.8,1121888,102-33735-2026
2026-04-08,EMAAR SOUTH,Golf Vale,Apartment,1 B/R,Off-Plan,62.8,1114888,102-33746-2026
2026-04-08,EMAAR SOUTH,Golf Vale,Apartment,1 B/R,Off-Plan,62.82,1435888,102-33756-2026
2026-04-08,EMAAR SOUTH,Golf Vale,Apartment,1 B/R,Off-Plan,62.82,1457888,102-33763-2026
2026-04-08,EMAAR SOUTH,Golf Vale,Apartment,2 B/R,Off-Plan,91.72,2065888,102-33770-2026
2026-04-08,EMAAR SOUTH,Golf Vale,Apartment,3 B/R,Off-Plan,160.28,3428888,102-33781-2026
2026-04-08,EMAAR SOUTH,Golf Vale,Apartment,1 B/R,Off-Plan,62.62,1425888,102-33787-2026
2026-04-08,EMAAR SOUTH,Vista Ridge,Apartment,2 B/R,Off-Plan,128.48,1986888,102-33813-2026
2026-04-08,DUBAI CREEK HARBOUR,Creek Bay,Apartment,1 B/R,Off-Plan,68.02,1900888,102-33854-2026
2026-04-08,DUBAI CREEK HARBOUR,Creek Bay,Apartment,2 B/R,Off-Plan,134.5,3445888,102-33861-2026
2026-04-08,DUBAI CREEK HARBOUR,Creek Bay,Apartment,1 B/R,Off-Plan,70.65,2162888,102-33869-2026
2026-04-08,DUBAI CREEK HARBOUR,Creek Bay,Apartment,2 B/R,Off-Plan,134.56,3403888,102-33875-2026
2026-04-08,DUBAI CREEK HARBOUR,Creek Bay,Apartment,1 B/R,Off-Plan,68.02,1917888,102-33877-2026
2026-04-08,DUBAI CREEK HARBOUR,Creek Bay,Apartment,2 B/R,Off-Plan,133.19,4582888,102-33880-2026
2026-04-08,DUBAI CREEK HARBOUR,Creek Haven,Apartment,1 B/R,Off-Plan,67.63,1901888,102-33885-2026
2026-04-08,DUBAI CREEK HARBOUR,Creek Bay,Apartment,1 B/R,Off-Plan,71,2134888,102-33888-2026
2026-04-08,DUBAI CREEK HARBOUR,Creek Bay,Apartment,1 B/R,Off-Plan,71,2126888,102-33889-2026
2026-04-08,DUBAI CREEK HARBOUR,Creek Bay,Apartment,1 B/R,Off-Plan,71,2078888,102-33890-2026
2026-04-08,DUBAI CREEK HARBOUR,Creek Haven,Apartment,1 B/R,Off-Plan,68.13,1931888,102-33897-2026
2026-04-08,DUBAI CREEK HARBOUR,Creek Bay,Apartment,2 B/R,Off-Plan,133.03,4434888,102-33898-2026
2026-04-08,DUBAI CREEK HARBOUR,Creek Bay,Apartment,3 B/R,Off-Plan,172.7,5873888,102-33899-2026
2026-04-08,DUBAI CREEK HARBOUR,Creek Bay,Apartment,1 B/R,Off-Plan,70.34,2098070,102-33902-2026
2026-04-08,DUBAI CREEK HARBOUR,Creek Bay,Apartment,3 B/R,Off-Plan,172.7,5916888,102-33904-2026
2026-04-08,DUBAI CREEK HARBOUR,Creek Bay,Apartment,1 B/R,Off-Plan,70.34,2057888,102-33907-2026
2026-04-08,DUBAI CREEK HARBOUR,Albero,Apartment,3 B/R,Off-Plan,171.7,4141888,102-33909-2026
2026-04-08,DUBAI CREEK HARBOUR,Creek Haven,Apartment,1 B/R,Off-Plan,67.62,1920690,102-33912-2026
2026-04-08,DUBAI CREEK HARBOUR,Creek Haven,Apartment,2 B/R,Off-Plan,111.78,3479888,102-33914-2026
2026-04-08,DUBAI CREEK HARBOUR,Creek Bay,Apartment,2 B/R,Off-Plan,115.98,3810888,102-33916-2026
2026-04-08,DUBAI CREEK HARBOUR,Creek Bay,Apartment,1 B/R,Off-Plan,68.45,1846888,102-33921-2026
2026-04-08,DUBAI CREEK HARBOUR,Creek Bay,Apartment,1 B/R,Off-Plan,68.45,1839888,102-33922-2026
2026-04-08,DUBAI CREEK HARBOUR,Creek Haven,Apartment,2 B/R,Off-Plan,116.05,4002888,102-33923-2026
2026-04-08,DUBAI CREEK HARBOUR,Creek Bay,Apartment,1 B/R,Off-Plan,68.3,1891888,102-33927-2026
2026-04-08,DUBAI CREEK HARBOUR,Creek Bay,Apartment,2 B/R,Off-Plan,134.5,3507888,102-33928-2026
2026-04-08,DUBAI CREEK HARBOUR,Creek Bay,Apartment,2 B/R,Off-Plan,115.79,3952888,102-33933-2026
2026-04-08,DUBAI CREEK HARBOUR,Creek Haven,Apartment,2 B/R,Off-Plan,111.76,3518888,102-33935-2026
2026-04-08,DUBAI CREEK HARBOUR,Creek Bay,Apartment,3 B/R,Off-Plan,172.7,5948888,102-33936-2026
2026-04-08,DUBAI CREEK HARBOUR,Creek Haven,Apartment,2 B/R,Off-Plan,111.53,3441888,102-33938-2026
2026-04-08,DUBAI CREEK HARBOUR,Creek Haven,Apartment,1 B/R,Off-Plan,68.7,1888888,102-33947-2026
2026-04-08,DUBAI CREEK HARBOUR,Creek Bay,Apartment,1 B/R,Off-Plan,68.3,1877888,102-33948-2026
2026-04-08,DUBAI CREEK HARBOUR,Creek Bay,Apartment,1 B/R,Off-Plan,69.99,2136888,102-33950-2026
2026-04-08,DUBAI CREEK HARBOUR,Creek Bay,Apartment,1 B/R,Off-Plan,68.02,1896888,102-33951-2026
2026-04-08,DUBAI CREEK HARBOUR,Creek Haven,Apartment,1 B/R,Off-Plan,67.63,1894888,102-33956-2026
2026-04-08,DUBAI CREEK HARBOUR,Creek Bay,Apartment,3 B/R,Off-Plan,172.34,5678888,102-33957-2026
2026-04-08,DUBAI CREEK HARBOUR,Creek Bay,Apartment,1 B/R,Off-Plan,71,2066888,102-33958-2026
2026-04-08,DUBAI CREEK HARBOUR,Creek Bay,Apartment,2 B/R,Off-Plan,134.56,3396888,102-33959-2026
2026-04-08,DUBAI CREEK HARBOUR,Creek Bay,Apartment,1 B/R,Off-Plan,68.02,1917888,102-33961-2026
2026-04-08,DUBAI CREEK HARBOUR,Creek Haven,Apartment,1 B/R,Off-Plan,67.63,1879888,102-33966-2026
2026-04-08,DUBAI CREEK HARBOUR,Creek Bay,Apartment,1 B/R,Off-Plan,70.65,2154888,102-33967-2026
2026-04-08,DUBAI CREEK HARBOUR,Creek Bay,Apartment,2 B/R,Off-Plan,115.79,3924888,102-33973-2026
2026-04-08,DUBAI CREEK HARBOUR,Creek Bay,Apartment,1 B/R,Off-Plan,70.65,2158888,102-33978-2026
2026-04-08,DUBAI CREEK HARBOUR,Creek Haven,Apartment,2 B/R,Off-Plan,111.53,3427888,102-33979-2026
2026-04-08,DUBAI CREEK HARBOUR,Creek Haven,Apartment,1 B/R,Off-Plan,68.69,1970888,102-33986-2026
2026-04-08,DUBAI CREEK HARBOUR,Creek Bay,Apartment,2 B/R,Off-Plan,115.98,3739888,102-33989-2026
2026-04-08,DUBAI CREEK HARBOUR,Creek Haven,Apartment,2 B/R,Off-Plan,110.87,3941888,102-33995-2026
2026-04-08,DUBAI CREEK HARBOUR,Creek Bay,Apartment,1 B/R,Off-Plan,70.65,2186888,102-33996-2026
2026-04-08,DUBAI CREEK HARBOUR,Creek Bay,Apartment,2 B/R,Off-Plan,115.79,3974888,102-33997-2026
2026-04-08,DUBAI CREEK HARBOUR,Creek Bay,Apartment,2 B/R,Off-Plan,133.19,4823450,102-34000-2026
2026-04-08,DUBAI CREEK HARBOUR,Creek Haven,Apartment,1 B/R,Off-Plan,67.63,1952888,102-34002-2026
2026-04-08,DUBAI CREEK HARBOUR,Creek Bay,Apartment,2 B/R,Off-Plan,133.19,4590888,102-34004-2026
2026-04-08,DUBAI CREEK HARBOUR,Creek Bay,Apartment,1 B/R,Off-Plan,71,2058888,102-34006-2026
2026-04-08,DUBAI CREEK HARBOUR,Creek Bay,Apartment,2 B/R,Off-Plan,134.5,3482888,102-34007-2026
2026-04-08,DUBAI CREEK HARBOUR,Creek Bay,Apartment,1 B/R,Off-Plan,68.45,1829888,102-34017-2026
2026-04-08,DUBAI CREEK HARBOUR,Creek Bay,Apartment,1 B/R,Off-Plan,69.99,2171888,102-34024-2026
2026-04-08,EMAAR SOUTH,Golf Vale,Apartment,1 B/R,Off-Plan,62.8,1166888,102-34027-2026
2026-04-08,DUBAI CREEK HARBOUR,Creek Bay,Apartment,1 B/R,Off-Plan,69.99,2175888,102-34028-2026
2026-04-08,DUBAI CREEK HARBOUR,Creek Haven,Apartment,1 B/R,Off-Plan,68.13,1905888,102-34033-2026
2026-04-08,DUBAI CREEK HARBOUR,Creek Bay,Apartment,2 B/R,Off-Plan,115.79,3931888,102-34034-2026
2026-04-08,DUBAI CREEK HARBOUR,Creek Bay,Apartment,3 B/R,Off-Plan,172.34,5795888,102-34036-2026
2026-04-08,DUBAI CREEK HARBOUR,Creek Bay,Apartment,1 B/R,Off-Plan,68.3,1860910,102-34039-2026
2026-04-08,DUBAI CREEK HARBOUR,Creek Haven,Apartment,2 B/R,Off-Plan,116.07,4040888,102-34041-2026
2026-04-08,DUBAI CREEK HARBOUR,Creek Bay,Apartment,2 B/R,Off-Plan,134.56,3360310,102-34042-2026
2026-04-08,DUBAI CREEK HARBOUR,Creek Bay,Apartment,2 B/R,Off-Plan,134.5,3507888,102-34046-2026
2026-04-08,EMAAR SOUTH,Golf Vale,Apartment,2 B/R,Off-Plan,99.93,1633888,102-34047-2026
2026-04-08,DUBAI CREEK HARBOUR,Creek Bay,Apartment,2 B/R,Off-Plan,133.03,4808750,102-34049-2026
2026-04-08,DUBAI CREEK HARBOUR,Creek Bay,Apartment,1 B/R,Off-Plan,68.02,1903888,102-34051-2026
2026-04-08,DUBAI CREEK HARBOUR,Creek Bay,Apartment,1 B/R,Off-Plan,71,2119630,102-34054-2026
2026-04-08,DUBAI CREEK HARBOUR,Creek Bay,Apartment,2 B/R,Off-Plan,134.56,3360310,102-34058-2026
2026-04-08,DUBAI CREEK HARBOUR,Creek Haven,Apartment,2 B/R,Off-Plan,111.78,3049888,102-34059-2026
2026-04-08,DUBAI CREEK HARBOUR,Creek Bay,Apartment,2 B/R,Off-Plan,134.56,3396888,102-34062-2026
2026-04-08,DUBAI CREEK HARBOUR,Creek Bay,Apartment,1 B/R,Off-Plan,68.3,1860910,102-34066-2026
2026-04-08,DUBAI CREEK HARBOUR,Creek Haven,Apartment,1 B/R,Off-Plan,68.13,1901888,102-34069-2026
2026-04-08,DUBAI CREEK HARBOUR,Creek Haven,Apartment,1 B/R,Off-Plan,68.13,1908888,102-34070-2026
2026-04-08,DUBAI CREEK HARBOUR,Creek Bay,Apartment,1 B/R,Off-Plan,68.02,1935888,102-34074-2026
2026-04-08,EMAAR SOUTH,Golf Vale,Apartment,1 B/R,Off-Plan,63.14,1144888,102-34076-2026
2026-04-08,EMAAR SOUTH,Greenville 2,Villa,3 B/R,Off-Plan,255.73,3464888,102-34081-2026
2026-04-08,EMAAR SOUTH,Golf Vale,Apartment,1 B/R,Off-Plan,62.82,1300888,102-34084-2026
2026-04-08,DUBAI CREEK HARBOUR,Creek Bay,Apartment,1 B/R,Off-Plan,68.45,1822888,102-34108-2026
2026-04-08,DUBAI CREEK HARBOUR,Creek Haven,Apartment,1 B/R,Off-Plan,68.13,1938888,102-34110-2026
2026-04-08,DUBAI CREEK HARBOUR,Creek Bay,Apartment,1 B/R,Off-Plan,71,2110888,102-34114-2026
2026-04-08,DUBAI CREEK HARBOUR,Creek Bay,Apartment,1 B/R,Off-Plan,70.34,2120888,102-34118-2026
2026-04-08,DUBAI CREEK HARBOUR,Creek Haven,Apartment,1 B/R,Off-Plan,68.13,1945888,102-34122-2026
2026-04-08,DUBAI CREEK HARBOUR,Creek Bay,Apartment,1 B/R,Off-Plan,68.3,1877888,102-34127-2026
2026-04-08,DUBAI CREEK HARBOUR,Creek Bay,Apartment,1 B/R,Off-Plan,68.3,1884888,102-34131-2026
2026-04-08,DUBAI CREEK HARBOUR,Creek Bay,Apartment,1 B/R,Off-Plan,68.3,1884888,102-34139-2026
2026-04-08,EMAAR SOUTH,Golf Vale,Apartment,1 B/R,Off-Plan,80.49,1223888,102-34153-2026
2026-04-08,DUBAI CREEK HARBOUR,Creek Bay,Apartment,2 B/R,Off-Plan,115.98,3853888,102-34154-2026
2026-04-08,DUBAI CREEK HARBOUR,Creek Bay,Apartment,1 B/R,Off-Plan,68.02,1893888,102-34163-2026
2026-04-08,DUBAI CREEK HARBOUR,Creek Bay,Apartment,1 B/R,Off-Plan,70.34,2128888,102-34175-2026
2026-04-08,DUBAI CREEK HARBOUR,Creek Bay,Apartment,2 B/R,Off-Plan,133.03,4451888,102-34184-2026
2026-04-08,DUBAI CREEK HARBOUR,Creek Bay,Apartment,1 B/R,Off-Plan,69.99,2148888,102-34190-2026
2026-04-09,DUBAI CREEK HARBOUR,Address Residences l Dubai Creek Harbour,Apartment,1 B/R,Off-Plan,68.71,2112549,102-34195-2026
2026-04-09,DUBAI CREEK HARBOUR,Address Residences l Dubai Creek Harbour,Apartment,2 B/R,Off-Plan,115.33,4006419,102-34197-2026
2026-04-09,DUBAI CREEK HARBOUR,Address Residences l Dubai Creek Harbour,Apartment,2 B/R,Off-Plan,103.17,3398559,102-34198-2026
2026-04-09,DUBAI CREEK HARBOUR,Address Residences l Dubai Creek Harbour,Apartment,3 B/R,Off-Plan,177.55,6080469,102-34201-2026
2026-04-08,DUBAI CREEK HARBOUR,Creek Bay,Apartment,1 B/R,Off-Plan,68.45,1846888,102-34203-2026
2026-04-08,DUBAI CREEK HARBOUR,Creek Bay,Apartment,2 B/R,Off-Plan,115.98,3889888,102-34219-2026
2026-04-09,DUBAI CREEK HARBOUR,Creek Bay,Apartment,2 B/R,Off-Plan,115.98,3774888,102-34296-2026
2026-04-09,DUBAI CREEK HARBOUR,Creek Bay,Apartment,1 B/R,Off-Plan,68.3,1894888,102-34297-2026
2026-04-09,DUBAI CREEK HARBOUR,Creek Haven,Apartment,2 B/R,Off-Plan,116.07,4032888,102-34298-2026
2026-04-09,DUBAI CREEK HARBOUR,Creek Haven,Apartment,1 B/R,Off-Plan,67.63,1916888,102-34299-2026
2026-04-09,DUBAI CREEK HARBOUR,Creek Bay,Apartment,1 B/R,Off-Plan,71,2051888,102-34300-2026
2026-04-09,DUBAI CREEK HARBOUR,Creek Haven,Apartment,1 B/R,Off-Plan,68.69,2011888,102-34301-2026
2026-04-09,DUBAI CREEK HARBOUR,Creek Haven,Apartment,1 B/R,Off-Plan,68.7,1905990,102-34302-2026
2026-04-09,DUBAI CREEK HARBOUR,Creek Bay,Apartment,1 B/R,Off-Plan,71,2130888,102-34303-2026
2026-04-09,DUBAI CREEK HARBOUR,Creek Bay,Apartment,1 B/R,Off-Plan,68.02,1907888,102-34305-2026
2026-04-09,DUBAI CREEK HARBOUR,Creek Bay,Apartment,2 B/R,Off-Plan,134.76,3321888,102-34307-2026
2026-04-09,DUBAI CREEK HARBOUR,Creek Bay,Apartment,1 B/R,Off-Plan,70.34,2136888,102-34308-2026
2026-04-09,DUBAI CREEK HARBOUR,Creek Bay,Apartment,1 B/R,Off-Plan,68.3,1873888,102-34310-2026
2026-04-09,DUBAI CREEK HARBOUR,Creek Bay,Apartment,1 B/R,Off-Plan,68.45,1836888,102-34311-2026
2026-04-09,DUBAI CREEK HARBOUR,Creek Bay,Apartment,1 B/R,Off-Plan,68.3,1880888,102-34314-2026
2026-04-09,DUBAI CREEK HARBOUR,Creek Bay,Apartment,3 B/R,Off-Plan,172.7,6377888,102-34316-2026
2026-04-09,DUBAI CREEK HARBOUR,Creek Bay,Apartment,2 B/R,Off-Plan,134.56,3428888,102-34318-2026
2026-04-09,DUBAI CREEK HARBOUR,Creek Bay,Apartment,3 B/R,Off-Plan,172.7,6331888,102-34319-2026
2026-04-09,DUBAI CREEK HARBOUR,Creek Bay,Apartment,1 B/R,Off-Plan,68.3,1894888,102-34320-2026
2026-04-09,DUBAI CREEK HARBOUR,Creek Haven,Apartment,1 B/R,Off-Plan,67.63,1865888,102-34321-2026
2026-04-09,DUBAI CREEK HARBOUR,Creek Bay,Apartment,1 B/R,Off-Plan,68.45,1808888,102-34322-2026
2026-04-09,DUBAI CREEK HARBOUR,Creek Bay,Apartment,2 B/R,Off-Plan,115.79,3881670,102-34323-2026
2026-04-09,DUBAI CREEK HARBOUR,Creek Bay,Apartment,2 B/R,Off-Plan,133.03,4718888,102-34326-2026
2026-04-09,DUBAI CREEK HARBOUR,Creek Haven,Apartment,1 B/R,Off-Plan,68.13,1897888,102-34333-2026
2026-04-09,DUBAI CREEK HARBOUR,Creek Bay,Apartment,1 B/R,Off-Plan,68.02,1917888,102-34334-2026
2026-04-09,DUBAI CREEK HARBOUR,Creek Bay,Apartment,1 B/R,Off-Plan,70.34,2073888,102-34339-2026
2026-04-09,DUBAI CREEK HARBOUR,Creek Haven,Apartment,2 B/R,Off-Plan,116.05,3928888,102-34346-2026
2026-04-09,DUBAI CREEK HARBOUR,Creek Haven,Apartment,2 B/R,Off-Plan,111.53,3493888,102-34347-2026
2026-04-09,DUBAI CREEK HARBOUR,Palace Residences Creek Blue,Apartment,2 B/R,Off-Plan,114.56,3609888,102-34348-2026
2026-04-09,DUBAI CREEK HARBOUR,Creek Bay,Apartment,3 B/R,Off-Plan,172.34,6259888,102-34349-2026
2026-04-09,DUBAI CREEK HARBOUR,Creek Haven,Apartment,1 B/R,Off-Plan,67.62,1963888,102-34352-2026
2026-04-09,DUBAI CREEK HARBOUR,Creek Bay,Apartment,1 B/R,Off-Plan,68.45,1811888,102-34357-2026
2026-04-09,DUBAI CREEK HARBOUR,Creek Haven,Apartment,2 B/R,Off-Plan,110.86,3812888,102-34358-2026
2026-04-09,DUBAI CREEK HARBOUR,Lyvia by Palace,Apartment,1 B/R,Off-Plan,70.13,1992888,102-34365-2026
2026-04-09,DUBAI CREEK HARBOUR,Creek Bay,Apartment,1 B/R,Off-Plan,70.65,2182888,102-34367-2026
2026-04-09,DUBAI CREEK HARBOUR,Creek Bay,Apartment,1 B/R,Off-Plan,68.02,1928888,102-34373-2026
2026-04-09,DUBAI CREEK HARBOUR,Creek Bay,Apartment,1 B/R,Off-Plan,68.02,1900888,102-34378-2026
2026-04-09,DUBAI CREEK HARBOUR,Creek Bay,Apartment,1 B/R,Off-Plan,70.34,2093888,102-34383-2026
2026-04-09,DUBAI CREEK HARBOUR,Creek Haven,Apartment,1 B/R,Off-Plan,68.7,1948888,102-34386-2026
2026-04-09,DUBAI CREEK HARBOUR,Creek Bay,Apartment,1 B/R,Off-Plan,68.02,1872670,102-34398-2026
2026-04-09,DUBAI CREEK HARBOUR,Creek Bay,Apartment,2 B/R,Off-Plan,134.76,3302888,102-34404-2026
2026-04-09,DUBAI CREEK HARBOUR,Creek Bay,Apartment,1 B/R,Off-Plan,68.45,1839888,102-34408-2026
2026-04-09,DUBAI CREEK HARBOUR,Creek Bay,Apartment,1 B/R,Off-Plan,68.02,1914888,102-34412-2026
2026-04-09,DUBAI CREEK HARBOUR,Creek Bay,Apartment,1 B/R,Off-Plan,68.02,1928888,102-34413-2026
2026-04-09,DUBAI CREEK HARBOUR,Creek Bay,Apartment,1 B/R,Off-Plan,71,2070888,102-34424-2026
2026-04-09,DUBAI CREEK HARBOUR,Creek Bay,Apartment,2 B/R,Off-Plan,134.5,3495888,102-34425-2026
2026-04-09,DUBAI CREEK HARBOUR,Creek Haven,Apartment,1 B/R,Off-Plan,68.7,1903888,102-34426-2026
2026-04-09,DUBAI CREEK HARBOUR,Creek Bay,Apartment,2 B/R,Off-Plan,134.76,3358888,102-34441-2026
2026-04-09,DUBAI CREEK HARBOUR,Creek Bay,Apartment,1 B/R,Off-Plan,68.45,1808888,102-34448-2026
2026-04-09,DUBAI CREEK HARBOUR,Creek Bay,Apartment,3 B/R,Off-Plan,172.34,5731888,102-34461-2026
2026-04-09,DUBAI CREEK HARBOUR,Creek Bay,Apartment,1 B/R,Off-Plan,70.65,2154888,102-34482-2026
2026-04-09,DUBAI CREEK HARBOUR,Creek Haven,Apartment,2 B/R,Off-Plan,111.02,2983888,102-34484-2026
2026-04-09,DUBAI CREEK HARBOUR,Creek Bay,Apartment,1 B/R,Off-Plan,70.34,2034888,102-34494-2026
2026-04-09,DUBAI CREEK HARBOUR,Creek Bay,Apartment,1 B/R,Off-Plan,68.45,1825888,102-34495-2026
2026-04-09,DUBAI CREEK HARBOUR,Creek Haven,Apartment,1 B/R,Off-Plan,67.63,1886888,102-34508-2026
2026-04-09,DUBAI CREEK HARBOUR,Creek Haven,Apartment,1 B/R,Off-Plan,67.63,1897888,102-34512-2026
2026-04-09,DUBAI CREEK HARBOUR,Creek Bay,Apartment,2 B/R,Off-Plan,115.98,3831888,102-34534-2026
2026-04-09,DUBAI CREEK HARBOUR,Creek Bay,Apartment,2 B/R,Off-Plan,133.03,4426888,102-34553-2026
2026-04-09,DUBAI CREEK HARBOUR,Creek Haven,Apartment,1 B/R,Off-Plan,67.63,1919888,102-34554-2026
2026-04-09,EMAAR SOUTH,Golf Point,Apartment,1 B/R,Off-Plan,63.07,950000,102-34559-2026
2026-04-09,DUBAI CREEK HARBOUR,Creek Bay,Apartment,1 B/R,Off-Plan,68.45,1860888,102-34571-2026
2026-04-09,DUBAI CREEK HARBOUR,Creek Bay,Apartment,3 B/R,Off-Plan,172.7,6446888,102-34578-2026
2026-04-09,DUBAI CREEK HARBOUR,The Cove ll,Apartment,2 B/R,Off-Plan,114.61,3390000,102-34580-2026
2026-04-09,DUBAI CREEK HARBOUR,Creek Haven,Apartment,2 B/R,Off-Plan,110.6,3271888,102-34582-2026
2026-04-09,DUBAI CREEK HARBOUR,Creek Bay,Apartment,3 B/R,Off-Plan,172.7,5884888,102-34598-2026
2026-04-09,DUBAI CREEK HARBOUR,Creek Haven,Apartment,2 B/R,Off-Plan,115.28,3368888,102-34605-2026
2026-04-09,DUBAI CREEK HARBOUR,Palace Residences Creek Blue,Apartment,2 B/R,Off-Plan,57.28,2071944,102-34607-2026
2026-04-09,DUBAI CREEK HARBOUR,Creek Bay,Apartment,3 B/R,Off-Plan,172.34,5624888,102-34611-2026
2026-04-09,DUBAI CREEK HARBOUR,Creek Bay,Apartment,2 B/R,Off-Plan,134.5,3457888,102-34627-2026
2026-04-09,DUBAI CREEK HARBOUR,Creek Bay,Apartment,2 B/R,Off-Plan,133.03,4459888,102-34632-2026
2026-04-09,DUBAI CREEK HARBOUR,Creek Bay,Apartment,1 B/R,Off-Plan,68.3,1887888,102-34637-2026
2026-04-09,DUBAI CREEK HARBOUR,Creek Bay,Apartment,1 B/R,Off-Plan,71,2150888,102-34644-2026
2026-04-09,DUBAI CREEK HARBOUR,Creek Bay,Apartment,2 B/R,Off-Plan,133.03,4501888,102-34654-2026
2026-04-09,EMAAR SOUTH,Vista Ridge,Apartment,1 B/R,Off-Plan,76.69,1361888,102-34663-2026
2026-04-09,EMAAR SOUTH,Vista Ridge,Apartment,1 B/R,Off-Plan,73.21,1295888,102-34669-2026
2026-04-09,EMAAR SOUTH,Vista Ridge,Apartment,1 B/R,Off-Plan,73.73,1305888,102-34674-2026
2026-04-09,EMAAR SOUTH,Golf Hills 2,Apartment,1 B/R,Off-Plan,62.7,1118888,102-34679-2026
2026-04-09,EMAAR SOUTH,Golf Hills 2,Apartment,2 B/R,Off-Plan,92.45,1995888,102-34689-2026
2026-04-09,EMAAR SOUTH,Grove Ridge,Apartment,1 B/R,Off-Plan,74.48,1311888,102-34695-2026
2026-04-09,DUBAI CREEK HARBOUR,Albero,Apartment,2 B/R,Off-Plan,135.02,3292888,102-34700-2026
2026-04-09,EMAAR SOUTH,Vista Ridge,Apartment,2 B/R,Off-Plan,128.48,2024888,102-34701-2026
2026-04-09,EMAAR SOUTH,Golf Vale,Apartment,1 B/R,Off-Plan,62.82,1289888,102-34705-2026
2026-04-09,DUBAI CREEK HARBOUR,Creek Bay,Apartment,2 B/R,Off-Plan,129.71,4589888,102-34728-2026
2026-04-09,EMAAR SOUTH,Golf Hills 2,Apartment,1 B/R,Off-Plan,62.36,1114888,102-34729-2026
2026-04-09,DUBAI CREEK HARBOUR,Creek Haven,Apartment,1 B/R,Off-Plan,67.63,1890888,102-34734-2026
2026-04-09,EMAAR SOUTH,Golf Vale,Apartment,1 B/R,Off-Plan,62.82,1424888,102-34735-2026
2026-04-09,EMAAR SOUTH,Golf Hills 2,Apartment,2 B/R,Off-Plan,98.87,1677888,102-34739-2026
2026-04-10,DUBAI CREEK HARBOUR,Creek Bay,Apartment,2 B/R,Off-Plan,134.5,3476888,102-34826-2026
2026-04-10,DUBAI CREEK HARBOUR,Creek Bay,Apartment,1 B/R,Off-Plan,69.99,2160888,102-34827-2026
2026-04-10,DUBAI CREEK HARBOUR,Creek Bay,Apartment,2 B/R,Off-Plan,115.78,4481888,102-34828-2026
2026-04-10,DUBAI CREEK HARBOUR,Creek Bay,Apartment,1 B/R,Off-Plan,70.65,2182888,102-34829-2026
2026-04-10,DUBAI CREEK HARBOUR,Creek Bay,Apartment,2 B/R,Off-Plan,133.19,4984888,102-34830-2026
2026-04-10,DUBAI CREEK HARBOUR,Creek Bay,Apartment,3 B/R,Off-Plan,172.7,6389888,102-34831-2026
2026-04-10,DUBAI CREEK HARBOUR,Creek Bay,Apartment,2 B/R,Off-Plan,134.5,3476888,102-34832-2026
2026-04-10,DUBAI CREEK HARBOUR,Creek Bay,Apartment,1 B/R,Off-Plan,68.45,1843888,102-34833-2026
2026-04-10,DUBAI CREEK HARBOUR,Creek Bay,Apartment,2 B/R,Off-Plan,133.19,4615888,102-34834-2026
2026-04-10,DUBAI CREEK HARBOUR,Creek Bay,Apartment,1 B/R,Off-Plan,68.45,1815888,102-34836-2026
2026-04-10,DUBAI CREEK HARBOUR,Creek Bay,Apartment,1 B/R,Off-Plan,70.65,2166888,102-34840-2026
2026-04-10,DUBAI CREEK HARBOUR,Creek Bay,Apartment,1 B/R,Off-Plan,71,2146888,102-34841-2026
2026-04-10,DUBAI CREEK HARBOUR,Creek Bay,Apartment,1 B/R,Off-Plan,68.02,1914888,102-34844-2026
2026-04-10,DUBAI CREEK HARBOUR,Creek Haven,Apartment,1 B/R,Off-Plan,67.63,1974888,102-34845-2026
2026-04-10,DUBAI CREEK HARBOUR,Creek Bay,Apartment,2 B/R,Off-Plan,115.98,3760888,102-34847-2026
2026-04-10,DUBAI CREEK HARBOUR,Creek Bay,Apartment,1 B/R,Off-Plan,70.34,2041888,102-34850-2026
2026-04-10,DUBAI CREEK HARBOUR,Creek Bay,Apartment,1 B/R,Off-Plan,68.3,1891888,102-34851-2026
2026-04-10,DUBAI CREEK HARBOUR,Creek Haven,Apartment,1 B/R,Off-Plan,67.63,1923888,102-34853-2026
2026-04-10,EMAAR SOUTH,Vista Ridge,Apartment,2 B/R,Off-Plan,119.46,2639888,102-34867-2026
2026-04-10,EMAAR SOUTH,Golf Vale,Apartment,2 B/R,Off-Plan,91.72,2053888,102-34880-2026
2026-04-10,EMAAR SOUTH,Golf Vale,Apartment,1 B/R,Off-Plan,62.8,1106888,102-34890-2026
2026-04-10,EMAAR SOUTH,Golf Vale,Apartment,2 B/R,Off-Plan,91.72,1841888,102-34895-2026
2026-04-10,EMAAR SOUTH,Golf Vale,Apartment,1 B/R,Off-Plan,62.82,1446888,102-34899-2026
2026-04-10,EMAAR SOUTH,Golf Vale,Apartment,2 B/R,Off-Plan,91.62,1568888,102-34903-2026
2026-04-10,EMAAR SOUTH,Golf Vale,Apartment,1 B/R,Off-Plan,63.14,1129888,102-34907-2026
2026-04-10,EMAAR SOUTH,Golf Vale,Apartment,1 B/R,Off-Plan,63.14,1091610,102-34916-2026
2026-04-10,EMAAR SOUTH,Golf Hills 2,Apartment,2 B/R,Off-Plan,92.03,1593888,102-34919-2026
2026-04-10,EMAAR SOUTH,Golf Vale,Apartment,1 B/R,Off-Plan,63.14,1130810,102-34930-2026
2026-04-10,EMAAR SOUTH,Golf Vale,Apartment,1 B/R,Off-Plan,62.8,1110888,102-34933-2026
2026-04-10,EMAAR SOUTH,Golf Vale,Apartment,1 B/R,Off-Plan,62.46,1223888,102-34939-2026
2026-04-10,EMAAR SOUTH,Golf Vale,Apartment,1 B/R,Off-Plan,63.14,1121888,102-34944-2026
2026-04-10,EMAAR SOUTH,Golf Vale,Apartment,2 B/R,Off-Plan,99.4,1629012,102-34948-2026
2026-04-10,EMAAR SOUTH,Grove Ridge,Apartment,1 B/R,Off-Plan,74.48,1283690,102-34950-2026
2026-04-10,EMAAR SOUTH,Golf Vale,Apartment,1 B/R,Off-Plan,62.82,1371888,102-34955-2026
2026-04-10,EMAAR SOUTH,Golf Vale,Apartment,2 B/R,Off-Plan,100.05,1625888,102-34958-2026
2026-04-10,EMAAR SOUTH,Golf Vale,Apartment,1 B/R,Off-Plan,62.8,1112888,102-34962-2026
2026-04-10,EMAAR SOUTH,Golf Vale,Apartment,1 B/R,Off-Plan,62.8,1104888,102-34969-2026
2026-04-10,EMAAR SOUTH,Golf Vale,Apartment,1 B/R,Off-Plan,62.82,1228888,102-34970-2026
2026-04-10,EMAAR SOUTH,Golf Vale,Apartment,1 B/R,Off-Plan,62.8,1177888,102-34977-2026
2026-04-10,EMAAR SOUTH,Golf Vale,Apartment,2 B/R,Off-Plan,99.93,1620888,102-34983-2026
2026-04-10,EMAAR SOUTH,Golf Vale,Apartment,2 B/R,Off-Plan,99.4,1687888,102-34985-2026
2026-04-10,EMAAR SOUTH,Golf Vale,Apartment,1 B/R,Off-Plan,62.8,1108888,102-35008-2026
2026-04-10,EMAAR SOUTH,Golf Vale,Apartment,2 B/R,Off-Plan,98.6,2075888,102-35013-2026
2026-04-10,EMAAR SOUTH,Golf Vale,Apartment,1 B/R,Off-Plan,62.8,1114888,102-35019-2026
2026-04-10,EMAAR SOUTH,Golf Vale,Apartment,1 B/R,Off-Plan,62.82,1355888,102-35026-2026
2026-04-10,EMAAR SOUTH,Golf Vale,Apartment,2 B/R,Off-Plan,100.05,1619888,102-35103-2026
2026-04-10,EMAAR SOUTH,Golf Vale,Apartment,1 B/R,Off-Plan,62.8,1158888,102-35113-2026
2026-04-10,EMAAR SOUTH,Golf Vale,Apartment,1 B/R,Off-Plan,62.8,1121888,102-35119-2026
2026-04-10,EMAAR SOUTH,Golf Vale,Apartment,1 B/R,Off-Plan,62.8,1108888,102-35129-2026
2026-04-10,EMAAR SOUTH,Golf Vale,Apartment,1 B/R,Off-Plan,62.46,1196888,102-35132-2026
2026-04-10,EMAAR SOUTH,Golf Vale,Apartment,2 B/R,Off-Plan,91.96,1975888,102-35139-2026
2026-04-10,EMAAR SOUTH,Golf Vale,Apartment,1 B/R,Off-Plan,62.8,1110888,102-35156-2026
2026-04-10,EMAAR SOUTH,Golf Vale,Apartment,1 B/R,Off-Plan,62.8,1095530,102-35160-2026
2026-04-13,EMAAR SOUTH,Golf Hills 2,Apartment,2 B/R,Off-Plan,92.01,1589888,102-35396-2026
2026-04-13,EMAAR SOUTH,Golf Vale,Apartment,2 B/R,Off-Plan,91.96,1577888,102-35397-2026
2026-04-13,EMAAR SOUTH,Golf Vale,Apartment,1 B/R,Off-Plan,62.8,1106888,102-35398-2026
2026-04-13,EMAAR SOUTH,Golf Vale,Apartment,1 B/R,Off-Plan,62.8,1106888,102-35399-2026
2026-04-13,EMAAR SOUTH,Golf Vale,Apartment,1 B/R,Off-Plan,62.62,1346888,102-35401-2026
2026-04-13,EMAAR SOUTH,Golf Vale,Apartment,1 B/R,Off-Plan,62.8,1099888,102-35402-2026
2026-04-13,EMAAR SOUTH,Golf Vale,Apartment,1 B/R,Off-Plan,62.8,1112888,102-35403-2026
2026-04-13,EMAAR SOUTH,Golf Vale,Apartment,1 B/R,Off-Plan,62.8,1104888,102-35404-2026
2026-04-13,EMAAR SOUTH,Golf Vale,Apartment,1 B/R,Off-Plan,62.8,1104888,102-35407-2026
2026-04-13,EMAAR SOUTH,Golf Vale,Apartment,1 B/R,Off-Plan,62.8,1121888,102-35416-2026
2026-04-13,DUBAI CREEK HARBOUR,Creek Waters 2,Apartment,1 B/R,Off-Plan,85.26,2332888,102-35484-2026
2026-04-13,DUBAI CREEK HARBOUR,Creek Haven,Apartment,1 B/R,Off-Plan,68.13,1986888,102-35494-2026
2026-04-13,DUBAI CREEK HARBOUR,Creek Haven,Apartment,1 B/R,Off-Plan,67.63,1970888,102-35513-2026
2026-04-13,DUBAI CREEK HARBOUR,Creek Haven,Apartment,2 B/R,Off-Plan,111.55,3591888,102-35523-2026
2026-04-13,DUBAI CREEK HARBOUR,Creek Haven,Apartment,1 B/R,Off-Plan,67.63,1897888,102-35526-2026
2026-04-13,DUBAI CREEK HARBOUR,Creek Haven,Apartment,1 B/R,Off-Plan,68.7,1936888,102-35538-2026
2026-04-13,DUBAI CREEK HARBOUR,Creek Haven,Apartment,1 B/R,Off-Plan,67.62,1938888,102-35540-2026
2026-04-13,DUBAI CREEK HARBOUR,Creek Bay,Apartment,1 B/R,Off-Plan,71,2158888,102-35543-2026
2026-04-13,DUBAI CREEK HARBOUR,Creek Haven,Apartment,2 B/R,Off-Plan,111.55,3552888,102-35544-2026
2026-04-13,DUBAI CREEK HARBOUR,Creek Haven,Apartment,2 B/R,Off-Plan,116.07,4099888,102-35548-2026
2026-04-13,DUBAI CREEK HARBOUR,Creek Bay,Apartment,1 B/R,Off-Plan,68.45,1804888,102-35554-2026
2026-04-13,DUBAI CREEK HARBOUR,Creek Haven,Apartment,2 B/R,Off-Plan,110.87,3955888,102-35555-2026
2026-04-13,DUBAI CREEK HARBOUR,Creek Haven,Apartment,1 B/R,Off-Plan,68.69,2003888,102-35561-2026
2026-04-13,DUBAI CREEK HARBOUR,Creek Bay,Apartment,1 B/R,Off-Plan,70.34,2086310,102-35567-2026
2026-04-13,DUBAI CREEK HARBOUR,Creek Bay,Apartment,1 B/R,Off-Plan,68.02,1921888,102-35597-2026
2026-04-13,DUBAI CREEK HARBOUR,Creek Haven,Apartment,1 B/R,Off-Plan,67.63,1872888,102-35604-2026
2026-04-13,DUBAI CREEK HARBOUR,Creek Bay,Apartment,1 B/R,Off-Plan,68.45,1822888,102-35612-2026
2026-04-13,DUBAI CREEK HARBOUR,Creek Bay,Apartment,1 B/R,Off-Plan,71,2086888,102-35615-2026
2026-04-13,DUBAI CREEK HARBOUR,Creek Bay,Apartment,1 B/R,Off-Plan,70.65,2166888,102-35627-2026
2026-04-13,DUBAI CREEK HARBOUR,Creek Bay,Apartment,1 B/R,Off-Plan,71,2158888,102-35628-2026
2026-04-13,DUBAI CREEK HARBOUR,Creek Bay,Apartment,1 B/R,Off-Plan,68.45,1864888,102-35638-2026
2026-04-13,DUBAI CREEK HARBOUR,Creek Haven,Apartment,2 B/R,Off-Plan,110.71,3587888,102-35646-2026
2026-04-13,DUBAI CREEK HARBOUR,Creek Bay,Apartment,1 B/R,Off-Plan,70.65,2162888,102-35654-2026
2026-04-13,DUBAI CREEK HARBOUR,Creek Bay,Apartment,1 B/R,Off-Plan,70.34,2120888,102-35659-2026
2026-04-13,DUBAI CREEK HARBOUR,Creek Bay,Apartment,1 B/R,Off-Plan,70.34,2116888,102-35664-2026
2026-04-13,DUBAI CREEK HARBOUR,Creek Haven,Apartment,1 B/R,Off-Plan,67.62,1941888,102-35666-2026
2026-04-13,DUBAI CREEK HARBOUR,Montiva,Apartment,3 B/R,Off-Plan,170.46,4010888,102-35669-2026
2026-04-13,DUBAI CREEK HARBOUR,Creek Bay,Apartment,1 B/R,Off-Plan,70.65,2170888,102-35676-2026
2026-04-13,DUBAI CREEK HARBOUR,Creek Bay,Apartment,2 B/R,Off-Plan,134.5,3476888,102-35678-2026
2026-04-13,DUBAI CREEK HARBOUR,Creek Bay,Apartment,2 B/R,Off-Plan,115.79,3967888,102-35703-2026
2026-04-13,DUBAI CREEK HARBOUR,Creek Haven,Apartment,3 B/R,Off-Plan,173.81,6165888,102-35727-2026
2026-04-13,DUBAI CREEK HARBOUR,Creek Bay,Apartment,1 B/R,Off-Plan,70.34,2069888,102-35737-2026
2026-04-13,DUBAI CREEK HARBOUR,Creek Bay,Apartment,2 B/R,Off-Plan,134.5,3438888,102-35755-2026
2026-04-13,DUBAI CREEK HARBOUR,Creek Bay,Apartment,2 B/R,Off-Plan,134.5,3451888,102-35761-2026
2026-04-13,DUBAI CREEK HARBOUR,Creek Haven,Apartment,1 B/R,Off-Plan,67.62,1970888,102-35764-2026
2026-04-13,DUBAI CREEK HARBOUR,Creek Bay,Apartment,1 B/R,Off-Plan,70.34,2065888,102-35766-2026
2026-04-13,DUBAI CREEK HARBOUR,Creek Haven,Apartment,2 B/R,Off-Plan,111.76,3590888,102-35770-2026
2026-04-13,DUBAI CREEK HARBOUR,Creek Haven,Apartment,1 B/R,Off-Plan,68.7,1914888,102-35774-2026
2026-04-13,DUBAI CREEK HARBOUR,Creek Haven,Apartment,2 B/R,Off-Plan,111.78,3440888,102-35781-2026
2026-04-13,DUBAI CREEK HARBOUR,Creek Haven,Apartment,1 B/R,Off-Plan,68.69,1981888,102-35784-2026
2026-04-13,DUBAI CREEK HARBOUR,Creek Bay,Apartment,1 B/R,Off-Plan,69.99,2156888,102-35788-2026
2026-04-13,DUBAI CREEK HARBOUR,Creek Haven,Apartment,1 B/R,Off-Plan,67.63,1876888,102-35792-2026
2026-04-13,DUBAI CREEK HARBOUR,Creek Haven,Apartment,2 B/R,Off-Plan,111.78,3427888,102-35795-2026
2026-04-13,DUBAI CREEK HARBOUR,Creek Waters 2,Apartment,1 B/R,Off-Plan,85.26,2354888,102-35801-2026
2026-04-13,DUBAI CREEK HARBOUR,Creek Bay,Apartment,3 B/R,Off-Plan,172.34,6224888,102-35808-2026
2026-04-13,DUBAI CREEK HARBOUR,Creek Haven,Apartment,1 B/R,Off-Plan,68.7,1925888,102-35810-2026
2026-04-14,EMAAR SOUTH,Golf Hills 2,Apartment,1 B/R,Off-Plan,62.81,1118888,102-35863-2026
2026-04-14,EMAAR SOUTH,Golf Vale,Apartment,1 B/R,Off-Plan,62.8,1106888,102-35864-2026
2026-04-14,EMAAR SOUTH,Golf Vale,Apartment,1 B/R,Off-Plan,63.14,1156888,102-35865-2026
2026-04-14,EMAAR SOUTH,Golf Vale,Apartment,3 B/R,Off-Plan,160.28,3402888,102-35866-2026
2026-04-14,EMAAR SOUTH,Golf Vale,Apartment,2 B/R,Off-Plan,91.96,1574888,102-35867-2026
2026-04-14,EMAAR SOUTH,Golf Vale,Apartment,3 B/R,Off-Plan,160.28,3526888,102-35868-2026
2026-04-14,EMAAR SOUTH,Golf Vale,Apartment,1 B/R,Off-Plan,62.82,1421888,102-35869-2026
2026-04-14,EMAAR SOUTH,Golf Vale,Apartment,1 B/R,Off-Plan,74.35,1202888,102-35870-2026
2026-04-14,EMAAR SOUTH,Golf Vale,Apartment,2 B/R,Off-Plan,98.72,2179888,102-35871-2026
2026-04-14,EMAAR SOUTH,Golf Vale,Apartment,1 B/R,Off-Plan,62.62,1217888,102-35874-2026
2026-04-14,EMAAR SOUTH,Golf Vale,Apartment,2 B/R,Off-Plan,91.62,1587888,102-35876-2026
2026-04-14,EMAAR SOUTH,Golf Vale,Apartment,1 B/R,Off-Plan,62.8,1117888,102-35878-2026
2026-04-14,DUBAI CREEK HARBOUR,Creek Bay,Apartment,2 B/R,Off-Plan,134.56,3378888,102-35882-2026
2026-04-14,EMAAR SOUTH,Golf Vale,Apartment,1 B/R,Off-Plan,62.6,1281888,102-35886-2026
2026-04-14,EMAAR SOUTH,Golf Vale,Apartment,1 B/R,Off-Plan,62.82,1455888,102-35892-2026
2026-04-14,EMAAR SOUTH,Golf Vale,Apartment,1 B/R,Off-Plan,62.82,1449888,102-35895-2026
2026-04-14,EMAAR SOUTH,Golf Vale,Apartment,1 B/R,Off-Plan,62.8,1088670,102-35897-2026
2026-04-14,DUBAI CREEK HARBOUR,Creek Haven,Apartment,1 B/R,Off-Plan,67.63,1868888,102-35907-2026
2026-04-14,DUBAI CREEK HARBOUR,Creek Bay,Apartment,2 B/R,Off-Plan,115.98,3846888,102-35910-2026
2026-04-14,DUBAI CREEK HARBOUR,Creek Bay,Apartment,3 B/R,Off-Plan,172.34,5752888,102-35915-2026
2026-04-14,DUBAI CREEK HARBOUR,Creek Haven,Apartment,2 B/R,Off-Plan,111.53,3506888,102-35922-2026
2026-04-14,DUBAI CREEK HARBOUR,Creek Bay,Apartment,1 B/R,Off-Plan,71,2102888,102-35944-2026
2026-04-14,DUBAI CREEK HARBOUR,Creek Bay,Apartment,1 B/R,Off-Plan,68.45,1850888,102-35974-2026
2026-04-14,DUBAI CREEK HARBOUR,Creek Bay,Apartment,1 B/R,Off-Plan,68.45,1850888,102-35980-2026
2026-04-14,DUBAI CREEK HARBOUR,Creek Bay,Apartment,1 B/R,Off-Plan,70.65,2170888,102-35987-2026
2026-04-14,DUBAI CREEK HARBOUR,Creek Haven,Apartment,2 B/R,Off-Plan,111.76,3558888,102-35992-2026
2026-04-14,DUBAI CREEK HARBOUR,Creek Bay,Apartment,2 B/R,Off-Plan,133.03,4442888,102-36064-2026
2026-04-14,DUBAI CREEK HARBOUR,Creek Bay,Apartment,1 B/R,Off-Plan,70.34,2081888,102-36077-2026
2026-04-14,DUBAI CREEK HARBOUR,Creek Bay,Apartment,2 B/R,Off-Plan,134.76,3339888,102-36090-2026
2026-04-14,DUBAI CREEK HARBOUR,Creek Bay,Apartment,1 B/R,Off-Plan,68.02,1893888,102-36093-2026
2026-04-14,DUBAI CREEK HARBOUR,Creek Bay,Apartment,1 B/R,Off-Plan,70.34,2026888,102-36102-2026
2026-04-14,DUBAI CREEK HARBOUR,Creek Haven,Apartment,2 B/R,Off-Plan,111.55,3597888,102-36109-2026
2026-04-14,DUBAI CREEK HARBOUR,Creek Bay,Apartment,1 B/R,Off-Plan,68.02,1900888,102-36116-2026
2026-04-14,DUBAI CREEK HARBOUR,The Cove ll,Apartment,2 B/R,Off-Plan,115.57,2487888,102-36167-2026
2026-04-14,DUBAI CREEK HARBOUR,Lyvia by Palace,Apartment,3 B/R,Off-Plan,300.95,6766888,102-36247-2026
2026-04-15,DUBAI CREEK HARBOUR,Creek Bay,Apartment,2 B/R,Off-Plan,134.76,3339888,102-36332-2026
2026-04-15,DUBAI CREEK HARBOUR,Creek Bay,Apartment,3 B/R,Off-Plan,172.34,5688888,102-36333-2026
2026-04-15,DUBAI CREEK HARBOUR,Creek Bay,Apartment,2 B/R,Off-Plan,115.98,3817888,102-36334-2026
2026-04-15,EMAAR SOUTH,Grove Ridge,Apartment,2 B/R,Off-Plan,107.59,1807888,102-36336-2026
2026-04-15,EMAAR SOUTH,Golf Hills 2,Apartment,1 B/R,Off-Plan,62.82,1121888,102-36342-2026
2026-04-15,EMAAR SOUTH,Golf Vale,Apartment,1 B/R,Off-Plan,62.8,1108888,102-36358-2026
2026-04-15,EMAAR SOUTH,Golf Vale,Apartment,2 B/R,Off-Plan,98.6,2172888,102-36363-2026
2026-04-15,EMAAR SOUTH,Golf Vale,Apartment,1 B/R,Off-Plan,62.46,1205888,102-36373-2026
2026-04-15,EMAAR SOUTH,Golf Vale,Apartment,1 B/R,Off-Plan,62.8,1142888,102-36405-2026
2026-04-15,EMAAR SOUTH,Golf Vale,Apartment,2 B/R,Off-Plan,91.72,2045888,102-36424-2026
2026-04-15,DUBAI CREEK HARBOUR,Creek Haven,Apartment,2 B/R,Off-Plan,111.78,3447888,102-36442-2026
2026-04-15,EMAAR SOUTH,Greenway,Villa,4 B/R,Off-Plan,299.25,4223888,102-36449-2026
2026-04-16,DUBAI CREEK HARBOUR,Creek Haven,Apartment,2 B/R,Off-Plan,115.41,2789888,102-36770-2026
2026-04-16,DUBAI CREEK HARBOUR,Creek Bay,Apartment,1 B/R,Off-Plan,69.99,2140888,102-36771-2026
2026-04-16,DUBAI CREEK HARBOUR,Creek Haven,Apartment,2 B/R,Off-Plan,110.86,3769888,102-36772-2026
2026-04-16,DUBAI CREEK HARBOUR,Creek Bay,Apartment,1 B/R,Off-Plan,68.02,1921888,102-36773-2026
2026-04-16,DUBAI CREEK HARBOUR,Creek Bay,Apartment,1 B/R,Off-Plan,68.45,1860888,102-36774-2026
2026-04-16,DUBAI CREEK HARBOUR,Creek Haven,Apartment,1 B/R,Off-Plan,67.62,1930888,102-36775-2026
2026-04-16,EMAAR SOUTH,Golf Hills,Apartment,2 B/R,Off-Plan,92.02,1689888,102-36777-2026
2026-04-16,EMAAR SOUTH,Vista Ridge,Apartment,1 B/R,Off-Plan,73.73,1300888,102-36778-2026
2026-04-16,EMAAR SOUTH,Vista Ridge,Apartment,2 B/R,Off-Plan,128.48,2019888,102-36779-2026
2026-04-16,EMAAR SOUTH,Vista Ridge,Apartment,1 B/R,Off-Plan,73.21,1272888,102-36784-2026
2026-04-16,EMAAR SOUTH,Golf Vale,Apartment,2 B/R,Off-Plan,98.6,2180888,102-36788-2026
2026-04-16,EMAAR SOUTH,Golf Vale,Apartment,2 B/R,Off-Plan,99.93,1639888,102-36791-2026
2026-04-16,EMAAR SOUTH,Golf Vale,Apartment,1 B/R,Off-Plan,62.6,1410888,102-36794-2026
2026-04-16,EMAAR SOUTH,Golf Vale,Apartment,2 B/R,Off-Plan,91.96,1587888,102-36799-2026
2026-04-16,EMAAR SOUTH,Golf Vale,Apartment,1 B/R,Off-Plan,62.46,1228888,102-36812-2026
2026-04-16,EMAAR SOUTH,Golf Vale,Apartment,1 B/R,Off-Plan,62.82,1223888,102-36825-2026
2026-04-29,DUBAI CREEK HARBOUR,Address Residences l Dubai Creek Harbour,Apartment,2 B/R,Off-Plan,103.2,3346888,102-37081-2026
2026-04-16,DUBAI CREEK HARBOUR,Creek Bay,Apartment,2 B/R,Off-Plan,115.98,4338350,102-37142-2026
2026-04-16,EMAAR SOUTH,Golf Point,Apartment,1 B/R,Off-Plan,62.67,950000,102-37149-2026
2026-04-17,EMAAR SOUTH,Golf Hills 2,Apartment,2 B/R,Off-Plan,98.87,1620888,102-37299-2026
2026-04-17,EMAAR SOUTH,Golf Vale,Apartment,1 B/R,Off-Plan,62.8,1172888,102-37300-2026
2026-04-17,EMAAR SOUTH,Golf Vale,Apartment,1 B/R,Off-Plan,63.14,1137888,102-37302-2026
2026-04-17,DUBAI CREEK HARBOUR,Lyvia by Palace,Apartment,3 B/R,Off-Plan,300.83,6765888,102-37306-2026
2026-04-17,DUBAI CREEK HARBOUR,Albero,Apartment,1 B/R,Off-Plan,71.38,1871888,102-37309-2026
2026-04-17,DUBAI CREEK HARBOUR,Montiva,Apartment,1 B/R,Off-Plan,117.13,2453810,102-37344-2026
2026-04-17,EMAAR SOUTH,Golf Hills,Apartment,1 B/R,Off-Plan,62.82,1434888,102-37374-2026
2026-04-17,DUBAI CREEK HARBOUR,Albero,Apartment,3 B/R,Off-Plan,171.7,4149888,102-37461-2026
2026-04-17,DUBAI CREEK HARBOUR,Creek Haven,Apartment,2 B/R,Off-Plan,111.02,3299888,102-37465-2026
2026-04-17,DUBAI CREEK HARBOUR,Creek Haven,Apartment,1 B/R,Off-Plan,68.7,1940888,102-37468-2026
2026-04-17,DUBAI CREEK HARBOUR,Creek Haven,Apartment,2 B/R,Off-Plan,111.78,3486888,102-37482-2026
2026-04-17,DUBAI CREEK HARBOUR,Creek Haven,Apartment,2 B/R,Off-Plan,111.53,3434888,102-37486-2026
2026-04-17,DUBAI CREEK HARBOUR,Lyvia by Palace,Apartment,2 B/R,Off-Plan,106.28,2951888,102-37491-2026
2026-04-17,EMAAR SOUTH,Vista Ridge,Apartment,2 B/R,Off-Plan,119.43,2624888,102-37493-2026
2026-04-20,EMAAR SOUTH,Golf Vale,Apartment,1 B/R,Off-Plan,62.8,1170888,102-37729-2026
2026-04-20,EMAAR SOUTH,Golf Hills 2,Apartment,2 B/R,Off-Plan,92.03,1596888,102-37733-2026
2026-04-20,DUBAI CREEK HARBOUR,Creek Bay,Apartment,1 B/R,Off-Plan,70.65,2131390,102-37737-2026
2026-04-20,DUBAI CREEK HARBOUR,Creek Haven,Apartment,1 B/R,Off-Plan,68.7,1896888,102-37817-2026
2026-04-20,EMAAR SOUTH,Golf Hills 2,Apartment,2 B/R,Off-Plan,91.9,2071888,102-37844-2026
2026-04-20,EMAAR SOUTH,Golf Vale,Apartment,1 B/R,Off-Plan,62.46,1221888,102-37858-2026
2026-04-20,DUBAI CREEK HARBOUR,Creek Haven,Apartment,1 B/R,Off-Plan,67.63,1956888,102-37875-2026
2026-04-20,DUBAI CREEK HARBOUR,Creek Haven,Apartment,1 B/R,Off-Plan,67.86,1893888,102-37926-2026
2026-04-20,DUBAI CREEK HARBOUR,Creek Bay,Apartment,1 B/R,Off-Plan,68.45,1832888,102-37968-2026
2026-04-20,DUBAI CREEK HARBOUR,Creek Bay,Apartment,1 B/R,Off-Plan,68.02,1907888,102-37977-2026
2026-04-20,EMAAR SOUTH,Golf Verge,Apartment,2 B/R,Off-Plan,144.51,2761888,102-38003-2026
2026-04-20,EMAAR SOUTH,Golf Verge,Apartment,2 B/R,Off-Plan,136.76,2725888,102-38011-2026
2026-04-20,EMAAR SOUTH,Golf Vale,Apartment,1 B/R,Off-Plan,62.82,1443888,102-38015-2026
2026-04-20,DUBAI CREEK HARBOUR,Creek Bay,Apartment,2 B/R,Off-Plan,134.56,3409888,102-38018-2026
2026-04-20,EMAAR SOUTH,Golf Vale,Apartment,2 B/R,Off-Plan,91.96,1593888,102-38030-2026
2026-04-20,EMAAR SOUTH,Golf Vale,Apartment,2 B/R,Off-Plan,98.58,1598888,102-38034-2026
2026-04-20,DUBAI CREEK HARBOUR,Creek Bay,Apartment,2 B/R,Off-Plan,115.78,4449888,102-38039-2026
2026-04-20,DUBAI CREEK HARBOUR,Creek Bay,Apartment,3 B/R,Off-Plan,172.7,6343888,102-38055-2026
2026-04-20,DUBAI CREEK HARBOUR,Creek Haven,Apartment,2 B/R,Off-Plan,116.07,4025888,102-38060-2026
2026-04-20,DUBAI CREEK HARBOUR,Creek Haven,Apartment,1 B/R,Off-Plan,68.13,1949888,102-38065-2026
2026-04-20,DUBAI CREEK HARBOUR,Creek Haven,Apartment,3 B/R,Off-Plan,173.81,6053888,102-38071-2026
2026-04-20,DUBAI CREEK HARBOUR,Creek Haven,Apartment,1 B/R,Off-Plan,67.63,1934888,102-38084-2026
2026-04-20,DUBAI CREEK HARBOUR,Creek Haven,Apartment,2 B/R,Off-Plan,111.55,3526888,102-38089-2026
2026-04-20,DUBAI CREEK HARBOUR,Silva,Apartment,2 B/R,Off-Plan,107.25,2659888,102-38093-2026
2026-04-21,DUBAI CREEK HARBOUR,Creek Bay,Apartment,1 B/R,Off-Plan,69.99,2136888,102-38187-2026
2026-04-21,EMAAR SOUTH,Vista Ridge,Apartment,3 B/R,Off-Plan,162.44,3509888,102-38188-2026
2026-04-21,EMAAR SOUTH,Golf Vale,Apartment,1 B/R,Off-Plan,62.46,1186888,102-38192-2026
2026-04-21,EMAAR SOUTH,Vista Ridge,Apartment,2 B/R,Off-Plan,126.82,2586888,102-38239-2026
2026-04-21,EMAAR SOUTH,Golf Vale,Apartment,2 B/R,Off-Plan,91.72,1740888,102-38240-2026
2026-04-21,DUBAI CREEK HARBOUR,Creek Bay,Apartment,1 B/R,Off-Plan,68.3,1870888,102-38275-2026
2026-04-21,DUBAI CREEK HARBOUR,Creek Haven,Apartment,1 B/R,Off-Plan,68.13,1960888,102-38320-2026
2026-04-21,DUBAI CREEK HARBOUR,Creek Bay,Apartment,3 B/R,Off-Plan,172.34,6087888,102-38323-2026
2026-04-21,DUBAI CREEK HARBOUR,Silva,Apartment,3 B/R,Off-Plan,170.38,3781921,102-38335-2026
2026-04-21,DUBAI CREEK HARBOUR,Creek Bay,Apartment,2 B/R,Off-Plan,134.5,3470888,102-38360-2026
2026-04-21,EMAAR SOUTH,Golf Vale,Apartment,1 B/R,Off-Plan,62.8,1084351,102-38363-2026
2026-04-21,EMAAR SOUTH,Golf Vale,Apartment,1 B/R,Off-Plan,62.8,1121888,102-38406-2026
2026-04-21,EMAAR SOUTH,Golf Vale,Apartment,1 B/R,Off-Plan,62.8,1112888,102-38410-2026
2026-04-21,DUBAI CREEK HARBOUR,Creek Haven,Apartment,1 B/R,Off-Plan,68.13,1956888,102-38416-2026
2026-04-21,DUBAI CREEK HARBOUR,Albero,Apartment,1 B/R,Off-Plan,71.96,1932888,102-38510-2026
2026-04-22,DUBAI CREEK HARBOUR,Creek Bay,Apartment,1 B/R,Off-Plan,70.65,2198888,102-38537-2026
2026-04-22,DUBAI CREEK HARBOUR,Creek Bay,Apartment,2 B/R,Off-Plan,134.5,3501888,102-38540-2026
2026-04-22,DUBAI CREEK HARBOUR,Creek Haven,Apartment,2 B/R,Off-Plan,110.86,3762888,102-38545-2026
2026-04-22,EMAAR SOUTH,Golf Vale,Apartment,2 B/R,Off-Plan,99.4,1703888,102-38548-2026
2026-04-22,DUBAI CREEK HARBOUR,Creek Bay,Apartment,2 B/R,Off-Plan,115.98,3881888,102-38561-2026
2026-04-22,DUBAI CREEK HARBOUR,Creek Haven,Apartment,1 B/R,Off-Plan,67.62,1978888,102-38563-2026
2026-04-22,DUBAI CREEK HARBOUR,Montiva,Apartment,2 B/R,Off-Plan,163.36,3240888,102-38573-2026
2026-04-22,EMAAR SOUTH,Golf Hills,Apartment,1 B/R,Off-Plan,62.81,880888,102-38592-2026
2026-04-22,DUBAI CREEK HARBOUR,Altan,Apartment,1 B/R,Off-Plan,71.34,1866888,102-38597-2026
2026-04-22,EMAAR SOUTH,Golf Hills,Apartment,2 B/R,Off-Plan,99.38,1502888,102-38606-2026
2026-04-22,EMAAR SOUTH,Golf Hills 2,Apartment,2 B/R,Off-Plan,92.03,1596888,102-38629-2026
2026-04-22,DUBAI CREEK HARBOUR,The Cove ll,Apartment,1 B/R,Off-Plan,68.58,1600000,102-38699-2026
2026-04-22,EMAAR SOUTH,Golf Hills,Apartment,2 B/R,Off-Plan,92.03,1593888,102-38706-2026
2026-04-22,DUBAI CREEK HARBOUR,Creek Bay,Apartment,1 B/R,Off-Plan,71,2062888,102-38721-2026
2026-04-22,DUBAI CREEK HARBOUR,Silva,Apartment,2 B/R,Off-Plan,133.78,3058888,102-38722-2026
2026-04-22,DUBAI CREEK HARBOUR,Creek Bay,Apartment,1 B/R,Off-Plan,71,2090888,102-38725-2026
2026-04-22,DUBAI CREEK HARBOUR,Creek Bay,Apartment,2 B/R,Off-Plan,134.56,3421888,102-38727-2026
2026-04-22,EMAAR SOUTH,Golf Vale,Apartment,1 B/R,Off-Plan,62.8,1086291,102-38732-2026
2026-04-22,DUBAI CREEK HARBOUR,Creek Bay,Apartment,1 B/R,Off-Plan,68.02,1935888,102-38765-2026
2026-04-23,DUBAI CREEK HARBOUR,Creek Haven,Apartment,1 B/R,Off-Plan,67.86,1886888,102-38944-2026
2026-04-23,DUBAI CREEK HARBOUR,Creek Bay,Apartment,1 B/R,Off-Plan,69.99,2179888,102-38946-2026
2026-04-23,DUBAI CREEK HARBOUR,Creek Bay,Apartment,2 B/R,Off-Plan,134.56,3390888,102-38947-2026
2026-04-23,DUBAI CREEK HARBOUR,The Cove ll,Apartment,2 B/R,Off-Plan,103.21,2850000,102-39010-2026
2026-04-23,EMAAR SOUTH,Golf Hills,Apartment,2 B/R,Off-Plan,91.9,2071888,102-39021-2026
2026-04-23,EMAAR SOUTH,Golf Vale,Apartment,1 B/R,Off-Plan,63.14,1147888,102-39022-2026
2026-04-23,EMAAR SOUTH,Golf Vale,Apartment,1 B/R,Off-Plan,62.6,1421888,102-39157-2026
2026-04-23,EMAAR SOUTH,Golf Vale,Apartment,1 B/R,Off-Plan,62.8,1108888,102-39159-2026
2026-04-23,EMAAR SOUTH,Golf Vale,Apartment,2 B/R,Off-Plan,91.72,2061888,102-39160-2026
2026-04-23,EMAAR SOUTH,Golf Vale,Apartment,1 B/R,Off-Plan,62.8,1123888,102-39169-2026
2026-04-23,EMAAR SOUTH,Golf Vale,Apartment,1 B/R,Off-Plan,62.8,1123888,102-39177-2026
2026-04-23,EMAAR SOUTH,Golf Vale,Apartment,1 B/R,Off-Plan,62.8,1110888,102-39208-2026
2026-04-23,EMAAR SOUTH,Golf Point,Apartment,1 B/R,Off-Plan,62.69,1054888,102-39366-2026
2026-04-24,EMAAR SOUTH,Golf Vale,Apartment,1 B/R,Off-Plan,62.8,1090630,102-39435-2026
2026-04-24,EMAAR SOUTH,Golf Vale,Apartment,2 B/R,Off-Plan,91.62,1574888,102-39440-2026
2026-04-24,DUBAI CREEK HARBOUR,Oria,Apartment,2 B/R,Off-Plan,118.26,2803888,102-39536-2026
2026-04-24,DUBAI CREEK HARBOUR,Creek Bay,Apartment,2 B/R,Off-Plan,134.76,3346888,102-39633-2026
2026-04-24,EMAAR SOUTH,Golf Vale,Apartment,2 B/R,Off-Plan,100.05,1638888,102-39634-2026
2026-04-24,DUBAI CREEK HARBOUR,Creek Waters,Apartment,2 B/R,Off-Plan,105.41,2850000,102-39635-2026
2026-04-24,DUBAI CREEK HARBOUR,Creek Haven,Apartment,2 B/R,Off-Plan,116.07,4114888,102-39636-2026
2026-04-24,DUBAI CREEK HARBOUR,Creek Bay,Apartment,1 B/R,Off-Plan,71,2162888,102-39637-2026
2026-04-24,DUBAI CREEK HARBOUR,Creek Bay,Apartment,1 B/R,Off-Plan,71,2138888,102-39640-2026
2026-04-24,DUBAI CREEK HARBOUR,Creek Bay,Apartment,1 B/R,Off-Plan,70.34,2108888,102-39644-2026
2026-04-24,DUBAI CREEK HARBOUR,Creek Haven,Apartment,2 B/R,Off-Plan,115.28,3778888,102-39645-2026
2026-04-27,DUBAI CREEK HARBOUR,Creek Haven,Apartment,2 B/R,Off-Plan,110.87,3905888,102-39970-2026
2026-04-27,DUBAI CREEK HARBOUR,Creek Bay,Apartment,3 B/R,Off-Plan,172.7,6113402,102-39971-2026
2026-04-27,DUBAI CREEK HARBOUR,Creek Bay,Apartment,2 B/R,Off-Plan,115.78,4425888,102-39973-2026
2026-04-27,DUBAI CREEK HARBOUR,Creek Bay,Apartment,1 B/R,Off-Plan,68.45,1804888,102-39975-2026
2026-04-27,DUBAI CREEK HARBOUR,Creek Haven,Apartment,2 B/R,Off-Plan,110.86,3591888,102-39976-2026
2026-04-27,DUBAI CREEK HARBOUR,Creek Bay,Apartment,1 B/R,Off-Plan,68.3,1877888,102-39979-2026
2026-04-27,EMAAR SOUTH,Golf Hills,Apartment,1 B/R,Off-Plan,62.81,1122888,102-39994-2026
2026-04-27,DUBAI CREEK HARBOUR,Creek Haven,Apartment,1 B/R,Off-Plan,67.63,1890888,102-40049-2026
2026-04-28,DUBAI CREEK HARBOUR,Creek Waters 2,Apartment,1 B/R,Off-Plan,70.32,1700000,102-40152-2026
2026-04-27,DUBAI CREEK HARBOUR,Creek Bay,Apartment,2 B/R,Off-Plan,115.78,4319272,102-40174-2026
2026-04-27,DUBAI CREEK HARBOUR,Albero,Apartment,2 B/R,Off-Plan,135.02,3286888,102-40182-2026
2026-04-27,EMAAR SOUTH,Golf Vale,Apartment,1 B/R,Off-Plan,62.8,1179888,102-40189-2026
2026-04-27,DUBAI CREEK HARBOUR,Creek Haven,Apartment,2 B/R,Off-Plan,110.86,3819888,102-40281-2026
2026-04-28,EMAAR SOUTH,Golf Vale,Apartment,2 B/R,Off-Plan,98.58,1595888,102-40283-2026
2026-04-28,EMAAR SOUTH,Golf Hills,Apartment,2 B/R,Off-Plan,98.87,1782888,102-40287-2026
2026-04-28,EMAAR SOUTH,Golf Vale,Apartment,1 B/R,Off-Plan,62.8,1134888,102-40292-2026
2026-04-28,EMAAR SOUTH,Golf Vale,Apartment,1 B/R,Off-Plan,62.8,1123888,102-40384-2026
2026-04-28,DUBAI CREEK HARBOUR,Creek Bay,Apartment,2 B/R,Off-Plan,134.76,3358888,102-40400-2026
2026-04-28,EMAAR SOUTH,Golf Vale,Apartment,1 B/R,Off-Plan,62.8,1104888,102-40431-2026
2026-04-28,EMAAR SOUTH,Golf Vale,Apartment,2 B/R,Off-Plan,91.72,2037309,102-40432-2026
2026-04-28,EMAAR SOUTH,Golf Vale,Apartment,2 B/R,Off-Plan,98.58,1604888,102-40433-2026
2026-04-28,EMAAR SOUTH,Golf Vale,Apartment,2 B/R,Off-Plan,98.58,1601888,102-40434-2026
2026-04-28,EMAAR SOUTH,Golf Vale,Apartment,1 B/R,Off-Plan,62.8,1119888,102-40460-2026
2026-04-28,EMAAR SOUTH,Golf Vale,Apartment,2 B/R,Off-Plan,98.58,1591888,102-40466-2026
2026-04-29,EMAAR SOUTH,Golf Vale,Apartment,1 B/R,Off-Plan,62.62,1377575,102-40570-2026
2026-04-29,EMAAR SOUTH,Golf Vale,Apartment,1 B/R,Off-Plan,62.62,1414888,102-40576-2026
2026-04-29,EMAAR SOUTH,Golf Vale,Apartment,1 B/R,Off-Plan,62.8,1101888,102-40578-2026
2026-04-29,DUBAI CREEK HARBOUR,Creek Waters 2,Apartment,2 B/R,Off-Plan,105.55,2659888,102-40580-2026
2026-04-29,EMAAR SOUTH,Golf Vale,Apartment,2 B/R,Off-Plan,98.58,1607888,102-40623-2026
2026-04-29,EMAAR SOUTH,Golf Vale,Apartment,2 B/R,Off-Plan,100.05,1644888,102-40648-2026
2026-04-29,EMAAR SOUTH,Golf Vale,Apartment,2 B/R,Off-Plan,99.93,1626888,102-40652-2026
2026-04-29,EMAAR SOUTH,Golf Vale,Apartment,2 B/R,Off-Plan,99.4,1693888,102-40690-2026
2026-04-29,EMAAR SOUTH,Golf Vale,Apartment,1 B/R,Off-Plan,62.8,1114888,102-40721-2026
2026-04-29,EMAAR SOUTH,Golf Vale,Apartment,1 B/R,Off-Plan,62.82,1452888,102-40725-2026
2026-04-29,DUBAI CREEK HARBOUR,Creek Waters,Apartment,3 B/R,Off-Plan,171.52,4243888,102-40801-2026
2026-04-30,DUBAI CREEK HARBOUR,Creek Waters,Apartment,3 B/R,Off-Plan,148.53,3500000,102-40987-2026
2026-04-30,EMAAR SOUTH,Golf Vale,Apartment,1 B/R,Off-Plan,62.44,1164888,102-41145-2026
2026-04-02,DUBAI CREEK HARBOUR,THE DUBAI CREEK RESIDENCES,Apartment,1 B/R,Ready,94.83,2125000,11-12422-2026
2026-04-02,DUBAI CREEK HARBOUR,Creek Beach - Summer,Apartment,1 B/R,Ready,62.14,1670000,11-12465-2026
2026-04-02,DUBAI CREEK HARBOUR,Creek Gate,Apartment,3 B/R,Ready,137.49,3450000,11-12489-2026
2026-04-02,DUBAI CREEK HARBOUR,17 ICON BAY,Apartment,2 B/R,Ready,105.16,2100000,11-12502-2026
2026-04-06,EMAAR SOUTH,Greenview,Villa,4 B/R,Ready,318.47,3600000,11-12529-2026
2026-04-03,DUBAI CREEK HARBOUR,Creek Beach - Breeze,Apartment,2 B/R,Ready,100.03,2600000,11-12598-2026
2026-04-03,EMAAR SOUTH,Golf Views,Apartment,1 B/R,Ready,60.26,1240000,11-12599-2026
2026-04-03,DUBAI CREEK HARBOUR,Creek Beach - Grove,Apartment,3 B/R,Ready,174.63,4500000,11-12642-2026
2026-04-06,EMAAR SOUTH,URBANA,Apartment,2 B/R,Ready,158.89,1825000,11-12691-2026
2026-04-06,DUBAI CREEK HARBOUR,Island Park I,Apartment,2 B/R,Ready,101.12,2600000,11-12697-2026
2026-04-06,DUBAI CREEK HARBOUR,Creek Beach - Breeze,Apartment,2 B/R,Ready,94.83,2850000,11-12701-2026
2026-04-06,DUBAI CREEK HARBOUR,Palace Residences - North,Apartment,1 B/R,Ready,59.83,1780000,11-12703-2026
2026-04-06,DUBAI CREEK HARBOUR,Creek Beach - Rosewater,Apartment,3 B/R,Ready,207.32,4168357,11-12754-2026
2026-04-07,DUBAI CREEK HARBOUR,CREEK HORIZON,Apartment,2 B/R,Ready,104.71,2300000,11-12863-2026
2026-04-08,EMAAR SOUTH,URBANA III,Apartment,3 B/R,Ready,221.68,2235000,11-12892-2026
2026-04-07,DUBAI CREEK HARBOUR,Creek Palace,Apartment,2 B/R,Ready,97.73,3225000,11-12902-2026
2026-04-08,DUBAI CREEK HARBOUR,17 ICON BAY,Apartment,2 B/R,Ready,100.07,2230000,11-12995-2026
2026-04-08,DUBAI CREEK HARBOUR,THE DUBAI CREEK RESIDENCES,Apartment,3 B/R,Ready,199.71,4200000,11-12999-2026
2026-04-08,EMAAR SOUTH,Parkside 3,Villa,3 B/R,Ready,141.05,2300000,11-13004-2026
2026-04-09,DUBAI CREEK HARBOUR,The Cove,Apartment,2 B/R,Ready,112.08,2950000,11-13040-2026
2026-04-09,DUBAI CREEK HARBOUR,Harbour Gate,Apartment,1 B/R,Ready,63.41,1650000,11-13107-2026
2026-04-09,DUBAI CREEK HARBOUR,THE DUBAI CREEK RESIDENCES,Apartment,2 B/R,Ready,126.65,3500000,11-13109-2026
2026-04-09,DUBAI CREEK HARBOUR,HARBOUR VIEWS,Apartment,1 B/R,Ready,65.88,1700000,11-13112-2026
2026-04-09,EMAAR SOUTH,Parkside,Villa,3 B/R,Ready,130.37,2000000,11-13133-2026
2026-04-09,DUBAI CREEK HARBOUR,HARBOUR VIEWS,Apartment,1 B/R,Ready,76.9,1600000,11-13144-2026
2026-04-09,EMAAR SOUTH,Parkside,Villa,3 B/R,Ready,129.9,2400000,11-13154-2026
2026-04-10,EMAAR SOUTH,Parkside 2,Villa,3 B/R,Ready,137.76,2525000,11-13179-2026
2026-04-10,DUBAI CREEK HARBOUR,17 ICON BAY,Apartment,2 B/R,Ready,100.27,2150000,11-13185-2026
2026-04-10,DUBAI CREEK HARBOUR,Creek Gate,Apartment,2 B/R,Ready,97.1,2550000,11-13192-2026
2026-04-10,DUBAI CREEK HARBOUR,CREEK CRESCENT,Apartment,1 B/R,Ready,61.68,1450000,11-13228-2026
2026-04-13,DUBAI CREEK HARBOUR,The Grand,Apartment,2 B/R,Ready,138.35,2970000,11-13314-2026
2026-04-13,DUBAI CREEK HARBOUR,The Grand,Apartment,2 B/R,Ready,144.62,3750000,11-13316-2026
2026-04-13,DUBAI CREEK HARBOUR,The Grand,Apartment,3 B/R,Ready,169.9,4300000,11-13320-2026
2026-04-13,DUBAI CREEK HARBOUR,HARBOUR VIEWS,Apartment,2 B/R,Ready,109.61,2500000,11-13325-2026
2026-04-13,DUBAI CREEK HARBOUR,CREEK EDGE,Apartment,1 B/R,Ready,75.24,1835000,11-13344-2026
2026-04-13,DUBAI CREEK HARBOUR,Creek Beach - Rosewater,Apartment,2 B/R,Ready,100.27,2100000,11-13355-2026
2026-04-13,DUBAI CREEK HARBOUR,Creek Beach - Savanna-Cedar-Mangrove,Apartment,2 B/R,Ready,98,2580000,11-13405-2026
2026-04-14,DUBAI CREEK HARBOUR,The Cove,Apartment,3 B/R,Ready,173.78,4400000,11-13419-2026
2026-04-14,DUBAI CREEK HARBOUR,The Grand,Apartment,1 B/R,Ready,73.5,2080000,11-13448-2026
2026-04-14,DUBAI CREEK HARBOUR,The Grand,Apartment,3 B/R,Ready,170.94,5200000,11-13449-2026
2026-04-14,EMAAR SOUTH,Golf Views,Apartment,2 B/R,Ready,92.05,1460000,11-13490-2026
2026-04-15,DUBAI CREEK HARBOUR,THE DUBAI CREEK RESIDENCES,Apartment,4 B/R,Ready,311.25,10000000,11-13547-2026
2026-04-15,EMAAR SOUTH,Parkside,Villa,3 B/R,Ready,147.61,2000000,11-13560-2026
2026-04-15,DUBAI CREEK HARBOUR,The Grand,Apartment,2 B/R,Ready,121.93,3200000,11-13568-2026
2026-04-15,DUBAI CREEK HARBOUR,Creek Beach - Rosewater,Apartment,2 B/R,Ready,149.22,3230000,11-13580-2026
2026-04-16,DUBAI CREEK HARBOUR,The Grand,Apartment,2 B/R,Ready,115.16,4050000,11-13723-2026
2026-04-16,DUBAI CREEK HARBOUR,HARBOUR VIEWS,Apartment,1 B/R,Ready,65.89,1750000,11-13759-2026
2026-04-16,EMAAR SOUTH,Parkside,Villa,4 B/R,Ready,236.71,2925000,11-13787-2026
2026-04-16,DUBAI CREEK HARBOUR,Creek Beach - Savanna-Cedar-Mangrove,Apartment,1 B/R,Ready,61.67,1350000,11-13789-2026
2026-04-17,DUBAI CREEK HARBOUR,CREEK RISE,Apartment,2 B/R,Ready,116.69,2400000,11-13871-2026
2026-04-17,DUBAI CREEK HARBOUR,Creek Palace,Apartment,1 B/R,Ready,59.63,1800000,11-13923-2026
2026-04-20,DUBAI CREEK HARBOUR,Creek Beach - Lotus,Apartment,2 B/R,Ready,96.87,2430000,11-13951-2026
2026-04-20,EMAAR SOUTH,Greenview 2,Villa,4 B/R,Ready,317.7,3450000,11-13978-2026
2026-04-20,DUBAI CREEK HARBOUR,Creek Beach - Surf,Apartment,1 B/R,Ready,63.74,1675000,11-13980-2026
2026-04-20,EMAAR SOUTH,Greenview 3,Villa,3 B/R,Ready,137.76,2200000,11-13989-2026
2026-04-20,EMAAR SOUTH,Golf Views,Apartment,2 B/R,Ready,92.24,1450000,11-14013-2026
2026-04-21,DUBAI CREEK HARBOUR,Creek Beach - Rosewater,Apartment,1 B/R,Ready,66.37,1600000,11-14073-2026
2026-04-21,DUBAI CREEK HARBOUR,Creek Beach - Lotus,Apartment,1 B/R,Ready,100.03,1685000,11-14108-2026
2026-04-21,DUBAI CREEK HARBOUR,Creek Beach - Savanna-Cedar-Mangrove,Apartment,2 B/R,Ready,95.02,2200000,11-14151-2026
2026-04-21,EMAAR SOUTH,Parkside 3,Villa,3 B/R,Ready,139.07,2315000,11-14152-2026
2026-04-22,DUBAI CREEK HARBOUR,CREEKSIDE 18,Apartment,3 B/R,Ready,150.25,3200000,11-14188-2026
2026-04-22,EMAAR SOUTH,Parkside,Villa,4 B/R,Ready,248.11,3100000,11-14253-2026
2026-04-23,DUBAI CREEK HARBOUR,HARBOUR VIEWS,Apartment,3 B/R,Ready,159.7,3900000,11-14293-2026
2026-04-23,DUBAI CREEK HARBOUR,Creek Palace,Apartment,1 B/R,Ready,59.63,2100000,11-14347-2026
2026-04-23,DUBAI CREEK HARBOUR,The Grand,Apartment,1 B/R,Ready,74.78,2650000,11-14352-2026
2026-04-24,DUBAI CREEK HARBOUR,Creek Beach - Bayshore,Apartment,2 B/R,Ready,93.53,2000000,11-14369-2026
2026-04-24,DUBAI CREEK HARBOUR,CREEK EDGE,Apartment,2 B/R,Ready,99.11,2500000,11-14414-2026
2026-04-24,DUBAI CREEK HARBOUR,Creek Beach - Lotus,Apartment,3 B/R,Ready,214.56,4300000,11-14476-2026
2026-04-24,DUBAI CREEK HARBOUR,The Grand,Apartment,2 B/R,Ready,120.13,3500000,11-14507-2026
2026-04-27,DUBAI CREEK HARBOUR,Creek Beach - Bayshore,Apartment,1 B/R,Ready,64.79,1850000,11-14559-2026
2026-04-27,DUBAI CREEK HARBOUR,Palace Residences - North,Apartment,2 B/R,Ready,104.33,2800000,11-14589-2026
2026-04-27,DUBAI CREEK HARBOUR,Harbour Gate,Apartment,2 B/R,Ready,106.01,2600000,11-14636-2026
2026-04-29,DUBAI CREEK HARBOUR,Creek Beach - VIDA Residences,Apartment,2 B/R,Ready,105.94,2965000,11-14791-2026
2026-04-29,DUBAI CREEK HARBOUR,Palace Residences - North,Apartment,1 B/R,Ready,59.66,1810000,11-14795-2026
2026-04-29,DUBAI CREEK HARBOUR,Creek Beach - Surf,Apartment,2 B/R,Ready,92.52,2400000,11-14824-2026
2026-04-29,EMAAR SOUTH,Parkside,Villa,4 B/R,Ready,229.28,2925000,11-14831-2026
2026-04-30,DUBAI CREEK HARBOUR,Palace Residences - North,Apartment,2 B/R,Ready,98,3150000,11-14936-2026
2026-04-30,DUBAI CREEK HARBOUR,Creek Palace,Apartment,2 B/R,Ready,104.51,1100000,11-14945-2026
2026-04-30,DUBAI CREEK HARBOUR,Island Park II,Apartment,1 B/R,Ready,67.79,1725000,11-14951-2026
2026-04-30,EMAAR SOUTH,Parkside 3,Villa,4 B/R,Ready,256.84,2700000,11-14962-2026
2026-04-30,DUBAI CREEK HARBOUR,Creek Beach - Lotus,Apartment,2 B/R,Ready,131.6,2700000,11-14975-2026
2026-04-30,DUBAI CREEK HARBOUR,The Grand,Apartment,2 B/R,Ready,123.03,3050000,11-14985-2026
2026-04-01,DUBAI CREEK HARBOUR,Palace Residences - North,Apartment,1 B/R,Ready,59.66,1900000,41-5405-2026
2026-04-02,DUBAI CREEK HARBOUR,Harbour Gate,Apartment,3 B/R,Ready,152.26,3650000,41-5506-2026
2026-04-03,DUBAI CREEK HARBOUR,Creek Beach - Rosewater,Apartment,1 B/R,Ready,66.63,1750888.88,41-5569-2026
2026-04-07,EMAAR SOUTH,Greenview 2,Villa,3 B/R,Ready,144.32,2590000,41-5684-2026
2026-04-09,DUBAI CREEK HARBOUR,Creek Beach - Savanna-Cedar-Mangrove,Apartment,2 B/R,Ready,95.49,2603888,41-5844-2026
2026-04-10,DUBAI CREEK HARBOUR,Palace Residences - North,Apartment,2 B/R,Ready,102.43,2850000,41-5899-2026
2026-04-14,DUBAI CREEK HARBOUR,Creek Beach - Rosewater,Apartment,2 B/R,Ready,121.05,3250000,41-6033-2026
2026-04-16,DUBAI CREEK HARBOUR,Creek Beach - Rosewater,Apartment,3 B/R,Ready,165.76,4750000,41-6174-2026
2026-04-16,DUBAI CREEK HARBOUR,Palace Residences - Dubai Creek Harbour,Apartment,1 B/R,Ready,65.22,2000000,41-6178-2026
2026-04-27,EMAAR SOUTH,Greenview 2,Villa,3 B/R,Ready,155.74,2654888,41-6580-2026
2026-04-29,DUBAI CREEK HARBOUR,Creek Beach - Rosewater,Apartment,3 B/R,Ready,149.88,4489888,41-6663-2026
2026-04-30,EMAAR SOUTH,Golf Vale,Apartment,1 B/R,Off-Plan,80.7,1227888,102-41323-2026
2026-05-01,EMAAR SOUTH,Golf Vale,Apartment,1 B/R,Off-Plan,62.82,1432888,102-41328-2026
2026-05-01,DUBAI CREEK HARBOUR,Creek Haven,Apartment,1 B/R,Off-Plan,67.63,1883888,102-41356-2026
2026-05-01,DUBAI CREEK HARBOUR,Creek Haven,Apartment,1 B/R,Off-Plan,67.63,1865888,102-41358-2026
2026-05-01,DUBAI CREEK HARBOUR,The Cove ll,Apartment,2 B/R,Off-Plan,106.38,2600000,102-41360-2026
2026-05-01,DUBAI CREEK HARBOUR,Creek Bay,Apartment,1 B/R,Off-Plan,69.99,2152888,102-41362-2026
2026-05-01,DUBAI CREEK HARBOUR,Creek Bay,Apartment,1 B/R,Off-Plan,70.69,2033888,102-41365-2026
2026-05-01,DUBAI CREEK HARBOUR,Creek Haven,Apartment,1 B/R,Off-Plan,67.62,1956888,102-41368-2026
2026-05-01,DUBAI CREEK HARBOUR,Creek Bay,Apartment,3 B/R,Off-Plan,172.7,6157654,102-41371-2026
2026-05-01,DUBAI CREEK HARBOUR,Creek Bay,Apartment,2 B/R,Off-Plan,115.78,4433888,102-41372-2026
2026-05-01,DUBAI CREEK HARBOUR,Creek Waters 2,Apartment,3 B/R,Off-Plan,171.72,3881900,102-41377-2026
2026-05-01,EMAAR SOUTH,Golf Vale,Apartment,2 B/R,Off-Plan,98.58,1582888,102-41410-2026
2026-05-01,DUBAI CREEK HARBOUR,Creek Haven,Apartment,1 B/R,Off-Plan,68.13,1978888,102-41429-2026
2026-05-01,DUBAI CREEK HARBOUR,Silva,Apartment,3 B/R,Off-Plan,170.38,3957888,102-41434-2026
2026-05-01,DUBAI CREEK HARBOUR,Creek Haven,Apartment,1 B/R,Off-Plan,68.13,1923888,102-41439-2026
2026-05-01,DUBAI CREEK HARBOUR,Creek Bay,Apartment,1 B/R,Off-Plan,70.65,2178888,102-41446-2026
2026-05-01,EMAAR SOUTH,Golf Vale,Apartment,2 B/R,Off-Plan,91.62,1577888,102-41448-2026
2026-05-01,DUBAI CREEK HARBOUR,Creek Haven,Apartment,1 B/R,Off-Plan,68.7,1951888,102-41451-2026
2026-05-01,DUBAI CREEK HARBOUR,Creek Bay,Apartment,1 B/R,Off-Plan,68.02,1907888,102-41453-2026
2026-05-01,DUBAI CREEK HARBOUR,Albero,Apartment,3 B/R,Off-Plan,171.7,4323888,102-41455-2026
2026-05-01,EMAAR SOUTH,Golf Vale,Apartment,2 B/R,Off-Plan,91.96,1596888,102-41457-2026
2026-05-01,EMAAR SOUTH,Golf Vale,Apartment,2 B/R,Off-Plan,99.4,1700888,102-41490-2026
2026-05-01,EMAAR SOUTH,Golf Meadow,Apartment,1 B/R,Off-Plan,67.02,1428888,102-41515-2026
2026-05-01,EMAAR SOUTH,Golf Hills,Apartment,1 B/R,Off-Plan,62.7,1118888,102-41517-2026
2026-05-01,DUBAI CREEK HARBOUR,Creek Bay,Apartment,1 B/R,Off-Plan,68.3,1880888,102-41525-2026
2026-05-01,DUBAI CREEK HARBOUR,Creek Bay,Apartment,1 B/R,Off-Plan,69.99,2148888,102-41526-2026
2026-05-01,DUBAI CREEK HARBOUR,Creek Bay,Apartment,1 B/R,Off-Plan,68.02,1938888,102-41527-2026
2026-05-01,EMAAR SOUTH,Golf Vale,Apartment,1 B/R,Off-Plan,62.46,1216888,102-41555-2026
2026-05-01,EMAAR SOUTH,Grove Ridge,Apartment,1 B/R,Off-Plan,73.26,1272910,102-41558-2026
2026-05-01,DUBAI CREEK HARBOUR,Creek Bay,Apartment,1 B/R,Off-Plan,71,2035921,102-41561-2026
2026-05-01,EMAAR SOUTH,Grove Ridge,Apartment,1 B/R,Off-Plan,74.48,1268990,102-41589-2026
2026-05-04,EMAAR SOUTH,Golf Vale,Apartment,1 B/R,Off-Plan,62.8,1099888,102-41732-2026
2026-05-04,EMAAR SOUTH,Golf Vale,Apartment,1 B/R,Off-Plan,62.8,1092590,102-41737-2026
2026-05-04,EMAAR SOUTH,Golf Vale,Apartment,1 B/R,Off-Plan,62.8,1099888,102-41741-2026
2026-05-04,EMAAR SOUTH,Golf Vale,Apartment,1 B/R,Off-Plan,62.8,1168888,102-41760-2026
2026-05-04,DUBAI CREEK HARBOUR,The Cove ll,Apartment,2 B/R,Off-Plan,105.81,2475000,102-41790-2026
2026-05-04,DUBAI CREEK HARBOUR,Address Residences l Dubai Creek Harbour,Apartment,1 B/R,Off-Plan,73.63,2092749,102-41869-2026
2026-05-05,EMAAR SOUTH,Grove Ridge,Apartment,1 B/R,Off-Plan,76.68,1364888,102-42067-2026
2026-05-05,EMAAR SOUTH,Grove Ridge,Apartment,1 B/R,Off-Plan,73.26,1275888,102-42069-2026
2026-05-05,EMAAR SOUTH,Golf Vale,Apartment,3 B/R,Off-Plan,160.18,3386888,102-42086-2026
2026-05-05,DUBAI CREEK HARBOUR,Creek Bay,Apartment,1 B/R,Off-Plan,68.02,1924888,102-42088-2026
2026-05-05,DUBAI CREEK HARBOUR,Creek Bay,Apartment,1 B/R,Off-Plan,68.45,1853888,102-42090-2026
2026-05-05,EMAAR SOUTH,Golf Vale,Apartment,1 B/R,Off-Plan,62.8,1175888,102-42094-2026
2026-05-05,DUBAI CREEK HARBOUR,The Cove ll,Apartment,1 B/R,Off-Plan,71.62,1750000,102-42097-2026
2026-05-05,DUBAI CREEK HARBOUR,Creek Haven,Apartment,2 B/R,Off-Plan,116.07,4062888,102-42110-2026
2026-05-06,EMAAR SOUTH,Golf Vale,Apartment,1 B/R,Off-Plan,62.8,1150888,102-42321-2026
2026-05-07,EMAAR SOUTH,Golf Hills 2,Apartment,1 B/R,Off-Plan,62.36,1112888,102-42568-2026
2026-05-07,EMAAR SOUTH,Golf Vale,Apartment,1 B/R,Off-Plan,62.82,1427888,102-42593-2026
2026-05-07,EMAAR SOUTH,Greenridge,Villa,3 B/R,Off-Plan,172.53,3174888,102-42598-2026
2026-05-07,EMAAR SOUTH,Vista Ridge,Apartment,1 B/R,Off-Plan,73.69,1280888,102-42602-2026
2026-05-07,EMAAR SOUTH,Golf Vale,Apartment,1 B/R,Off-Plan,62.82,1438888,102-42610-2026
2026-05-07,DUBAI CREEK HARBOUR,Creek Haven,Apartment,1 B/R,Off-Plan,68.13,1927888,102-42611-2026
2026-05-07,DUBAI CREEK HARBOUR,Creek Bay,Apartment,1 B/R,Off-Plan,70.34,2132888,102-42615-2026
2026-05-07,DUBAI CREEK HARBOUR,Creek Bay,Apartment,2 B/R,Off-Plan,134.5,3451888,102-42618-2026
2026-05-07,DUBAI CREEK HARBOUR,Creek Haven,Apartment,2 B/R,Off-Plan,110.86,3783888,102-42620-2026
2026-05-07,EMAAR SOUTH,Golf Vale,Apartment,2 B/R,Off-Plan,121.01,1748888,102-42637-2026
2026-05-07,EMAAR SOUTH,Golf Vale,Apartment,2 B/R,Off-Plan,91.96,1583888,102-42665-2026
2026-05-07,EMAAR SOUTH,Golf Vale,Apartment,2 B/R,Off-Plan,91.96,1699888,102-42680-2026
2026-05-08,EMAAR SOUTH,Golf Vale,Apartment,2 B/R,Off-Plan,91.72,2049888,102-42837-2026
2026-05-08,EMAAR SOUTH,Vista Ridge,Apartment,2 B/R,Off-Plan,128.41,1993888,102-42850-2026
2026-05-08,EMAAR SOUTH,Golf Vale,Apartment,1 B/R,Off-Plan,62.8,1119888,102-42913-2026
2026-05-08,EMAAR SOUTH,Golf Vale,Apartment,1 B/R,Off-Plan,62.6,1427888,102-42918-2026
2026-05-08,EMAAR SOUTH,Golf Vale,Apartment,2 B/R,Off-Plan,91.62,1571888,102-42919-2026
2026-05-08,EMAAR SOUTH,Golf Vale,Apartment,1 B/R,Off-Plan,62.6,1416888,102-42953-2026
2026-05-08,EMAAR SOUTH,Golf Vale,Apartment,1 B/R,Off-Plan,62.8,1101888,102-42962-2026
2026-05-08,EMAAR SOUTH,Golf Vale,Apartment,1 B/R,Off-Plan,63.14,1151888,102-42972-2026
2026-05-08,DUBAI CREEK HARBOUR,Palace Residences Creek Blue,Apartment,2 B/R,Off-Plan,114.56,4076888,102-43004-2026
2026-05-11,EMAAR SOUTH,Golf Vale,Apartment,2 B/R,Off-Plan,91.96,1725888,102-43324-2026
2026-05-11,EMAAR SOUTH,Grove Ridge,Apartment,1 B/R,Off-Plan,74.48,1291888,102-43335-2026
2026-05-11,DUBAI CREEK HARBOUR,Altus,Apartment,2 B/R,Off-Plan,106.3,2665888,102-43347-2026
2026-05-19,DUBAI CREEK HARBOUR,Creek Waters 2,Apartment,2 B/R,Off-Plan,115.09,2870888,102-43356-2026
2026-05-11,EMAAR SOUTH,Golf Vale,Apartment,2 B/R,Off-Plan,92.29,1951888,102-43390-2026
2026-05-11,EMAAR SOUTH,Golf Vale,Apartment,1 B/R,Off-Plan,62.46,1177812,102-43411-2026
2026-05-12,DUBAI CREEK HARBOUR,Address Residences l Dubai Creek Harbour,Apartment,1 B/R,Off-Plan,74.24,2250443,102-43473-2026
2026-05-12,EMAAR SOUTH,Golf Vale,Apartment,2 B/R,Off-Plan,99.4,1675888,102-43653-2026
2026-05-12,EMAAR SOUTH,Greenway 2,Villa,4 B/R,Off-Plan,255.25,3253888,102-43676-2026
2026-05-12,EMAAR SOUTH,Golf Vale,Apartment,2 B/R,Off-Plan,91.62,1580888,102-43693-2026
2026-05-12,DUBAI CREEK HARBOUR,Creek Haven,Apartment,3 B/R,Off-Plan,173.04,5473190,102-43713-2026
2026-05-12,DUBAI CREEK HARBOUR,Creek Bay,Apartment,3 B/R,Off-Plan,172.34,5592888,102-43715-2026
2026-05-12,DUBAI CREEK HARBOUR,Creek Haven,Apartment,2 B/R,Off-Plan,110.87,3884888,102-43718-2026
2026-05-12,DUBAI CREEK HARBOUR,Creek Bay,Apartment,1 B/R,Off-Plan,71,2150888,102-43724-2026
2026-05-12,DUBAI CREEK HARBOUR,Creek Haven,Apartment,1 B/R,Off-Plan,68.13,1964888,102-43725-2026
2026-05-12,DUBAI CREEK HARBOUR,Creek Haven,Apartment,2 B/R,Off-Plan,111.76,3525888,102-43726-2026
2026-05-12,DUBAI CREEK HARBOUR,Creek Bay,Apartment,2 B/R,Off-Plan,134.5,3501888,102-43727-2026
2026-05-12,DUBAI CREEK HARBOUR,Creek Bay,Apartment,1 B/R,Off-Plan,68.3,1824461,102-43729-2026
2026-05-12,DUBAI CREEK HARBOUR,Creek Bay,Apartment,1 B/R,Off-Plan,68.3,1891888,102-43730-2026
2026-05-12,DUBAI CREEK HARBOUR,Silva,Apartment,2 B/R,Off-Plan,130.34,3113888,102-43731-2026
2026-05-12,DUBAI CREEK HARBOUR,Creek Haven,Apartment,1 B/R,Off-Plan,67.62,1934888,102-43732-2026
2026-05-12,DUBAI CREEK HARBOUR,Creek Haven,Apartment,1 B/R,Off-Plan,67.63,1861888,102-43733-2026
2026-05-12,DUBAI CREEK HARBOUR,Montiva,Apartment,2 B/R,Off-Plan,106.2,2949888,102-43734-2026
2026-05-12,DUBAI CREEK HARBOUR,Creek Haven,Apartment,1 B/R,Off-Plan,67.63,1930888,102-43738-2026
2026-05-12,DUBAI CREEK HARBOUR,Creek Bay,Apartment,1 B/R,Off-Plan,68.02,1931888,102-43741-2026
2026-05-12,DUBAI CREEK HARBOUR,Creek Bay,Apartment,1 B/R,Off-Plan,68.02,1893250,102-43748-2026
2026-05-12,DUBAI CREEK HARBOUR,Creek Haven,Apartment,1 B/R,Off-Plan,67.63,1905888,102-43749-2026
2026-05-12,DUBAI CREEK HARBOUR,Creek Bay,Apartment,1 B/R,Off-Plan,68.3,1894888,102-43805-2026
2026-05-12,EMAAR SOUTH,Golf Vale,Apartment,1 B/R,Off-Plan,62.81,1121888,102-43827-2026
2026-05-13,EMAAR SOUTH,Golf Point,Apartment,2 B/R,Off-Plan,91.57,1328888,102-43858-2026
2026-05-13,EMAAR SOUTH,Vista Ridge,Apartment,2 B/R,Off-Plan,127.41,2672888,102-43915-2026
2026-05-13,DUBAI CREEK HARBOUR,Albero,Apartment,1 B/R,Off-Plan,70.37,1770814,102-43916-2026
2026-05-13,EMAAR SOUTH,Golf Vale,Apartment,1 B/R,Off-Plan,62.8,1099888,102-43917-2026
2026-05-13,EMAAR SOUTH,Golf Vale,Apartment,1 B/R,Off-Plan,62.8,1101888,102-43919-2026
2026-05-13,EMAAR SOUTH,Grove Ridge,Apartment,1 B/R,Off-Plan,73.26,1283888,102-43989-2026
2026-05-14,EMAAR SOUTH,Vista Ridge,Apartment,2 B/R,Off-Plan,119.43,2634888,102-44390-2026
2026-05-14,EMAAR SOUTH,Golf Vale,Apartment,1 B/R,Off-Plan,62.8,1108689,102-44402-2026
2026-05-14,EMAAR SOUTH,Greenway 2,Villa,3 B/R,Off-Plan,172.43,2814888,102-44626-2026
2026-05-14,DUBAI CREEK HARBOUR,Creek Waters 2,Apartment,2 B/R,Off-Plan,110.83,2329888,102-44635-2026
2026-05-14,DUBAI CREEK HARBOUR,Creek Haven,Apartment,1 B/R,Off-Plan,67.62,1945888,102-44737-2026
2026-05-14,DUBAI CREEK HARBOUR,Creek Bay,Apartment,2 B/R,Off-Plan,134.56,3390888,102-44740-2026
2026-05-14,DUBAI CREEK HARBOUR,Lyvia by Palace,Apartment,3 B/R,Off-Plan,170.5,4499888,102-44744-2026
2026-05-14,DUBAI CREEK HARBOUR,Creek Haven,Apartment,2 B/R,Off-Plan,111.02,3267888,102-44747-2026
2026-05-14,DUBAI CREEK HARBOUR,Creek Haven,Apartment,1 B/R,Off-Plan,67.63,1872888,102-44756-2026
2026-05-14,DUBAI CREEK HARBOUR,Creek Bay,Apartment,1 B/R,Off-Plan,68.45,1857888,102-44762-2026
2026-05-14,DUBAI CREEK HARBOUR,Creek Bay,Apartment,2 B/R,Off-Plan,134.56,3390888,102-44766-2026
2026-05-14,DUBAI CREEK HARBOUR,Creek Haven,Apartment,1 B/R,Off-Plan,68.69,1977888,102-44767-2026
2026-05-14,DUBAI CREEK HARBOUR,Creek Bay,Apartment,1 B/R,Off-Plan,68.02,1862870,102-44771-2026
2026-05-14,DUBAI CREEK HARBOUR,Creek Bay,Apartment,1 B/R,Off-Plan,68.02,1907888,102-44772-2026
2026-05-14,DUBAI CREEK HARBOUR,Creek Bay,Apartment,2 B/R,Off-Plan,134.5,3470888,102-44777-2026
2026-05-14,DUBAI CREEK HARBOUR,Creek Bay,Apartment,1 B/R,Off-Plan,70.34,2124888,102-44781-2026
2026-05-14,DUBAI CREEK HARBOUR,Creek Bay,Apartment,1 B/R,Off-Plan,68.3,1817671,102-44783-2026
2026-05-14,DUBAI CREEK HARBOUR,Creek Bay,Apartment,2 B/R,Off-Plan,134.76,3310330,102-44787-2026
2026-05-15,DUBAI CREEK HARBOUR,Altus,Apartment,1 B/R,Off-Plan,61.75,2000000,102-45015-2026
2026-05-15,EMAAR SOUTH,Golf Vale,Apartment,1 B/R,Off-Plan,62.8,1101888,102-45045-2026
2026-05-15,EMAAR SOUTH,Golf Vale,Apartment,1 B/R,Off-Plan,63.14,1149888,102-45092-2026
2026-05-15,DUBAI CREEK HARBOUR,Creek Bay,Apartment,1 B/R,Off-Plan,70.65,2158888,102-45162-2026
2026-05-15,EMAAR SOUTH,Vista Ridge,Apartment,1 B/R,Off-Plan,73.31,1272888,102-45375-2026
2026-05-15,EMAAR SOUTH,Vista Ridge,Apartment,1 B/R,Off-Plan,76.71,1346888,102-45396-2026
2026-05-18,EMAAR SOUTH,Grove Ridge,Apartment,1 B/R,Off-Plan,74.48,1299888,102-45849-2026
2026-05-18,EMAAR SOUTH,Golf Vale,Apartment,1 B/R,Off-Plan,62.46,1219888,102-45919-2026
2026-05-19,EMAAR SOUTH,Greenridge,Villa,3 B/R,Off-Plan,172.5,3034950,102-46140-2026
2026-05-19,EMAAR SOUTH,Golf Vale,Apartment,1 B/R,Off-Plan,62.8,1123888,102-46265-2026
2026-05-19,EMAAR SOUTH,Vista Ridge,Apartment,1 B/R,Off-Plan,73.73,1308888,102-46298-2026
2026-05-20,DUBAI CREEK HARBOUR,Creek Waters 2,Apartment,2 B/R,Off-Plan,105.55,2930000,102-46663-2026
2026-05-20,DUBAI CREEK HARBOUR,Creek Bay,Apartment,1 B/R,Off-Plan,68.3,1843270,102-46698-2026
2026-05-21,DUBAI CREEK HARBOUR,Creek Bay,Apartment,1 B/R,Off-Plan,71,2122888,102-47003-2026
2026-05-21,DUBAI CREEK HARBOUR,Creek Bay,Apartment,2 B/R,Off-Plan,133.19,4804120,102-47004-2026
2026-05-21,DUBAI CREEK HARBOUR,Creek Haven,Apartment,1 B/R,Off-Plan,68.13,1973949,102-47005-2026
2026-05-21,DUBAI CREEK HARBOUR,Creek Bay,Apartment,1 B/R,Off-Plan,68.02,1839981,102-47006-2026
2026-05-21,DUBAI CREEK HARBOUR,Creek Bay,Apartment,2 B/R,Off-Plan,115.98,4257888,102-47007-2026
2026-05-21,DUBAI CREEK HARBOUR,Creek Bay,Apartment,2 B/R,Off-Plan,134.5,3457888,102-47009-2026
2026-05-21,DUBAI CREEK HARBOUR,Creek Haven,Apartment,1 B/R,Off-Plan,68.69,1966888,102-47010-2026
2026-05-21,EMAAR SOUTH,Vista Ridge,Apartment,1 B/R,Off-Plan,76.69,1346888,102-47011-2026
2026-05-21,DUBAI CREEK HARBOUR,Creek Bay,Apartment,1 B/R,Off-Plan,68.45,1818888,102-47012-2026
2026-05-21,DUBAI CREEK HARBOUR,Creek Waters,Apartment,4 B/R,Off-Plan,244.43,7009888,102-47014-2026
2026-05-21,DUBAI CREEK HARBOUR,Creek Haven,Apartment,1 B/R,Off-Plan,67.63,1868888,102-47016-2026
2026-05-21,DUBAI CREEK HARBOUR,Creek Bay,Apartment,3 B/R,Off-Plan,172.7,6320888,102-47018-2026
2026-05-21,DUBAI CREEK HARBOUR,Creek Haven,Apartment,1 B/R,Off-Plan,68.69,1962888,102-47019-2026
2026-05-21,DUBAI CREEK HARBOUR,Creek Bay,Apartment,1 B/R,Off-Plan,69.99,2156888,102-47020-2026
2026-05-21,DUBAI CREEK HARBOUR,Creek Bay,Apartment,1 B/R,Off-Plan,70.65,2202888,102-47021-2026
2026-05-21,EMAAR SOUTH,Greenway 2,Villa,3 B/R,Off-Plan,172.15,2928888,102-47050-2026
2026-05-21,EMAAR SOUTH,Golf Vale,Apartment,2 B/R,Off-Plan,91.96,1712888,102-47077-2026
2026-05-21,EMAAR SOUTH,Golf Vale,Apartment,2 B/R,Off-Plan,99.4,1655681,102-47107-2026
2026-05-21,EMAAR SOUTH,Golf Vale,Apartment,2 B/R,Off-Plan,98.58,1585888,102-47118-2026
2026-05-21,EMAAR SOUTH,Golf Vale,Apartment,1 B/R,Off-Plan,62.82,1430888,102-47175-2026
2026-05-21,EMAAR SOUTH,Golf Vale,Apartment,1 B/R,Off-Plan,62.8,1117888,102-47202-2026
2026-05-21,EMAAR SOUTH,Golf Hills 2,Apartment,2 B/R,Off-Plan,99.38,1691888,102-47211-2026
2026-05-21,EMAAR SOUTH,Golf Vale,Apartment,2 B/R,Off-Plan,98.58,1610888,102-47213-2026
2026-05-21,EMAAR SOUTH,Golf Vale,Apartment,2 B/R,Off-Plan,99.4,1690888,102-47227-2026
2026-05-22,EMAAR SOUTH,Golf Vale,Apartment,2 B/R,Off-Plan,91.96,1715888,102-47593-2026
2026-05-22,EMAAR SOUTH,Vista Ridge,Apartment,1 B/R,Off-Plan,73.21,1271930,102-47777-2026
2026-05-01,DUBAI CREEK HARBOUR,Creek Beach - Savanna-Cedar-Mangrove,Apartment,2 B/R,Ready,95.55,2050000,11-15057-2026
2026-05-01,DUBAI CREEK HARBOUR,Palace Residences - Dubai Creek Harbour,Apartment,3 B/R,Ready,165.74,4150000,11-15066-2026
2026-05-01,DUBAI CREEK HARBOUR,THE DUBAI CREEK RESIDENCES,Apartment,2 B/R,Ready,155.92,3450000,11-15083-2026
2026-05-01,DUBAI CREEK HARBOUR,Island Park II,Apartment,3 B/R,Ready,150.56,3900000,11-15103-2026
2026-05-01,DUBAI CREEK HARBOUR,17 ICON BAY,Apartment,1 B/R,Ready,71.06,1400000,11-15149-2026
2026-05-02,DUBAI CREEK HARBOUR,CREEK CRESCENT,Apartment,2 B/R,Ready,97.84,2440000,11-15160-2026
2026-05-05,DUBAI CREEK HARBOUR,Creek Beach - Savanna-Cedar-Mangrove,Apartment,2 B/R,Ready,47.53,1050000,11-15218-2026
2026-05-05,EMAAR SOUTH,Parkside 2,Villa,3 B/R,Ready,137.07,2050000,11-15332-2026
2026-05-05,DUBAI CREEK HARBOUR,CREEK EDGE,Apartment,1 B/R,Ready,16.84,366250,11-15339-2026
2026-05-05,DUBAI CREEK HARBOUR,CREEK EDGE,Apartment,1 B/R,Ready,18.81,418750,11-15340-2026
2026-05-09,DUBAI CREEK HARBOUR,CREEK EDGE,Apartment,1 B/R,Ready,16.02,355000,11-15341-2026
2026-05-11,DUBAI CREEK HARBOUR,CREEK EDGE,Apartment,1 B/R,Ready,21.94,437773,11-15342-2026
2026-05-05,DUBAI CREEK HARBOUR,CREEK EDGE,Apartment,1 B/R,Ready,22.46,372500,11-15343-2026
2026-05-05,DUBAI CREEK HARBOUR,CREEK EDGE,Apartment,2 B/R,Ready,25.25,630000,11-15344-2026
2026-05-06,DUBAI CREEK HARBOUR,Creek Beach - Bayshore,Apartment,3 B/R,Ready,138.75,2800000,11-15376-2026
2026-05-06,DUBAI CREEK HARBOUR,HARBOUR VIEWS,Apartment,2 B/R,Ready,107.4,2550000,11-15410-2026
2026-05-06,DUBAI CREEK HARBOUR,Creek Beach - Bayshore,Apartment,1 B/R,Ready,63.52,1400000,11-15416-2026
2026-05-06,DUBAI CREEK HARBOUR,Creek Beach - Savanna-Cedar-Mangrove,Apartment,2 B/R,Ready,95.94,2250000,11-15465-2026
2026-05-07,EMAAR SOUTH,Parkside,Villa,3 B/R,Ready,169.56,2275000,11-15496-2026
2026-05-07,EMAAR SOUTH,URBANA,Apartment,2 B/R,Ready,165.28,1575000,11-15525-2026
2026-05-07,EMAAR SOUTH,Parkside 3,Villa,3 B/R,Ready,141.05,2085000,11-15547-2026
2026-05-07,DUBAI CREEK HARBOUR,17 ICON BAY,Apartment,1 B/R,Ready,71.58,1600000,11-15607-2026
2026-05-08,DUBAI CREEK HARBOUR,Creek Gate,Apartment,1 B/R,Ready,66.91,1770000,11-15681-2026
2026-05-08,EMAAR SOUTH,URBANA III,Apartment,2 B/R,Ready,113.1,1575000,11-15701-2026
2026-05-08,DUBAI CREEK HARBOUR,Creek Gate,Apartment,2 B/R,Ready,103.56,2500000,11-15731-2026
2026-05-08,DUBAI CREEK HARBOUR,Creek Beach - Rosewater,Apartment,3 B/R,Ready,162.37,3450000,11-15732-2026
2026-05-11,DUBAI CREEK HARBOUR,Palace Residences - Dubai Creek Harbour,Apartment,1 B/R,Ready,64.99,2200000,11-15769-2026
2026-05-11,DUBAI CREEK HARBOUR,Creek Beach - Savanna-Cedar-Mangrove,Apartment,2 B/R,Ready,94.87,2400000,11-15773-2026
2026-05-11,DUBAI CREEK HARBOUR,HARBOUR VIEWS,Apartment,1 B/R,Ready,69.01,1500000,11-15783-2026
2026-05-12,DUBAI CREEK HARBOUR,Creek Beach - Grove,Apartment,2 B/R,Ready,202.52,3750000,11-15869-2026
2026-05-12,DUBAI CREEK HARBOUR,Palace Residences - North,Apartment,2 B/R,Ready,102.43,2600000,11-15940-2026
2026-05-13,DUBAI CREEK HARBOUR,The Grand,Apartment,2 B/R,Ready,123.17,3950000,11-15977-2026
2026-05-13,DUBAI CREEK HARBOUR,CREEK CRESCENT,Apartment,2 B/R,Ready,105.07,2250000,11-15978-2026
2026-05-14,DUBAI CREEK HARBOUR,THE DUBAI CREEK RESIDENCES,Apartment,2 B/R,Ready,155.92,3550000,11-16073-2026
2026-05-14,DUBAI CREEK HARBOUR,Creek Beach - Breeze,Apartment,1 B/R,Ready,66.35,1650000,11-16169-2026
2026-05-14,DUBAI CREEK HARBOUR,Creek Beach - Sunset,Apartment,1 B/R,Ready,70.92,1735000,11-16211-2026
2026-05-14,EMAAR SOUTH,URBANA,Apartment,2 B/R,Ready,120.95,1350000,11-16245-2026
2026-05-14,DUBAI CREEK HARBOUR,CREEK CRESCENT,Apartment,3 B/R,Ready,201.46,6750000,11-16262-2026
2026-05-14,DUBAI CREEK HARBOUR,CREEK RISE,Apartment,2 B/R,Ready,102.88,2350000,11-16289-2026
2026-05-16,DUBAI CREEK HARBOUR,Creek Beach - VIDA Residences,Apartment,1 B/R,Ready,32.13,750000,11-16446-2026
2026-05-18,DUBAI CREEK HARBOUR,CREEKSIDE 18,Apartment,3 B/R,Ready,150.46,3550000,11-16509-2026
2026-05-18,DUBAI CREEK HARBOUR,Palace Residences - North,Apartment,2 B/R,Ready,104.33,2700000,11-16528-2026
2026-05-18,DUBAI CREEK HARBOUR,Creek Palace,Apartment,1 B/R,Ready,59.86,1750000,11-16550-2026
2026-05-18,DUBAI CREEK HARBOUR,HARBOUR VIEWS,Apartment,2 B/R,Ready,107.33,2900000,11-16570-2026
2026-05-18,DUBAI CREEK HARBOUR,CREEK EDGE,Apartment,2 B/R,Ready,109.47,2805000,11-16578-2026
2026-05-19,EMAAR SOUTH,Golf Views,Apartment,2 B/R,Ready,92.33,1635000,11-16611-2026
2026-05-20,DUBAI CREEK HARBOUR,Palace Residences - North,Apartment,1 B/R,Ready,59.63,1535000,11-16816-2026
2026-05-21,DUBAI CREEK HARBOUR,THE DUBAI CREEK RESIDENCES,Apartment,2 B/R,Ready,156.23,3850000,11-16899-2026
2026-05-21,EMAAR SOUTH,Greenview 3,Villa,4 B/R,Ready,369.03,3600000,11-16935-2026
2026-05-21,DUBAI CREEK HARBOUR,HARBOUR VIEWS,Apartment,2 B/R,Ready,112.61,2400000,11-16948-2026
2026-05-21,DUBAI CREEK HARBOUR,CREEK EDGE,Apartment,3 B/R,Ready,144.07,3920000,11-16962-2026
2026-05-21,DUBAI CREEK HARBOUR,Palace Residences - North,Apartment,2 B/R,Ready,104.33,2800000,11-17037-2026
2026-05-22,DUBAI CREEK HARBOUR,CREEK HORIZON,Apartment,1 B/R,Ready,71.42,1685000,11-17067-2026
2026-05-22,DUBAI CREEK HARBOUR,CREEK HORIZON,Apartment,1 B/R,Ready,71.67,1500000,11-17073-2026
2026-05-22,DUBAI CREEK HARBOUR,CREEK HORIZON,Apartment,3 B/R,Ready,151.07,3850000,11-17106-2026
2026-05-22,DUBAI CREEK HARBOUR,CREEK HORIZON,Apartment,2 B/R,Ready,112.75,2900000,11-17168-2026
2026-05-23,DUBAI CREEK HARBOUR,CREEK CRESCENT,Apartment,1 B/R,Ready,63.55,1700000,11-17227-2026
2026-05-01,EMAAR SOUTH,Greenview,Villa,4 B/R,Ready,236.5,1600000,41-6785-2026
2026-05-05,DUBAI CREEK HARBOUR,Palace Residences - Dubai Creek Harbour,Apartment,1 B/R,Ready,65.01,2330000,41-6882-2026
2026-05-07,DUBAI CREEK HARBOUR,Creek Beach - Savanna-Cedar-Mangrove,Apartment,3 B/R,Ready,146.97,3300000,41-7009-2026
2026-05-09,DUBAI CREEK HARBOUR,CREEK RISE,Apartment,4 B/R,Ready,405.45,9750000,41-7061-2026
2026-05-12,DUBAI CREEK HARBOUR,Creek Beach - Savanna-Cedar-Mangrove,Apartment,1 B/R,Ready,64.3,1958888,41-7126-2026
2026-05-14,DUBAI CREEK HARBOUR,Creek Beach - VIDA Residences,Apartment,2 B/R,Ready,106.04,2850000,41-7217-2026
2026-05-14,DUBAI CREEK HARBOUR,Palace Residences - Dubai Creek Harbour,Apartment,2 B/R,Ready,102.28,3000000,41-7249-2026
2026-05-14,DUBAI CREEK HARBOUR,The Cove ll,Apartment,3 B/R,Ready,145.71,4000000,41-7263-2026
2026-05-14,DUBAI CREEK HARBOUR,CREEK EDGE,Apartment,2 B/R,Ready,135.55,3135888,41-7275-2026
2026-05-18,DUBAI CREEK HARBOUR,The Cove ll,Apartment,1 B/R,Ready,73.18,1930000,41-7350-2026
2026-05-20,EMAAR SOUTH,Greenview,Villa,4 B/R,Ready,380.22,3150000,41-7454-2026
2026-05-21,DUBAI CREEK HARBOUR,Creek Beach - Rosewater,Apartment,3 B/R,Ready,236.51,4450000,41-7507-2026
2026-05-22,DUBAI CREEK HARBOUR,The Cove ll,Apartment,2 B/R,Ready,121.91,2880000,41-7556-2026
2026-06-25,DUBAI CREEK HARBOUR,Creek Waters 2,Apartment,2 B/R,Off-Plan,5.78,157294.4,102-34520-2026
2026-06-01,DUBAI CREEK HARBOUR,Creek Haven,Apartment,2 B/R,Off-Plan,116.07,4047888,102-48327-2026
2026-06-01,DUBAI CREEK HARBOUR,Creek Bay,Apartment,2 B/R,Off-Plan,133.19,4632888,102-48328-2026
2026-06-01,EMAAR SOUTH,Golf Vale,Apartment,2 B/R,Off-Plan,121.26,1752888,102-48329-2026
2026-06-01,DUBAI CREEK HARBOUR,Creek Bay,Apartment,1 B/R,Off-Plan,68.02,1896888,102-48330-2026
2026-06-01,DUBAI CREEK HARBOUR,Creek Bay,Apartment,1 B/R,Off-Plan,71,2138888,102-48333-2026
2026-06-01,DUBAI CREEK HARBOUR,Creek Bay,Apartment,1 B/R,Off-Plan,71,2052990,102-48334-2026
2026-06-01,DUBAI CREEK HARBOUR,Creek Haven,Apartment,1 B/R,Off-Plan,68.13,1879888,102-48337-2026
2026-06-01,DUBAI CREEK HARBOUR,Creek Bay,Apartment,2 B/R,Off-Plan,133.19,4948888,102-48338-2026
2026-06-01,DUBAI CREEK HARBOUR,Creek Bay,Apartment,1 B/R,Off-Plan,68.45,1832888,102-48340-2026
2026-06-01,DUBAI CREEK HARBOUR,Creek Haven,Apartment,1 B/R,Off-Plan,68.7,1929888,102-48341-2026
2026-06-01,DUBAI CREEK HARBOUR,Creek Bay,Apartment,2 B/R,Off-Plan,133.19,4957888,102-48343-2026
2026-06-01,DUBAI CREEK HARBOUR,Creek Bay,Apartment,1 B/R,Off-Plan,70.65,2178888,102-48344-2026
2026-06-01,DUBAI CREEK HARBOUR,Creek Haven,Apartment,2 B/R,Off-Plan,110.6,3230950,102-48349-2026
2026-06-01,EMAAR SOUTH,Grove Ridge,Apartment,1 B/R,Off-Plan,73.26,1278888,102-48350-2026
2026-06-01,EMAAR SOUTH,Golf Hills,Apartment,1 B/R,Off-Plan,62.7,1120888,102-48430-2026
2026-06-02,EMAAR SOUTH,Grove Ridge,Apartment,2 B/R,Off-Plan,128.3,2027888,102-48692-2026
2026-06-02,EMAAR SOUTH,Golf Vale,Apartment,2 B/R,Off-Plan,91.62,1583888,102-48752-2026
2026-06-02,EMAAR SOUTH,Golf Vale,Apartment,1 B/R,Off-Plan,63.14,1158888,102-48799-2026
2026-06-02,EMAAR SOUTH,Golf Vale,Apartment,2 B/R,Off-Plan,91.96,1571888,102-48823-2026
2026-06-03,EMAAR SOUTH,Golf Vale,Apartment,2 B/R,Off-Plan,99.4,1664888,102-49160-2026
2026-06-03,EMAAR SOUTH,Golf Vale,Apartment,2 B/R,Off-Plan,91.96,1568888,102-49161-2026
2026-06-03,DUBAI CREEK HARBOUR,Creek Bay,Apartment,2 B/R,Off-Plan,134.76,3333888,102-49162-2026
2026-06-03,EMAAR SOUTH,Golf Vale,Apartment,2 B/R,Off-Plan,98.58,1588888,102-49168-2026
2026-06-03,EMAAR SOUTH,Golf Vale,Apartment,1 B/R,Off-Plan,63.15,1106888,102-49248-2026
2026-06-03,DUBAI CREEK HARBOUR,Creek Haven,Apartment,3 B/R,Off-Plan,173.81,6120888,102-49263-2026
2026-06-04,EMAAR SOUTH,Greenway 2,Villa,3 B/R,Off-Plan,172.52,3032888,102-49715-2026
2026-06-04,EMAAR SOUTH,Greenway 2,Villa,3 B/R,Off-Plan,172.3,3031888,102-49830-2026
2026-06-04,DUBAI CREEK HARBOUR,Creek Haven,Apartment,2 B/R,Off-Plan,111.78,3506888,102-49895-2026
2026-06-04,EMAAR SOUTH,Golf Vale,Apartment,2 B/R,Off-Plan,91.62,1590888,102-49983-2026
2026-06-09,EMAAR SOUTH,Greenspoint,Villa,3 B/R,Off-Plan,173.67,3363888,102-50012-2026
2026-06-05,DUBAI CREEK HARBOUR,Creek Bay,Apartment,1 B/R,Off-Plan,69.99,2144888,102-50294-2026
2026-06-05,DUBAI CREEK HARBOUR,Creek Bay,Apartment,3 B/R,Off-Plan,172.7,5669652,102-50295-2026
2026-06-05,DUBAI CREEK HARBOUR,Creek Bay,Apartment,1 B/R,Off-Plan,68.45,1815888,102-50317-2026
2026-06-05,DUBAI CREEK HARBOUR,Creek Haven,Apartment,1 B/R,Off-Plan,67.62,1952888,102-50322-2026
2026-06-05,EMAAR SOUTH,Greenridge,Villa,4 B/R,Off-Plan,302.82,3585888,102-50489-2026
2026-06-06,DUBAI CREEK HARBOUR,Oria,Apartment,2 B/R,Off-Plan,113.62,2400000,102-50762-2026
2026-06-23,DUBAI CREEK HARBOUR,Creek Waters,Apartment,3 B/R,Off-Plan,153.99,3252888,102-50902-2026
2026-06-08,DUBAI CREEK HARBOUR,Creek Bay,Apartment,2 B/R,Off-Plan,115.98,4072212,102-50915-2026
2026-06-08,DUBAI CREEK HARBOUR,Creek Bay,Apartment,1 B/R,Off-Plan,68.02,1876590,102-50918-2026
2026-06-08,DUBAI CREEK HARBOUR,Creek Bay,Apartment,2 B/R,Off-Plan,134.56,3421888,102-50924-2026
2026-06-08,DUBAI CREEK HARBOUR,Creek Haven,Apartment,1 B/R,Off-Plan,68.13,1967888,102-50928-2026
2026-06-08,DUBAI CREEK HARBOUR,Creek Bay,Apartment,1 B/R,Off-Plan,70.34,2136888,102-50930-2026
2026-06-08,DUBAI CREEK HARBOUR,Altan,Apartment,3 B/R,Off-Plan,171.7,4133888,102-50937-2026
2026-06-08,DUBAI CREEK HARBOUR,Creek Bay,Apartment,1 B/R,Off-Plan,69.99,2163888,102-50938-2026
2026-06-08,DUBAI CREEK HARBOUR,Creek Haven,Apartment,2 B/R,Off-Plan,111.55,3545888,102-50939-2026
2026-06-09,EMAAR SOUTH,Golf Vale,Apartment,2 B/R,Off-Plan,91.94,1565888,102-51427-2026
2026-06-09,EMAAR SOUTH,Golf Vale,Apartment,1 B/R,Off-Plan,62.82,1460888,102-51438-2026
2026-06-09,EMAAR SOUTH,Golf Vale,Apartment,2 B/R,Off-Plan,100.05,1600230,102-51469-2026
2026-06-09,EMAAR SOUTH,Golf Vale,Apartment,2 B/R,Off-Plan,91.96,1580888,102-51483-2026
2026-06-09,EMAAR SOUTH,Grove Ridge,Apartment,2 B/R,Off-Plan,127.8,2026888,102-51546-2026
2026-06-09,EMAAR SOUTH,Golf Vale,Apartment,2 B/R,Off-Plan,98.58,1579888,102-51584-2026
2026-06-09,EMAAR SOUTH,Golf Hills 2,Apartment,2 B/R,Off-Plan,92.02,1589888,102-51601-2026
2026-06-09,DUBAI CREEK HARBOUR,Creek Haven,Apartment,1 B/R,Off-Plan,67.63,1857888,102-51617-2026
2026-06-10,EMAAR SOUTH,Golf Vale,Apartment,2 B/R,Off-Plan,99.4,1620810,102-51826-2026
2026-06-10,EMAAR SOUTH,Golf Vale,Apartment,2 B/R,Off-Plan,92.29,1794888,102-51856-2026
2026-06-10,EMAAR SOUTH,Golf Vale,Apartment,2 B/R,Off-Plan,98.72,2187888,102-51875-2026
2026-06-11,DUBAI CREEK HARBOUR,Creek Bay,Apartment,2 B/R,Off-Plan,134.5,3514888,102-52199-2026
2026-06-11,DUBAI CREEK HARBOUR,Creek Bay,Apartment,2 B/R,Off-Plan,134.56,3294981,102-52200-2026
2026-06-11,DUBAI CREEK HARBOUR,Creek Bay,Apartment,2 B/R,Off-Plan,134.5,3463888,102-52201-2026
2026-06-11,DUBAI CREEK HARBOUR,Creek Bay,Apartment,3 B/R,Off-Plan,172.34,5816888,102-52203-2026
2026-06-11,DUBAI CREEK HARBOUR,Creek Bay,Apartment,2 B/R,Off-Plan,134.5,3482888,102-52204-2026
2026-06-11,DUBAI CREEK HARBOUR,Lyvia by Palace,Apartment,1 B/R,Off-Plan,84.9,2341332,102-52205-2026
2026-06-11,DUBAI CREEK HARBOUR,Montiva,Apartment,2 B/R,Off-Plan,106.21,2856888,102-52207-2026
2026-06-11,DUBAI CREEK HARBOUR,Creek Bay,Apartment,2 B/R,Off-Plan,134.56,3317190,102-52208-2026
2026-06-11,DUBAI CREEK HARBOUR,Creek Bay,Apartment,1 B/R,Off-Plan,68.3,1887888,102-52209-2026
2026-06-11,DUBAI CREEK HARBOUR,Creek Bay,Apartment,2 B/R,Off-Plan,134.5,3495888,102-52210-2026
2026-06-11,DUBAI CREEK HARBOUR,Silva,Apartment,2 B/R,Off-Plan,130.34,3017888,102-52219-2026
2026-06-11,EMAAR SOUTH,Golf Vale,Apartment,2 B/R,Off-Plan,91.62,1559888,102-52395-2026
2026-06-12,EMAAR SOUTH,Golf Point,Apartment,3 B/R,Off-Plan,155.81,2680000,102-52596-2026
2026-06-12,DUBAI CREEK HARBOUR,Creek Waters 2,Apartment,1 B/R,Off-Plan,70.1,1757888,102-52618-2026
2026-06-16,DUBAI CREEK HARBOUR,Lyvia by Palace,Apartment,1 B/R,Off-Plan,84.9,2414888,102-53330-2026
2026-06-16,DUBAI CREEK HARBOUR,Creek Bay,Apartment,1 B/R,Off-Plan,68.45,1789370,102-53331-2026
2026-06-16,DUBAI CREEK HARBOUR,Creek Bay,Apartment,2 B/R,Off-Plan,115.98,3754452,102-53334-2026
2026-06-16,DUBAI CREEK HARBOUR,Altan,Apartment,2 B/R,Off-Plan,135.02,3292888,102-53339-2026
2026-06-16,EMAAR SOUTH,Golf Point,Apartment,2 B/R,Off-Plan,92.55,1295000,102-53448-2026
2026-06-17,EMAAR SOUTH,Golf Vale,Apartment,2 B/R,Off-Plan,91.62,1565888,102-53739-2026
2026-06-17,EMAAR SOUTH,Golf Vale,Apartment,3 B/R,Off-Plan,201.33,2872888,102-53748-2026
2026-06-17,EMAAR SOUTH,Golf Vale,Apartment,2 B/R,Off-Plan,91.62,1562888,102-53778-2026
2026-06-18,EMAAR SOUTH,Golf Dale,Apartment,2 B/R,Off-Plan,123.43,1792888,102-54503-2026
2026-06-19,EMAAR SOUTH,Golf Hills,Apartment,2 B/R,Off-Plan,91.9,2067888,102-54829-2026
2026-06-19,EMAAR SOUTH,Vista Ridge,Apartment,2 B/R,Off-Plan,128.48,2028888,102-54842-2026
2026-06-19,EMAAR SOUTH,Golf Vale,Apartment,2 B/R,Off-Plan,92.29,1721888,102-54847-2026
2026-06-19,EMAAR SOUTH,Golf Vale,Apartment,2 B/R,Off-Plan,100.67,1613888,102-54850-2026
2026-06-19,EMAAR SOUTH,Golf Vale,Apartment,2 B/R,Off-Plan,91.96,1709888,102-55045-2026
2026-06-22,DUBAI CREEK HARBOUR,Creek Bay,Apartment,2 B/R,Off-Plan,133.03,4452030,102-55307-2026
2026-06-22,DUBAI CREEK HARBOUR,Creek Bay,Apartment,2 B/R,Off-Plan,115.78,4384410,102-55308-2026
2026-06-22,DUBAI CREEK HARBOUR,Address Residences l Dubai Creek Harbour,Apartment,2 B/R,Off-Plan,117.65,4027888,102-55316-2026
2026-06-22,EMAAR SOUTH,Golf Vale,Apartment,2 B/R,Off-Plan,91.96,1590888,102-55410-2026
2026-06-22,EMAAR SOUTH,Golf Hills,Apartment,2 B/R,Off-Plan,92.03,2074888,102-55415-2026
2026-06-22,EMAAR SOUTH,Golf Vale,Apartment,2 B/R,Off-Plan,91.96,1702888,102-55436-2026
2026-06-22,EMAAR SOUTH,Golf Vale,Apartment,2 B/R,Off-Plan,91.96,1807888,102-55555-2026
2026-06-22,EMAAR SOUTH,Vista Ridge,Apartment,1 B/R,Off-Plan,76.69,1323941,102-55586-2026
2026-06-24,EMAAR SOUTH,Golf Vale,Apartment,2 B/R,Off-Plan,91.96,1705888,102-56223-2026
2026-06-24,DUBAI CREEK HARBOUR,Creek Waters 2,Apartment,1 B/R,Off-Plan,70.33,1807888,102-56457-2026
2026-06-25,DUBAI CREEK HARBOUR,Creek Waters,Apartment,1 B/R,Off-Plan,70,1695888,102-56611-2026
2026-06-25,DUBAI CREEK HARBOUR,Creek Waters 2,Apartment,2 B/R,Off-Plan,115.58,2875888,102-56804-2026
2026-06-26,DUBAI CREEK HARBOUR,Montiva,Apartment,2 B/R,Off-Plan,106.21,2850888,102-56941-2026
2026-06-26,DUBAI CREEK HARBOUR,Creek Haven,Apartment,2 B/R,Off-Plan,116.05,3898888,102-56943-2026
2026-06-26,DUBAI CREEK HARBOUR,Montiva,Apartment,1 B/R,Off-Plan,84.97,2340888,102-56945-2026
2026-06-26,DUBAI CREEK HARBOUR,Creek Haven,Apartment,1 B/R,Off-Plan,67.63,1949888,102-56947-2026
2026-06-26,EMAAR SOUTH,Greenway 2,Villa,3 B/R,Off-Plan,172.49,2793000,102-56948-2026
2026-06-26,DUBAI CREEK HARBOUR,Silva,Apartment,1 B/R,Off-Plan,69.08,1824888,102-56967-2026
2026-06-28,EMAAR SOUTH,Greenway,Villa,4 B/R,Off-Plan,275.64,3150000,102-57399-2026
2026-06-29,DUBAI CREEK HARBOUR,Creek Bay,Apartment,2 B/R,Off-Plan,134.5,3476888,102-57401-2026
2026-06-29,DUBAI CREEK HARBOUR,Creek Haven,Apartment,2 B/R,Off-Plan,111.76,3564888,102-57402-2026
2026-06-29,DUBAI CREEK HARBOUR,Creek Bay,Apartment,2 B/R,Off-Plan,115.98,3874888,102-57403-2026
2026-06-29,EMAAR SOUTH,Golf Vale,Apartment,1 B/R,Off-Plan,62.46,1177888,102-57538-2026
2026-06-29,EMAAR SOUTH,Greenway 2,Villa,4 B/R,Off-Plan,257.35,3402888,102-57620-2026
2026-06-30,EMAAR SOUTH,Greenville 2,Villa,4 B/R,Off-Plan,345.03,3888530,102-57955-2026
2026-06-03,DUBAI CREEK HARBOUR,17 ICON BAY,Apartment,1 B/R,Ready,126.79,2050000,11-13788-2026
2026-06-02,DUBAI CREEK HARBOUR,The Cove,Apartment,2 B/R,Ready,124.47,2650000,11-17327-2026
2026-06-02,DUBAI CREEK HARBOUR,The Grand,Apartment,3 B/R,Ready,177.28,6500000,11-17396-2026
2026-06-03,DUBAI CREEK HARBOUR,Creek Beach - Savanna-Cedar-Mangrove,Apartment,2 B/R,Ready,94.88,2000000,11-17401-2026
2026-06-08,DUBAI CREEK HARBOUR,THE DUBAI CREEK RESIDENCES,Apartment,3 B/R,Ready,197.4,5900000,11-17412-2026
2026-06-03,DUBAI CREEK HARBOUR,Harbour Gate,Apartment,2 B/R,Ready,106.69,2575000,11-17421-2026
2026-06-03,DUBAI CREEK HARBOUR,CREEK CRESCENT,Apartment,1 B/R,Ready,61.68,1660000,11-17469-2026
2026-06-04,DUBAI CREEK HARBOUR,CREEKSIDE 18,Apartment,2 B/R,Ready,106.28,2765000,11-17521-2026
2026-06-04,DUBAI CREEK HARBOUR,The Cove,Apartment,2 B/R,Ready,124.82,3000000,11-17526-2026
2026-06-04,DUBAI CREEK HARBOUR,Creek Beach - Savanna-Cedar-Mangrove,Apartment,2 B/R,Ready,97.83,2350000,11-17622-2026
2026-06-08,DUBAI CREEK HARBOUR,Creek Beach - Grove,Apartment,1 B/R,Ready,71.15,1600000,11-17855-2026
2026-06-08,DUBAI CREEK HARBOUR,Creek Beach - Orchid,Apartment,1 B/R,Ready,64.03,1410000,11-17858-2026
2026-06-08,EMAAR SOUTH,Greenview 2,Villa,3 B/R,Ready,144.32,2600000,11-17902-2026
2026-06-09,DUBAI CREEK HARBOUR,Creek Beach - Bayshore,Apartment,2 B/R,Ready,92.91,2100000,11-17935-2026
2026-06-09,DUBAI CREEK HARBOUR,Creek Beach - VIDA Residences,Apartment,1 B/R,Ready,64.2,1900000,11-17941-2026
2026-06-09,DUBAI CREEK HARBOUR,Creek Beach - Bayshore,Apartment,1 B/R,Ready,63.39,1580000,11-17958-2026
2026-06-09,DUBAI CREEK HARBOUR,CREEK EDGE,Apartment,3 B/R,Ready,143.87,3850000,11-18010-2026
2026-06-10,DUBAI CREEK HARBOUR,Creek Beach - Savanna-Cedar-Mangrove,Apartment,3 B/R,Ready,156.98,3870004.47,11-18029-2026
2026-06-12,DUBAI CREEK HARBOUR,THE DUBAI CREEK RESIDENCES,Apartment,2 B/R,Ready,151.17,3600000,11-18071-2026
2026-06-10,DUBAI CREEK HARBOUR,CREEK CRESCENT,Apartment,2 B/R,Ready,105.07,2450000,11-18088-2026
2026-06-11,DUBAI CREEK HARBOUR,Creek Palace,Apartment,1 B/R,Ready,59.63,2250000,11-18175-2026
2026-06-11,DUBAI CREEK HARBOUR,HARBOUR VIEWS,Apartment,2 B/R,Ready,109.27,2320000,11-18177-2026
2026-06-11,DUBAI CREEK HARBOUR,Creek Beach - VIDA Residences,Apartment,2 B/R,Ready,107.3,2950000,11-18178-2026
2026-06-11,EMAAR SOUTH,Parkside 3,Villa,3 B/R,Ready,139.07,2160000,11-18215-2026
2026-06-11,EMAAR SOUTH,Parkside,Villa,3 B/R,Ready,136.45,2050000,11-18225-2026
2026-06-11,DUBAI CREEK HARBOUR,CREEK EDGE,Apartment,1 B/R,Ready,76.6,2250000,11-18226-2026
2026-06-11,DUBAI CREEK HARBOUR,Creek Beach - Bayshore,Apartment,2 B/R,Ready,92.93,2100000,11-18266-2026
2026-06-12,EMAAR SOUTH,URBANA,Apartment,2 B/R,Ready,162.67,1800000,11-18313-2026
2026-06-12,DUBAI CREEK HARBOUR,Creek Beach - Orchid,Apartment,1 B/R,Ready,85.41,1850000,11-18367-2026
2026-06-12,DUBAI CREEK HARBOUR,CREEK RISE,Apartment,2 B/R,Ready,108.55,2200000,11-18432-2026
2026-06-30,DUBAI CREEK HARBOUR,CREEK RISE,Apartment,2 B/R,Ready,103.01,1846566,11-18731-2026
2026-06-16,DUBAI CREEK HARBOUR,Creek Beach - Lotus,Apartment,1 B/R,Ready,93.59,1875000,11-18751-2026
2026-06-16,DUBAI CREEK HARBOUR,CREEK EDGE,Apartment,2 B/R,Ready,25.13,800000,11-18799-2026
2026-06-17,DUBAI CREEK HARBOUR,The Grand,Apartment,2 B/R,Ready,123.18,3950000,11-18812-2026
2026-06-17,DUBAI CREEK HARBOUR,Island Park II,Apartment,1 B/R,Ready,67.79,1840000,11-18838-2026
2026-06-17,DUBAI CREEK HARBOUR,CREEK CRESCENT,Apartment,1 B/R,Ready,63.55,1450000,11-18875-2026
2026-06-17,DUBAI CREEK HARBOUR,Palace Residences - North,Apartment,1 B/R,Ready,59.83,1268434,11-18881-2026
2026-06-17,DUBAI CREEK HARBOUR,Palace Residences - North,Apartment,3 B/R,Ready,154.51,4300000,11-18883-2026
2026-06-17,DUBAI CREEK HARBOUR,The Grand,Apartment,1 B/R,Ready,73.5,2370000,11-18911-2026
2026-06-17,DUBAI CREEK HARBOUR,Harbour Gate,Apartment,2 B/R,Ready,106.67,2600000,11-18912-2026
2026-06-18,EMAAR SOUTH,URBANA,Apartment,2 B/R,Ready,112.39,1300000,11-18941-2026
2026-06-18,DUBAI CREEK HARBOUR,The Cove,Apartment,4 B/R,Ready,384.23,12000000,11-19003-2026
2026-06-18,DUBAI CREEK HARBOUR,CREEK RISE,Apartment,4 B/R,Ready,277.55,7000000,11-19006-2026
2026-06-23,DUBAI CREEK HARBOUR,Creek Beach - Rosewater,Apartment,2 B/R,Ready,101.42,2625000,11-19029-2026
2026-06-18,DUBAI CREEK HARBOUR,CREEK EDGE,Apartment,2 B/R,Ready,97.32,2750000,11-19048-2026
2026-06-19,DUBAI CREEK HARBOUR,The Grand,Apartment,2 B/R,Ready,115.16,3950000,11-19065-2026
2026-06-19,DUBAI CREEK HARBOUR,CREEK HORIZON,Apartment,1 B/R,Ready,69.91,1725000,11-19165-2026
2026-06-22,EMAAR SOUTH,URBANA III,Apartment,2 B/R,Ready,56.55,663444,11-19231-2026
2026-06-22,DUBAI CREEK HARBOUR,The Grand,Apartment,2 B/R,Ready,138.35,3350000,11-19290-2026
2026-06-23,DUBAI CREEK HARBOUR,The Cove,Apartment,2 B/R,Ready,119.16,3350000,11-19301-2026
2026-06-22,DUBAI CREEK HARBOUR,Palace Residences - North,Apartment,2 B/R,Ready,104.33,3000000,11-19316-2026
2026-06-22,DUBAI CREEK HARBOUR,Creek Beach - VIDA Residences,Apartment,2 B/R,Ready,109.01,2900000,11-19317-2026
2026-06-22,EMAAR SOUTH,Golf Views,Apartment,2 B/R,Ready,92.38,1250000,11-19321-2026
2026-06-23,DUBAI CREEK HARBOUR,Island Park II,Apartment,1 B/R,Ready,68.06,2000000,11-19390-2026
2026-06-23,DUBAI CREEK HARBOUR,The Grand,Apartment,1 B/R,Ready,74.7,2000000,11-19398-2026
2026-06-24,DUBAI CREEK HARBOUR,Creek Beach - Savanna-Cedar-Mangrove,Apartment,1 B/R,Ready,60.78,1470000,11-19567-2026
2026-06-24,DUBAI CREEK HARBOUR,Creek Palace,Apartment,1 B/R,Ready,59.65,1950000,11-19578-2026
2026-06-24,DUBAI CREEK HARBOUR,Creek Beach - Savanna-Cedar-Mangrove,Apartment,2 B/R,Ready,97.09,2350000,11-19598-2026
2026-06-24,DUBAI CREEK HARBOUR,Creek Beach - Summer,Apartment,1 B/R,Ready,30.86,650000,11-19620-2026
2026-06-25,DUBAI CREEK HARBOUR,Creek Beach - Grove,Apartment,2 B/R,Ready,98.61,2350000,11-19623-2026
2026-06-25,EMAAR SOUTH,Greenview 2,Villa,3 B/R,Ready,165.13,2260000,11-19664-2026
2026-06-25,DUBAI CREEK HARBOUR,Creek Beach - Savanna-Cedar-Mangrove,Apartment,1 B/R,Ready,62.19,1400000,11-19712-2026
2026-06-25,DUBAI CREEK HARBOUR,Creek Gate,Apartment,2 B/R,Ready,103.56,2880000,11-19734-2026
2026-06-25,DUBAI CREEK HARBOUR,Creek Beach - Canopy - Moor,Apartment,1 B/R,Ready,68.85,1600000,11-19735-2026
2026-06-25,DUBAI CREEK HARBOUR,Palace Residences - North,Apartment,1 B/R,Ready,59.63,1600000,11-19748-2026
2026-06-25,DUBAI CREEK HARBOUR,Palace Residences - North,Apartment,2 B/R,Ready,98.09,2750000,11-19753-2026
2026-06-26,EMAAR SOUTH,Parkside 3,Villa,3 B/R,Ready,145.77,2150000,11-19840-2026
2026-06-26,DUBAI CREEK HARBOUR,THE DUBAI CREEK RESIDENCES,Apartment,2 B/R,Ready,136.37,3575000,11-19854-2026
2026-06-27,DUBAI CREEK HARBOUR,CREEK RISE,Apartment,2 B/R,Ready,103.01,2650000,11-19884-2026
2026-06-26,EMAAR SOUTH,Greenview 3,Villa,4 B/R,Ready,230.99,3290000,11-19892-2026
2026-06-29,DUBAI CREEK HARBOUR,Creek Beach - Canopy - Moor,Apartment,2 B/R,Ready,99.12,2400000,11-20007-2026
2026-06-29,DUBAI CREEK HARBOUR,Creek Beach - Canopy - Moor,Apartment,2 B/R,Ready,98.7,2400000,11-20011-2026
2026-06-29,DUBAI CREEK HARBOUR,Creek Beach - Canopy - Moor,Apartment,3 B/R,Ready,149.12,3400000,11-20028-2026
2026-06-29,DUBAI CREEK HARBOUR,Creek Beach - Rosewater,Apartment,2 B/R,Ready,101.37,2300000,11-20030-2026
2026-06-29,DUBAI CREEK HARBOUR,Creek Beach - Canopy - Moor,Apartment,3 B/R,Ready,149.12,3400000,11-20036-2026
2026-06-29,DUBAI CREEK HARBOUR,Creek Beach - Savanna-Cedar-Mangrove,Apartment,2 B/R,Ready,96.93,2200000,11-20037-2026
2026-06-29,DUBAI CREEK HARBOUR,Creek Beach - Canopy - Moor,Apartment,3 B/R,Ready,149.12,3400000,11-20082-2026
2026-06-29,DUBAI CREEK HARBOUR,Creek Beach - Canopy - Moor,Apartment,2 B/R,Ready,97.11,2400000,11-20096-2026
2026-06-29,DUBAI CREEK HARBOUR,Creek Beach - Canopy - Moor,Apartment,1 B/R,Ready,65.23,1600000,11-20100-2026
2026-06-29,DUBAI CREEK HARBOUR,Creek Beach - Canopy - Moor,Apartment,1 B/R,Ready,62.25,1600000,11-20103-2026
2026-06-29,DUBAI CREEK HARBOUR,Creek Beach - Canopy - Moor,Apartment,1 B/R,Ready,64.79,1600000,11-20107-2026
2026-06-29,DUBAI CREEK HARBOUR,CREEKSIDE 18,Apartment,3 B/R,Ready,149.9,3400000,11-20109-2026
2026-06-29,DUBAI CREEK HARBOUR,Creek Beach - Canopy - Moor,Apartment,2 B/R,Ready,98.67,2400000,11-20116-2026
2026-06-29,DUBAI CREEK HARBOUR,Creek Beach - Canopy - Moor,Apartment,2 B/R,Ready,97.73,2400000,11-20119-2026
2026-06-29,DUBAI CREEK HARBOUR,Creek Beach - Canopy - Moor,Apartment,2 B/R,Ready,97.11,2400000,11-20122-2026
2026-06-29,DUBAI CREEK HARBOUR,Creek Beach - Canopy - Moor,Apartment,2 B/R,Ready,98.67,2400000,11-20126-2026
2026-06-29,DUBAI CREEK HARBOUR,Creek Beach - Canopy - Moor,Apartment,2 B/R,Ready,97.73,2400000,11-20127-2026
2026-06-29,DUBAI CREEK HARBOUR,Creek Beach - Canopy - Moor,Apartment,2 B/R,Ready,94.97,2400000,11-20128-2026
2026-06-29,DUBAI CREEK HARBOUR,Creek Beach - Canopy - Moor,Apartment,2 B/R,Ready,97.11,2400000,11-20129-2026
2026-06-29,DUBAI CREEK HARBOUR,Creek Beach - Canopy - Moor,Apartment,2 B/R,Ready,97.94,2400000,11-20130-2026
2026-06-29,DUBAI CREEK HARBOUR,Creek Beach - Canopy - Moor,Apartment,2 B/R,Ready,95.4,2400000,11-20131-2026
2026-06-29,DUBAI CREEK HARBOUR,Creek Beach - Canopy - Moor,Apartment,2 B/R,Ready,97.76,2400000,11-20132-2026
2026-06-29,DUBAI CREEK HARBOUR,Creek Beach - Canopy - Moor,Apartment,2 B/R,Ready,98.47,2400000,11-20133-2026
2026-06-29,DUBAI CREEK HARBOUR,Creek Beach - Canopy - Moor,Apartment,1 B/R,Ready,64.09,1600000,11-20135-2026
2026-06-29,DUBAI CREEK HARBOUR,Creek Beach - Canopy - Moor,Apartment,2 B/R,Ready,94.97,2400000,11-20146-2026
2026-06-29,DUBAI CREEK HARBOUR,Creek Beach - Canopy - Moor,Apartment,1 B/R,Ready,64.79,1600000,11-20153-2026
2026-06-29,DUBAI CREEK HARBOUR,Creek Beach - Canopy - Moor,Apartment,1 B/R,Ready,64.58,1600000,11-20156-2026
2026-06-29,DUBAI CREEK HARBOUR,Creek Beach - Canopy - Moor,Apartment,1 B/R,Ready,64.25,1600000,11-20158-2026
2026-06-29,DUBAI CREEK HARBOUR,Creek Beach - Canopy - Moor,Apartment,1 B/R,Ready,64.09,1600000,11-20162-2026
2026-06-29,DUBAI CREEK HARBOUR,Creek Beach - Canopy - Moor,Apartment,1 B/R,Ready,64.09,1600000,11-20163-2026
2026-06-29,DUBAI CREEK HARBOUR,Creek Beach - Canopy - Moor,Apartment,1 B/R,Ready,64.58,1600000,11-20165-2026
2026-06-29,DUBAI CREEK HARBOUR,Creek Beach - Canopy - Moor,Apartment,2 B/R,Ready,97.11,2400000,11-20167-2026
2026-06-30,DUBAI CREEK HARBOUR,Creek Beach - Canopy - Moor,Apartment,3 B/R,Ready,149.12,3400000,11-20197-2026
2026-06-30,DUBAI CREEK HARBOUR,Creek Beach - Canopy - Moor,Apartment,2 B/R,Ready,98.67,2400000,11-20217-2026
2026-06-30,DUBAI CREEK HARBOUR,Creek Beach - Canopy - Moor,Apartment,1 B/R,Ready,64.58,1600000,11-20219-2026
2026-06-30,DUBAI CREEK HARBOUR,Creek Beach - Canopy - Moor,Apartment,1 B/R,Ready,64.58,1600000,11-20222-2026
2026-06-30,DUBAI CREEK HARBOUR,Creek Beach - Canopy - Moor,Apartment,3 B/R,Ready,149.31,3400000,11-20224-2026
2026-06-30,DUBAI CREEK HARBOUR,Creek Beach - Canopy - Moor,Apartment,1 B/R,Ready,63.46,1600000,11-20235-2026
2026-06-30,DUBAI CREEK HARBOUR,Creek Beach - Canopy - Moor,Apartment,2 B/R,Ready,99.3,2400000,11-20258-2026
2026-06-30,DUBAI CREEK HARBOUR,Creek Beach - Canopy - Moor,Apartment,2 B/R,Ready,97.73,2400000,11-20264-2026
2026-06-30,DUBAI CREEK HARBOUR,Creek Beach - Canopy - Moor,Apartment,1 B/R,Ready,71.3,1600000,11-20267-2026
2026-06-30,DUBAI CREEK HARBOUR,Creek Beach - Canopy - Moor,Apartment,1 B/R,Ready,67.81,1600000,11-20271-2026
2026-06-30,DUBAI CREEK HARBOUR,Creek Beach - Canopy - Moor,Apartment,1 B/R,Ready,64.09,1600000,11-20274-2026
2026-06-30,DUBAI CREEK HARBOUR,Creek Beach - Canopy - Moor,Apartment,1 B/R,Ready,64.58,1600000,11-20277-2026
2026-06-30,DUBAI CREEK HARBOUR,Creek Beach - Lotus,Apartment,2 B/R,Ready,106.99,2350000,11-20278-2026
2026-06-30,DUBAI CREEK HARBOUR,Creek Beach - Canopy - Moor,Apartment,1 B/R,Ready,64.09,1600000,11-20280-2026
2026-06-30,DUBAI CREEK HARBOUR,Creek Beach - Canopy - Moor,Apartment,2 B/R,Ready,98.67,2400000,11-20284-2026
2026-06-30,DUBAI CREEK HARBOUR,Creek Beach - Canopy - Moor,Apartment,2 B/R,Ready,97.73,2400000,11-20286-2026
2026-06-30,DUBAI CREEK HARBOUR,Creek Beach - Canopy - Moor,Apartment,2 B/R,Ready,94.97,2400000,11-20294-2026
2026-06-30,DUBAI CREEK HARBOUR,Creek Beach - Canopy - Moor,Apartment,2 B/R,Ready,97.11,2400000,11-20313-2026
2026-06-30,DUBAI CREEK HARBOUR,Creek Beach - Canopy - Moor,Apartment,2 B/R,Ready,97.73,2400000,11-20315-2026
2026-06-30,DUBAI CREEK HARBOUR,Creek Beach - Canopy - Moor,Apartment,2 B/R,Ready,94.97,2400000,11-20317-2026
2026-06-30,DUBAI CREEK HARBOUR,Creek Beach - Canopy - Moor,Apartment,2 B/R,Ready,94.97,2400000,11-20320-2026
2026-06-03,DUBAI CREEK HARBOUR,Creek Beach - Savanna-Cedar-Mangrove,Apartment,1 B/R,Ready,61.98,1808941,41-7730-2026
2026-06-03,DUBAI CREEK HARBOUR,THE DUBAI CREEK RESIDENCES,Apartment,2 B/R,Ready,241.33,4451888,41-7731-2026
2026-06-05,DUBAI CREEK HARBOUR,Palace Residences - Dubai Creek Harbour,Apartment,2 B/R,Ready,101.76,3000000,41-7869-2026
2026-06-05,DUBAI CREEK HARBOUR,The Cove ll,Apartment,3 B/R,Ready,189.63,6300000,41-7887-2026
2026-06-08,DUBAI CREEK HARBOUR,The Cove ll,Apartment,2 B/R,Ready,128.32,2900000,41-7940-2026
2026-06-23,DUBAI CREEK HARBOUR,The Cove ll,Apartment,3 B/R,Ready,173.49,5300000,41-8588-2026
2026-06-24,DUBAI CREEK HARBOUR,The Cove ll,Apartment,1 B/R,Ready,73.18,1940000,41-8661-2026
2026-06-24,DUBAI CREEK HARBOUR,The Cove ll,Apartment,3 B/R,Ready,259.43,5141888,41-8662-2026
2026-06-26,EMAAR SOUTH,Greenview 2,Villa,3 B/R,Ready,140.29,2300000,41-8763-2026
2026-06-26,DUBAI CREEK HARBOUR,Creek Beach - Canopy - Moor,Apartment,1 B/R,Ready,65.83,1760000,41-8764-2026
2026-07-01,EMAAR SOUTH,Greenway,Villa,4 B/R,Off-Plan,509.78,4170888,102-58289-2026
2026-07-01,DUBAI CREEK HARBOUR,Creek Haven,Apartment,2 B/R,Off-Plan,111.76,3603888,102-58292-2026
2026-07-01,DUBAI CREEK HARBOUR,Creek Haven,Apartment,1 B/R,Off-Plan,68.13,1883888,102-58294-2026
2026-07-01,EMAAR SOUTH,Grove Ridge,Apartment,2 B/R,Off-Plan,126.84,2686888,102-58298-2026
2026-07-01,EMAAR SOUTH,Greenspoint 2,Villa,4 B/R,Off-Plan,341.43,4263888,102-58339-2026
2026-07-01,DUBAI CREEK HARBOUR,VALO,Apartment,3 B/R,Off-Plan,174.32,4391270,102-58501-2026
2026-07-02,DUBAI CREEK HARBOUR,Silva,Apartment,2 B/R,Off-Plan,130.34,3153888,102-58716-2026
2026-07-02,EMAAR SOUTH,Golf Point,Apartment,2 B/R,Off-Plan,98.56,1300000,102-58729-2026
2026-07-02,EMAAR SOUTH,Golf Vale,Apartment,2 B/R,Off-Plan,98.72,2170888,102-58777-2026
2026-07-02,EMAAR SOUTH,Golf Vale,Apartment,2 B/R,Off-Plan,92.29,1943888,102-58804-2026
2026-07-02,EMAAR SOUTH,Golf Vale,Apartment,2 B/R,Off-Plan,122.08,1760888,102-58869-2026
2026-07-08,DUBAI CREEK HARBOUR,Aeon,Apartment,2 B/R,Off-Plan,115.31,2796888,102-59023-2026
2026-07-03,EMAAR SOUTH,Golf Vale,Apartment,2 B/R,Off-Plan,91.96,1673888,102-59187-2026
2026-07-06,DUBAI CREEK HARBOUR,Creek Bay,Apartment,1 B/R,Off-Plan,69.99,2140888,102-59447-2026
2026-07-06,DUBAI CREEK HARBOUR,Creek Haven,Apartment,1 B/R,Off-Plan,68.13,1854159,102-59448-2026
2026-07-06,DUBAI CREEK HARBOUR,Creek Bay,Apartment,1 B/R,Off-Plan,70.34,2104888,102-59449-2026
2026-07-06,DUBAI CREEK HARBOUR,Creek Haven,Apartment,1 B/R,Off-Plan,80.5,1889330,102-59450-2026
2026-07-06,DUBAI CREEK HARBOUR,VALO,Apartment,1 B/R,Off-Plan,71.65,1940888,102-59451-2026
2026-07-06,EMAAR SOUTH,Golf Vale,Apartment,2 B/R,Off-Plan,91.96,1684888,102-59452-2026
2026-07-06,DUBAI CREEK HARBOUR,Creek Haven,Apartment,1 B/R,Off-Plan,68.69,1973888,102-59454-2026
2026-07-07,DUBAI CREEK HARBOUR,Creek Bay,Apartment,1 B/R,Off-Plan,68.45,1804888,102-59751-2026
2026-07-07,DUBAI CREEK HARBOUR,Creek Haven,Apartment,2 B/R,Off-Plan,111.76,3538888,102-59754-2026
2026-07-07,DUBAI CREEK HARBOUR,Creek Waters,Apartment,1 B/R,Off-Plan,70.33,1828341,102-59758-2026
2026-07-07,DUBAI CREEK HARBOUR,Creek Haven,Apartment,1 B/R,Off-Plan,68.69,1981888,102-59761-2026
2026-07-07,DUBAI CREEK HARBOUR,Creek Haven,Apartment,2 B/R,Off-Plan,111.76,3551888,102-59762-2026
2026-07-07,DUBAI CREEK HARBOUR,Creek Bay,Apartment,1 B/R,Off-Plan,68.02,1919499,102-59770-2026
2026-07-07,EMAAR SOUTH,Golf Verge,Apartment,3 B/R,Off-Plan,164.72,3424888,102-59834-2026
2026-07-07,EMAAR SOUTH,Golf Vale,Apartment,2 B/R,Off-Plan,91.96,1662888,102-59870-2026
2026-07-07,EMAAR SOUTH,Golf Vale,Apartment,2 B/R,Off-Plan,91.96,1995888,102-59897-2026
2026-07-07,DUBAI CREEK HARBOUR,VALO,Apartment,3 B/R,Off-Plan,190.09,5200000,102-59904-2026
2026-07-07,EMAAR SOUTH,Golf Vale,Apartment,2 B/R,Off-Plan,99.43,1623888,102-59907-2026
2026-07-08,EMAAR SOUTH,Golf Hills 2,Apartment,2 B/R,Off-Plan,92.02,2066888,102-60131-2026
2026-07-08,DUBAI CREEK HARBOUR,Altus,Apartment,1 B/R,Off-Plan,62.34,1400000,102-60203-2026
2026-07-09,DUBAI CREEK HARBOUR,Palace Residences Creek Blue,Apartment,2 B/R,Off-Plan,103.98,3959888,102-60230-2026
2026-07-08,DUBAI CREEK HARBOUR,Altus,Apartment,1 B/R,Off-Plan,69.29,1880888,102-60267-2026
2026-07-09,DUBAI CREEK HARBOUR,Creek Bay,Apartment,3 B/R,Off-Plan,172.34,5628030,102-60492-2026
2026-07-09,DUBAI CREEK HARBOUR,Creek Bay,Apartment,2 B/R,Off-Plan,134.5,3514888,102-60493-2026
2026-07-09,DUBAI CREEK HARBOUR,Creek Bay,Apartment,2 B/R,Off-Plan,134.5,3470888,102-60494-2026
2026-07-09,DUBAI CREEK HARBOUR,Creek Bay,Apartment,2 B/R,Off-Plan,115.98,4377888,102-60495-2026
2026-07-09,DUBAI CREEK HARBOUR,Creek Waters,Apartment,1 B/R,Off-Plan,70.33,1703888,102-60538-2026
2026-07-09,DUBAI CREEK HARBOUR,Creek Waters 2,Apartment,1 B/R,Off-Plan,72.21,1805649,102-60638-2026
2026-07-09,EMAAR SOUTH,Golf Vale,Apartment,2 B/R,Off-Plan,98.6,2163888,102-60659-2026
2026-07-10,DUBAI CREEK HARBOUR,Creek Bay,Apartment,2 B/R,Off-Plan,115.98,4385888,102-60904-2026
2026-07-10,DUBAI CREEK HARBOUR,Creek Bay,Apartment,2 B/R,Off-Plan,133.03,4861888,102-60906-2026
2026-07-10,DUBAI CREEK HARBOUR,Creek Bay,Apartment,2 B/R,Off-Plan,115.98,4401888,102-60907-2026
2026-07-10,DUBAI CREEK HARBOUR,Creek Bay,Apartment,2 B/R,Off-Plan,133.03,4870888,102-60908-2026
2026-07-10,DUBAI CREEK HARBOUR,Creek Haven,Apartment,2 B/R,Off-Plan,110.7,3573950,102-60936-2026
2026-07-10,EMAAR SOUTH,Golf Vale,Apartment,2 B/R,Off-Plan,91.72,2069888,102-60945-2026
2026-07-10,EMAAR SOUTH,Golf Vale,Apartment,2 B/R,Off-Plan,98.57,1576888,102-60986-2026
2026-07-10,EMAAR SOUTH,Grove Ridge,Apartment,2 B/R,Off-Plan,128.3,2023888,102-61096-2026
2026-07-10,DUBAI CREEK HARBOUR,Creek Haven,Apartment,1 B/R,Off-Plan,67.86,1868888,102-61101-2026
2026-07-10,DUBAI CREEK HARBOUR,Creek Bay,Apartment,2 B/R,Off-Plan,134.56,3409888,102-61112-2026
2026-07-10,DUBAI CREEK HARBOUR,Creek Bay,Apartment,1 B/R,Off-Plan,70.34,2085888,102-61124-2026
2026-07-10,DUBAI CREEK HARBOUR,Creek Bay,Apartment,2 B/R,Off-Plan,133.19,4975888,102-61174-2026
2026-07-10,DUBAI CREEK HARBOUR,Creek Bay,Apartment,1 B/R,Off-Plan,68.02,1865810,102-61193-2026
2026-07-10,DUBAI CREEK HARBOUR,Creek Haven,Apartment,2 B/R,Off-Plan,111.76,3545888,102-61196-2026
2026-07-10,DUBAI CREEK HARBOUR,Creek Bay,Apartment,1 B/R,Off-Plan,68.02,1914888,102-61199-2026
2026-07-10,DUBAI CREEK HARBOUR,Creek Haven,Apartment,1 B/R,Off-Plan,68.13,1971888,102-61202-2026
2026-07-10,DUBAI CREEK HARBOUR,Creek Bay,Apartment,2 B/R,Off-Plan,115.79,3938888,102-61208-2026
2026-07-10,DUBAI CREEK HARBOUR,Creek Bay,Apartment,2 B/R,Off-Plan,115.78,4368730,102-61209-2026
2026-07-10,DUBAI CREEK HARBOUR,Creek Haven,Apartment,1 B/R,Off-Plan,67.63,1945888,102-61212-2026
2026-07-13,DUBAI CREEK HARBOUR,Creek Bay,Apartment,2 B/R,Off-Plan,133.19,5038888,102-61374-2026
2026-07-13,DUBAI CREEK HARBOUR,Lyvia by Palace,Apartment,2 B/R,Off-Plan,106.28,3141888,102-61376-2026
2026-07-13,DUBAI CREEK HARBOUR,Creek Bay,Apartment,2 B/R,Off-Plan,134.5,3398559,102-61378-2026
2026-07-13,DUBAI CREEK HARBOUR,Creek Bay,Apartment,2 B/R,Off-Plan,134.5,3382850,102-61379-2026
2026-07-13,DUBAI CREEK HARBOUR,Creek Bay,Apartment,2 B/R,Off-Plan,133.03,4852888,102-61380-2026
2026-07-13,DUBAI CREEK HARBOUR,Palace Residences Creek Blue,Apartment,1 B/R,Off-Plan,84.3,2312888,102-61567-2026
2026-07-14,DUBAI CREEK HARBOUR,Altus,Apartment,2 B/R,Off-Plan,108.1,2766888,102-61857-2026
2026-07-14,DUBAI CREEK HARBOUR,Creek Bay,Apartment,1 B/R,Off-Plan,70.65,2162750,102-61860-2026
2026-07-14,DUBAI CREEK HARBOUR,Creek Bay,Apartment,1 B/R,Off-Plan,69.99,2183888,102-61861-2026
2026-07-14,DUBAI CREEK HARBOUR,Creek Bay,Apartment,3 B/R,Off-Plan,172.34,6247888,102-61863-2026
2026-07-14,DUBAI CREEK HARBOUR,Creek Bay,Apartment,2 B/R,Off-Plan,115.98,4393888,102-61864-2026
2026-07-14,DUBAI CREEK HARBOUR,Creek Bay,Apartment,2 B/R,Off-Plan,133.03,4879888,102-61865-2026
2026-07-16,DUBAI CREEK HARBOUR,Aeon,Apartment,1 B/R,Off-Plan,70.92,1752888,102-62799-2026
2026-07-16,EMAAR SOUTH,Golf Hills 2,Apartment,3 B/R,Off-Plan,161.54,3461821,102-62845-2026
2026-07-16,DUBAI CREEK HARBOUR,Altus,Apartment,2 B/R,Off-Plan,108.59,2781888,102-62950-2026
2026-07-16,DUBAI CREEK HARBOUR,Creek Bay,Apartment,3 B/R,Off-Plan,172.34,5838888,102-63014-2026
2026-07-17,EMAAR SOUTH,Grove Ridge,Apartment,2 B/R,Off-Plan,154.65,2081888,102-63176-2026
2026-07-17,DUBAI CREEK HARBOUR,Palace Residences Creek Blue,Apartment,1 B/R,Off-Plan,84.3,2447888,102-63377-2026
2026-07-20,EMAAR SOUTH,Grove Ridge,Apartment,1 B/R,Off-Plan,74.48,1289888,102-63631-2026
2026-07-20,DUBAI CREEK HARBOUR,Creek Waters 2,Apartment,1 B/R,Off-Plan,85.22,2194888,102-63714-2026
2026-07-20,EMAAR SOUTH,Greenville 2,Villa,4 B/R,Off-Plan,345.03,3888530,102-63748-2026
2026-07-20,DUBAI CREEK HARBOUR,Creek Haven,Apartment,2 B/R,Off-Plan,116.07,4069888,102-63799-2026
2026-07-22,DUBAI CREEK HARBOUR,Palace Residences Creek Blue,Apartment,1 B/R,Off-Plan,67.57,1956888,102-64453-2026
2026-07-22,DUBAI CREEK HARBOUR,Creek Bay,Apartment,1 B/R,Off-Plan,69.99,2132888,102-64489-2026
2026-07-22,EMAAR SOUTH,Golf Vale,Apartment,2 B/R,Off-Plan,92.29,1962888,102-64512-2026
2026-07-22,DUBAI CREEK HARBOUR,Altus,Apartment,1 B/R,Off-Plan,67.71,1836888,102-64558-2026
2026-07-22,DUBAI CREEK HARBOUR,Creek Haven,Apartment,2 B/R,Off-Plan,110.45,2667888,102-64580-2026
2026-07-23,DUBAI CREEK HARBOUR,ARLO,Apartment,1 B/R,Off-Plan,65.87,2015888,102-64856-2026
2026-07-23,EMAAR SOUTH,Golf Vale,Apartment,2 B/R,Off-Plan,92.29,1866888,102-64937-2026
2026-07-24,DUBAI CREEK HARBOUR,Creek Bay,Apartment,2 B/R,Off-Plan,115.98,4410888,102-65164-2026
2026-07-24,DUBAI CREEK HARBOUR,Creek Bay,Apartment,2 B/R,Off-Plan,133.03,4888888,102-65165-2026
2026-07-24,DUBAI CREEK HARBOUR,Creek Bay,Apartment,2 B/R,Off-Plan,134.5,3438888,102-65166-2026
2026-07-24,DUBAI CREEK HARBOUR,Creek Bay,Apartment,3 B/R,Off-Plan,172.34,5699888,102-65167-2026
2026-07-24,EMAAR SOUTH,Golf Vale,Apartment,2 B/R,Off-Plan,91.96,1991888,102-65400-2026
2026-07-27,EMAAR SOUTH,Golf Vale,Apartment,2 B/R,Off-Plan,98.72,2162888,102-65826-2026
2026-07-27,EMAAR SOUTH,Golf Vale,Apartment,2 B/R,Off-Plan,91.96,1889888,102-65990-2026
2026-07-27,EMAAR SOUTH,Golf Vale,Apartment,2 B/R,Off-Plan,91.96,1979888,102-66018-2026
2026-07-27,EMAAR SOUTH,Golf Vale,Apartment,2 B/R,Off-Plan,98.72,1994888,102-66023-2026
2026-07-28,DUBAI CREEK HARBOUR,Creek Bay,Apartment,2 B/R,Off-Plan,115.98,4418888,102-66274-2026
2026-07-28,DUBAI CREEK HARBOUR,Creek Haven,Apartment,1 B/R,Off-Plan,68.7,1907888,102-66278-2026
2026-07-29,EMAAR SOUTH,Golf Vale,Apartment,2 B/R,Off-Plan,99.4,1642888,102-66666-2026
2026-07-29,DUBAI CREEK HARBOUR,Creek Haven,Apartment,1 B/R,Off-Plan,68.13,1875888,102-66731-2026
2026-07-29,DUBAI CREEK HARBOUR,Creek Haven,Apartment,2 B/R,Off-Plan,111.02,3305888,102-66790-2026
2026-07-29,DUBAI CREEK HARBOUR,Creek Haven,Apartment,2 B/R,Off-Plan,111.78,3499888,102-66791-2026
2026-07-29,DUBAI CREEK HARBOUR,Creek Waters 2,Apartment,1 B/R,Off-Plan,70.32,1737888,102-66848-2026
2026-07-30,DUBAI CREEK HARBOUR,Creek Waters 2,Apartment,2 B/R,Off-Plan,112.7,2414000,102-67344-2026
2026-07-01,DUBAI CREEK HARBOUR,CREEK RISE,Apartment,2 B/R,Ready,116.69,2350000,11-20355-2026
2026-07-01,DUBAI CREEK HARBOUR,Creek Beach - Savanna-Cedar-Mangrove,Apartment,1 B/R,Ready,63.57,1535000,11-20382-2026
2026-07-02,DUBAI CREEK HARBOUR,Harbour Gate,Apartment,2 B/R,Ready,105.92,2400000,11-20482-2026
2026-07-02,DUBAI CREEK HARBOUR,CREEK RISE,Apartment,4 B/R,Ready,277.55,8400000,11-20488-2026
2026-07-02,DUBAI CREEK HARBOUR,CREEK RISE,Apartment,2 B/R,Ready,102.88,2600000,11-20492-2026
2026-07-03,DUBAI CREEK HARBOUR,CREEK RISE,Apartment,2 B/R,Ready,116.68,2500000,11-20569-2026
2026-07-02,DUBAI CREEK HARBOUR,CREEKSIDE 18,Apartment,3 B/R,Ready,149.9,3000000,11-20575-2026
2026-07-02,DUBAI CREEK HARBOUR,The Grand,Apartment,1 B/R,Ready,22.41,500000,11-20622-2026
2026-07-02,DUBAI CREEK HARBOUR,CREEK EDGE,Apartment,1 B/R,Ready,67.37,1630000,11-20623-2026
2026-07-02,EMAAR SOUTH,Parkside,Villa,3 B/R,Ready,129.89,2175000,11-20628-2026
2026-07-02,DUBAI CREEK HARBOUR,CREEKSIDE 18,Apartment,3 B/R,Ready,150.14,3750000,11-20635-2026
2026-07-03,DUBAI CREEK HARBOUR,Creek Beach - Lotus,Apartment,3 B/R,Ready,134.32,3125000,11-20672-2026
2026-07-03,EMAAR SOUTH,URBANA III,Apartment,3 B/R,Ready,215.58,2150000,11-20683-2026
2026-07-03,DUBAI CREEK HARBOUR,Creek Beach - Breeze,Apartment,1 B/R,Ready,66.87,1680000,11-20760-2026
2026-07-06,DUBAI CREEK HARBOUR,Palace Residences - North,Apartment,1 B/R,Ready,59.83,1825000,11-20762-2026
2026-07-03,EMAAR SOUTH,Greenview 3,Villa,3 B/R,Ready,137.76,2450000,11-20793-2026
2026-07-07,DUBAI CREEK HARBOUR,Creek Beach - Rosewater,Apartment,2 B/R,Ready,105.38,1950000,11-20818-2026
2026-07-06,DUBAI CREEK HARBOUR,Creek Beach - Lotus,Apartment,1 B/R,Ready,62.69,1675000,11-20852-2026
2026-07-06,DUBAI CREEK HARBOUR,Palace Residences - North,Apartment,2 B/R,Ready,98,2660000,11-20881-2026
2026-07-15,DUBAI CREEK HARBOUR,Creek Palace,Apartment,3 B/R,Ready,153.71,4215000,11-20953-2026
2026-07-07,DUBAI CREEK HARBOUR,Harbour Gate,Apartment,2 B/R,Ready,128.34,2250000,11-20983-2026
2026-07-07,DUBAI CREEK HARBOUR,Creek Beach - Bayshore,Apartment,2 B/R,Ready,92.91,2100000,11-20995-2026
2026-07-07,DUBAI CREEK HARBOUR,CREEK EDGE,Apartment,2 B/R,Ready,100.22,2790000,11-21038-2026
2026-07-14,DUBAI CREEK HARBOUR,Harbour Gate,Apartment,3 B/R,Ready,152.26,3400000,11-21055-2026
2026-07-07,DUBAI CREEK HARBOUR,Harbour Gate,Apartment,1 B/R,Ready,63.22,1510000,11-21070-2026
2026-07-08,DUBAI CREEK HARBOUR,THE DUBAI CREEK RESIDENCES,Apartment,1 B/R,Ready,108.73,2200000,11-21130-2026
2026-07-08,DUBAI CREEK HARBOUR,HARBOUR VIEWS,Apartment,3 B/R,Ready,143.6,3650000,11-21182-2026
2026-07-09,DUBAI CREEK HARBOUR,CREEK EDGE,Apartment,2 B/R,Ready,100.86,2950000,11-21244-2026
2026-07-09,DUBAI CREEK HARBOUR,HARBOUR VIEWS,Apartment,3 B/R,Ready,158.9,3750000,11-21270-2026
2026-07-09,DUBAI CREEK HARBOUR,Creek Beach - Orchid,Apartment,1 B/R,Ready,62.41,1420000,11-21321-2026
2026-07-10,DUBAI CREEK HARBOUR,Creek Beach - Sunset,Apartment,2 B/R,Ready,97.75,2310000,11-21375-2026
2026-07-14,DUBAI CREEK HARBOUR,Creek Beach - Bayshore,Apartment,1 B/R,Ready,63.49,1350000,11-21391-2026
2026-07-10,DUBAI CREEK HARBOUR,HARBOUR VIEWS,Apartment,3 B/R,Ready,158.72,4000000,11-21418-2026
2026-07-13,DUBAI CREEK HARBOUR,Creek Beach - Savanna-Cedar-Mangrove,Apartment,2 B/R,Ready,94.06,2200000,11-21491-2026
2026-07-13,DUBAI CREEK HARBOUR,Palace Residences - North,Apartment,2 B/R,Ready,98,3200000,11-21579-2026
2026-07-14,DUBAI CREEK HARBOUR,CREEK HORIZON,Apartment,1 B/R,Ready,71.26,1675000,11-21661-2026
2026-07-14,EMAAR SOUTH,Greenview 3,Villa,3 B/R,Ready,137.76,2550000,11-21681-2026
2026-07-14,DUBAI CREEK HARBOUR,Palace Residences - North,Apartment,2 B/R,Ready,104.33,2600000,11-21704-2026
2026-07-14,DUBAI CREEK HARBOUR,HARBOUR VIEWS,Apartment,2 B/R,Ready,107.68,3100000,11-21722-2026
2026-07-14,DUBAI CREEK HARBOUR,Palace Residences - North,Apartment,1 B/R,Ready,59.63,1830000,11-21730-2026
2026-07-15,EMAAR SOUTH,Greenview,Villa,4 B/R,Ready,236.5,2850000,11-21786-2026
2026-07-17,DUBAI CREEK HARBOUR,17 ICON BAY,Apartment,2 B/R,Ready,101.81,2680000,11-22096-2026
2026-07-17,DUBAI CREEK HARBOUR,THE DUBAI CREEK RESIDENCES,Apartment,1 B/R,Ready,108.41,2000000,11-22159-2026
2026-07-20,DUBAI CREEK HARBOUR,CREEK RISE,Apartment,2 B/R,Ready,103.01,2550000,11-22208-2026
2026-07-20,DUBAI CREEK HARBOUR,Palace Residences - North,Apartment,2 B/R,Ready,98.09,2850000,11-22210-2026
2026-07-20,DUBAI CREEK HARBOUR,Palace Residences - Dubai Creek Harbour,Apartment,3 B/R,Ready,167.16,4700000,11-22265-2026
2026-07-21,EMAAR SOUTH,URBANA III,Apartment,3 B/R,Ready,221.9,1925000,11-22330-2026
2026-07-21,EMAAR SOUTH,Parkside 3,Villa,3 B/R,Ready,144.4,2100000,11-22421-2026
2026-07-21,DUBAI CREEK HARBOUR,Creek Palace,Apartment,3 B/R,Ready,153.71,4400000,11-22432-2026
2026-07-22,DUBAI CREEK HARBOUR,CREEKSIDE 18,Apartment,2 B/R,Ready,106.08,2700000,11-22443-2026
2026-07-22,DUBAI CREEK HARBOUR,Palace Residences - North,Apartment,1 B/R,Ready,59.66,1680000,11-22450-2026
2026-07-22,DUBAI CREEK HARBOUR,Harbour Gate,Apartment,1 B/R,Ready,63.72,1350000,11-22505-2026
2026-07-23,DUBAI CREEK HARBOUR,Creek Beach - Orchid,Apartment,1 B/R,Ready,67.33,1620000,11-22675-2026
2026-07-24,EMAAR SOUTH,Golf Views,Apartment,2 B/R,Ready,92.22,1300000,11-22808-2026
2026-07-24,DUBAI CREEK HARBOUR,Creek Beach - Savanna-Cedar-Mangrove,Apartment,1 B/R,Ready,64.88,1440000,11-22838-2026
2026-07-24,DUBAI CREEK HARBOUR,Creek Beach - Savanna-Cedar-Mangrove,Apartment,2 B/R,Ready,95.55,2200000,11-22907-2026
2026-07-29,DUBAI CREEK HARBOUR,Creek Beach - Lotus,Apartment,2 B/R,Ready,96.87,2200000,11-22918-2026
2026-07-24,DUBAI CREEK HARBOUR,Palace Residences - North,Apartment,1 B/R,Ready,59.63,1760000,11-22923-2026
2026-07-24,DUBAI CREEK HARBOUR,CREEKSIDE 18,Apartment,1 B/R,Ready,62.6,1500000,11-22932-2026
2026-07-25,DUBAI CREEK HARBOUR,CREEK RISE,Apartment,3 B/R,Ready,154.84,3600000,11-22946-2026
2026-07-27,DUBAI CREEK HARBOUR,Creek Beach - Savanna-Cedar-Mangrove,Apartment,1 B/R,Ready,67.06,1550000,11-23014-2026
2026-07-27,DUBAI CREEK HARBOUR,CREEKSIDE 18,Apartment,3 B/R,Ready,150.25,3500000,11-23086-2026
2026-07-27,DUBAI CREEK HARBOUR,Creek Beach - VIDA Residences,Apartment,2 B/R,Ready,105.3,2920000,11-23181-2026
2026-07-28,DUBAI CREEK HARBOUR,Creek Beach - VIDA Residences,Apartment,2 B/R,Ready,107.3,3000000,11-23275-2026
2026-07-28,DUBAI CREEK HARBOUR,HARBOUR VIEWS,Apartment,2 B/R,Ready,113.11,2550000,11-23276-2026
2026-07-28,DUBAI CREEK HARBOUR,Creek Palace,Apartment,1 B/R,Ready,59.63,1530000,11-23287-2026
2026-07-28,DUBAI CREEK HARBOUR,Palace Residences - North,Apartment,2 B/R,Ready,104.33,2750000,11-23289-2026
2026-07-28,DUBAI CREEK HARBOUR,Creek Palace,Apartment,1 B/R,Ready,59.65,1665000,11-23320-2026
2026-07-29,DUBAI CREEK HARBOUR,Palace Residences - North,Apartment,3 B/R,Ready,180.39,4500000,11-23396-2026
2026-07-29,DUBAI CREEK HARBOUR,Creek Gate,Apartment,2 B/R,Ready,103.56,2700000,11-23418-2026
2026-07-29,DUBAI CREEK HARBOUR,Creek Gate,Apartment,3 B/R,Ready,137.5,2800000,11-23441-2026
2026-07-29,EMAAR SOUTH,Parkside 2,Villa,3 B/R,Ready,140.87,2150000,11-23481-2026
2026-07-30,DUBAI CREEK HARBOUR,Creek Beach - Bayshore,Apartment,3 B/R,Ready,129.81,2950000,11-23596-2026
2026-07-30,DUBAI CREEK HARBOUR,CREEK CRESCENT,Apartment,1 B/R,Ready,63.55,1800000,11-23680-2026
2026-07-31,DUBAI CREEK HARBOUR,Harbour Gate,Apartment,2 B/R,Ready,106.67,2550000,11-23726-2026
2026-07-31,DUBAI CREEK HARBOUR,Creek Beach - Orchid,Apartment,1 B/R,Ready,67.73,1500000,11-23751-2026
2026-07-02,EMAAR SOUTH,Golf Views,Apartment,2 B/R,Ready,121.48,1325000,41-9026-2026
2026-07-03,DUBAI CREEK HARBOUR,The Cove ll,Apartment,1 B/R,Ready,72.05,1600000,41-9093-2026
2026-07-06,DUBAI CREEK HARBOUR,The Cove,Apartment,2 B/R,Ready,124.36,3000000,41-9165-2026
2026-07-06,DUBAI CREEK HARBOUR,The Cove ll,Apartment,2 B/R,Ready,106.31,2400000,41-9166-2026
2026-07-07,DUBAI CREEK HARBOUR,The Cove ll,Apartment,3 B/R,Ready,229.42,7975130,41-9200-2026
2026-07-07,DUBAI CREEK HARBOUR,The Cove ll,Apartment,3 B/R,Ready,169.81,4500000,41-9207-2026
2026-07-09,DUBAI CREEK HARBOUR,The Cove ll,Apartment,2 B/R,Ready,105.69,2860000,41-9319-2026
2026-07-09,DUBAI CREEK HARBOUR,The Cove ll,Apartment,2 B/R,Ready,105.55,2650000,41-9339-2026
2026-07-10,DUBAI CREEK HARBOUR,The Cove ll,Apartment,2 B/R,Ready,129.09,3200000,41-9367-2026
2026-07-10,EMAAR SOUTH,URBANA III,Apartment,2 B/R,Ready,113.1,1325000,41-9407-2026
2026-07-10,DUBAI CREEK HARBOUR,Creek Beach - Canopy - Moor,Apartment,2 B/R,Ready,93.63,2566510,41-9432-2026
2026-07-14,DUBAI CREEK HARBOUR,The Cove ll,Apartment,1 B/R,Ready,72.05,1450000,41-9518-2026
2026-07-14,DUBAI CREEK HARBOUR,The Cove ll,Apartment,1 B/R,Ready,68.16,1450000,41-9519-2026
2026-07-14,DUBAI CREEK HARBOUR,The Cove ll,Apartment,1 B/R,Ready,74.95,1594888,41-9526-2026
2026-07-15,DUBAI CREEK HARBOUR,CREEK HORIZON,Apartment,2 B/R,Ready,112.6,2131888,41-9558-2026
2026-07-21,EMAAR SOUTH,Greenview 2,Villa,4 B/R,Ready,264.04,3000000,41-9748-2026
2026-07-21,DUBAI CREEK HARBOUR,The Cove ll,Apartment,2 B/R,Ready,106.31,2900000,41-9751-2026
2026-07-21,DUBAI CREEK HARBOUR,Creek Beach - Rosewater,Apartment,3 B/R,Ready,208.58,4750000,41-9762-2026
2026-08-05,DUBAI CREEK HARBOUR,Silva,Apartment,2 B/R,Off-Plan,26.76,640000,102-66674-2026
2026-08-03,EMAAR SOUTH,Greenway 2,Villa,4 B/R,Off-Plan,255.18,3220888,102-67597-2026
2026-08-03,DUBAI CREEK HARBOUR,Creek Bay,Apartment,2 B/R,Off-Plan,134.5,3325332,102-68061-2026
2026-08-03,DUBAI CREEK HARBOUR,Creek Bay,Apartment,2 B/R,Off-Plan,101.19,2602888,102-68062-2026
2026-08-03,DUBAI CREEK HARBOUR,Creek Bay,Apartment,2 B/R,Off-Plan,134.56,3396888,102-68063-2026
2026-08-03,DUBAI CREEK HARBOUR,Creek Bay,Apartment,2 B/R,Off-Plan,134.5,3445888,102-68064-2026
2026-08-03,DUBAI CREEK HARBOUR,Creek Bay,Apartment,2 B/R,Off-Plan,134.5,3429249,102-68065-2026
2026-08-03,DUBAI CREEK HARBOUR,Creek Bay,Apartment,2 B/R,Off-Plan,134.76,3352888,102-68066-2026
2026-08-03,DUBAI CREEK HARBOUR,Creek Bay,Apartment,2 B/R,Off-Plan,134.56,3378888,102-68067-2026
2026-08-03,EMAAR SOUTH,Golf Vale,Apartment,2 B/R,Off-Plan,99.32,1748888,102-68088-2026
2026-08-03,EMAAR SOUTH,Golf Vale,Apartment,2 B/R,Off-Plan,99.97,1611888,102-68226-2026
2026-08-03,EMAAR SOUTH,Golf Trails,Apartment,2 B/R,Off-Plan,109.3,1802110,102-68241-2026
2026-08-03,EMAAR SOUTH,Grove Ridge,Apartment,3 B/R,Off-Plan,162.78,3521888,102-68248-2026
2026-08-03,EMAAR SOUTH,Vista Ridge,Apartment,2 B/R,Off-Plan,128.48,2026888,102-68255-2026
2026-08-03,EMAAR SOUTH,Golf Trails,Apartment,2 B/R,Off-Plan,102.15,2305888,102-68258-2026
2026-08-03,EMAAR SOUTH,Golf Trails,Apartment,2 B/R,Off-Plan,102.05,1929888,102-68295-2026
2026-08-03,EMAAR SOUTH,Golf Trails,Apartment,1 B/R,Off-Plan,67.08,1297888,102-68301-2026
2026-08-04,EMAAR SOUTH,Golf Trails,Apartment,1 B/R,Off-Plan,68.59,1248888,102-68437-2026
2026-08-04,EMAAR SOUTH,Golf Trails,Apartment,1 B/R,Off-Plan,68.79,1256888,102-68443-2026
2026-08-04,DUBAI CREEK HARBOUR,Creek Bay,Apartment,1 B/R,Off-Plan,71,2146888,102-68469-2026
2026-08-04,DUBAI CREEK HARBOUR,Creek Waters,Apartment,1 B/R,Off-Plan,70,1761888,102-68605-2026
2026-08-04,EMAAR SOUTH,Golf Vale,Apartment,2 B/R,Off-Plan,91.96,1971888,102-68612-2026
2026-08-04,DUBAI CREEK HARBOUR,Montiva,Apartment,2 B/R,Off-Plan,106.19,2938888,102-68697-2026
2026-08-04,DUBAI CREEK HARBOUR,Creek Bay,Apartment,3 B/R,Off-Plan,172.7,6458888,102-68707-2026
2026-08-04,DUBAI CREEK HARBOUR,Montiva,Apartment,3 B/R,Off-Plan,177.52,4041888,102-68710-2026
2026-08-04,DUBAI CREEK HARBOUR,Creek Bay,Apartment,2 B/R,Off-Plan,133.03,4476888,102-68711-2026
2026-08-04,DUBAI CREEK HARBOUR,Creek Haven,Apartment,3 B/R,Off-Plan,173.81,6064130,102-68715-2026
2026-08-04,DUBAI CREEK HARBOUR,Creek Bay,Apartment,2 B/R,Off-Plan,133.19,4599888,102-68718-2026
2026-08-04,DUBAI CREEK HARBOUR,Creek Bay,Apartment,2 B/R,Off-Plan,133.19,4939888,102-68719-2026
2026-08-04,DUBAI CREEK HARBOUR,Creek Bay,Apartment,2 B/R,Off-Plan,115.98,3796888,102-68744-2026
2026-08-05,DUBAI CREEK HARBOUR,Address Residences l Dubai Creek Harbour,Apartment,1 B/R,Off-Plan,70.37,2056888,102-68755-2026
2026-08-05,DUBAI CREEK HARBOUR,Creek Bay,Apartment,2 B/R,Off-Plan,134.5,3354151,102-68866-2026
2026-08-05,DUBAI CREEK HARBOUR,Creek Bay,Apartment,2 B/R,Off-Plan,134.5,3370110,102-68867-2026
2026-08-05,DUBAI CREEK HARBOUR,Creek Bay,Apartment,2 B/R,Off-Plan,134.56,3415888,102-68868-2026
2026-08-05,DUBAI CREEK HARBOUR,Creek Bay,Apartment,3 B/R,Off-Plan,172.7,6308888,102-68869-2026
2026-08-05,DUBAI CREEK HARBOUR,Creek Bay,Apartment,2 B/R,Off-Plan,134.56,3415888,102-68870-2026
2026-08-05,DUBAI CREEK HARBOUR,Creek Bay,Apartment,2 B/R,Off-Plan,134.5,3348331,102-68871-2026
2026-08-05,DUBAI CREEK HARBOUR,Creek Haven,Apartment,1 B/R,Off-Plan,68.7,1922888,102-68872-2026
2026-08-05,EMAAR SOUTH,Golf Trails,Apartment,1 B/R,Off-Plan,67.08,1292888,102-68877-2026
2026-08-05,EMAAR SOUTH,Golf Trails,Apartment,1 B/R,Off-Plan,68.79,1254888,102-69024-2026
2026-08-05,EMAAR SOUTH,Golf Vale,Apartment,2 B/R,Off-Plan,91.96,1696888,102-69030-2026
2026-08-05,EMAAR SOUTH,Golf Trails,Apartment,2 B/R,Off-Plan,101.81,2332888,102-69033-2026
2026-08-05,EMAAR SOUTH,Golf Trails,Apartment,2 B/R,Off-Plan,109.28,2433230,102-69040-2026
2026-08-05,EMAAR SOUTH,Golf Trails,Apartment,1 B/R,Off-Plan,69.96,1285888,102-69046-2026
2026-08-05,EMAAR SOUTH,Golf Trails,Apartment,1 B/R,Off-Plan,68.59,1260888,102-69100-2026
2026-08-05,EMAAR SOUTH,Golf Trails,Apartment,1 B/R,Off-Plan,68.59,1263888,102-69106-2026
2026-08-05,EMAAR SOUTH,Golf Trails,Apartment,1 B/R,Off-Plan,68.59,1270888,102-69126-2026
2026-08-05,EMAAR SOUTH,Golf Trails,Apartment,1 B/R,Off-Plan,68.59,1263888,102-69132-2026
2026-08-06,EMAAR SOUTH,Golf Trails,Apartment,1 B/R,Off-Plan,68.59,1258888,102-69274-2026
2026-08-06,EMAAR SOUTH,Golf Trails,Apartment,1 B/R,Off-Plan,68.79,1266888,102-69277-2026
2026-08-06,EMAAR SOUTH,Golf Vale,Apartment,1 B/R,Off-Plan,62.46,1214888,102-69289-2026
2026-08-06,EMAAR SOUTH,Golf Trails,Apartment,2 B/R,Off-Plan,102.45,1982888,102-69305-2026
2026-08-06,EMAAR SOUTH,Golf Vale,Apartment,2 B/R,Off-Plan,98.89,1831888,102-69311-2026
2026-08-06,EMAAR SOUTH,Golf Trails,Apartment,1 B/R,Off-Plan,69.96,1280888,102-69441-2026
2026-08-06,EMAAR SOUTH,Golf Vale,Apartment,2 B/R,Off-Plan,99.93,1614888,102-69451-2026
2026-08-07,DUBAI CREEK HARBOUR,Aeon,Apartment,1 B/R,Off-Plan,70.92,1739888,102-69452-2026
2026-08-10,DUBAI CREEK HARBOUR,Creek Waters,Apartment,1 B/R,Off-Plan,70,1762888,102-69490-2026
2026-08-07,DUBAI CREEK HARBOUR,Creek Haven,Apartment,1 B/R,Off-Plan,67.63,1978888,102-69676-2026
2026-08-07,DUBAI CREEK HARBOUR,Aeon,Apartment,2 B/R,Off-Plan,123.8,3220888,102-69677-2026
2026-08-07,EMAAR SOUTH,Golf Trails,Apartment,1 B/R,Off-Plan,67.24,1305888,102-69699-2026
2026-08-07,EMAAR SOUTH,Golf Trails,Apartment,1 B/R,Off-Plan,67.08,1282888,102-69702-2026
2026-08-07,DUBAI CREEK HARBOUR,Creek Bay,Apartment,1 B/R,Off-Plan,70.34,2124888,102-69714-2026
2026-08-07,EMAAR SOUTH,Golf Trails,Apartment,2 B/R,Off-Plan,109.17,1830888,102-69752-2026
2026-08-07,DUBAI CREEK HARBOUR,Creek Bay,Apartment,1 B/R,Off-Plan,68.3,1884888,102-69906-2026
2026-08-07,DUBAI CREEK HARBOUR,Creek Waters,Apartment,2 B/R,Off-Plan,105.26,2933888,102-69921-2026
2026-08-10,DUBAI CREEK HARBOUR,Creek Waters,Apartment,2 B/R,Off-Plan,105.41,2890888,102-70183-2026
2026-08-10,DUBAI CREEK HARBOUR,ARLO,Apartment,3 B/R,Off-Plan,162.12,5345888,102-70309-2026
2026-08-10,DUBAI CREEK HARBOUR,ARLO,Apartment,2 B/R,Off-Plan,116.91,2931888,102-70310-2026
2026-08-11,EMAAR SOUTH,Golf Trails,Apartment,1 B/R,Off-Plan,69.96,1297888,102-70396-2026
2026-08-11,EMAAR SOUTH,Golf Trails,Apartment,1 B/R,Off-Plan,68.79,1271888,102-70403-2026
2026-08-11,EMAAR SOUTH,Golf Trails,Apartment,2 B/R,Off-Plan,102.15,2189888,102-70405-2026
2026-08-11,EMAAR SOUTH,Golf Trails,Apartment,1 B/R,Off-Plan,68.59,1270888,102-70407-2026
2026-08-11,EMAAR SOUTH,Golf Trails,Apartment,1 B/R,Off-Plan,67.08,1289888,102-70412-2026
2026-08-11,EMAAR SOUTH,Golf Trails,Apartment,2 B/R,Off-Plan,109.3,1834888,102-70417-2026
2026-08-11,EMAAR SOUTH,Golf Trails,Apartment,1 B/R,Off-Plan,67.08,1262130,102-70421-2026
2026-08-11,EMAAR SOUTH,Golf Trails,Apartment,1 B/R,Off-Plan,66.77,1271888,102-70424-2026
2026-08-11,EMAAR SOUTH,Golf Vale,Apartment,2 B/R,Off-Plan,92.29,1958888,102-70432-2026
2026-08-11,EMAAR SOUTH,Golf Vale,Apartment,2 B/R,Off-Plan,92.29,1947888,102-70435-2026
2026-08-11,EMAAR SOUTH,Golf Trails,Apartment,1 B/R,Off-Plan,68.59,1265888,102-70440-2026
2026-08-11,EMAAR SOUTH,Golf Trails,Apartment,1 B/R,Off-Plan,68.79,1249888,102-70514-2026
2026-08-11,DUBAI CREEK HARBOUR,Albero,Apartment,2 B/R,Off-Plan,135.02,3380004,102-70563-2026
2026-08-11,DUBAI CREEK HARBOUR,Creek Bay,Apartment,2 B/R,Off-Plan,134.56,3390888,102-70595-2026
2026-08-12,EMAAR SOUTH,Golf Trails,Apartment,1 B/R,Off-Plan,69.96,1290888,102-70813-2026
2026-08-12,DUBAI CREEK HARBOUR,Creek Haven,Apartment,1 B/R,Off-Plan,81.34,1920690,102-70867-2026
2026-08-12,DUBAI CREEK HARBOUR,Creek Bay,Apartment,1 B/R,Off-Plan,68.45,1801888,102-70873-2026
2026-08-12,DUBAI CREEK HARBOUR,Creek Bay,Apartment,2 B/R,Off-Plan,134.56,3384888,102-70895-2026
2026-08-13,EMAAR SOUTH,Golf Trails,Apartment,1 B/R,Off-Plan,68.59,1248888,102-71351-2026
2026-08-13,EMAAR SOUTH,Golf Trails,Apartment,2 B/R,Off-Plan,109.17,1801130,102-71361-2026
2026-08-13,EMAAR SOUTH,Golf Trails,Apartment,1 B/R,Off-Plan,68.79,1263888,102-71363-2026
2026-08-13,EMAAR SOUTH,Golf Trails,Apartment,1 B/R,Off-Plan,69.96,1254101,102-71374-2026
2026-08-13,DUBAI CREEK HARBOUR,Address Residences l Dubai Creek Harbour,Apartment,2 B/R,Off-Plan,115.33,3602599,102-71385-2026
2026-08-13,EMAAR SOUTH,Golf Trails,Apartment,1 B/R,Off-Plan,68.59,1242530,102-71386-2026
2026-08-13,EMAAR SOUTH,Golf Trails,Apartment,1 B/R,Off-Plan,68.59,1245888,102-71391-2026
2026-08-13,EMAAR SOUTH,Golf Trails,Apartment,1 B/R,Off-Plan,68.59,1253888,102-71404-2026
2026-08-13,EMAAR SOUTH,Golf Point,Apartment,2 B/R,Off-Plan,91.93,1290888,102-71441-2026
2026-08-14,DUBAI CREEK HARBOUR,Creek Haven,Apartment,2 B/R,Off-Plan,111.78,3453888,102-71674-2026
2026-08-14,DUBAI CREEK HARBOUR,Creek Bay,Apartment,2 B/R,Off-Plan,134.5,3470888,102-71681-2026
2026-08-14,DUBAI CREEK HARBOUR,Aeon,Apartment,3 B/R,Off-Plan,164.1,4097888,102-71685-2026
2026-08-14,DUBAI CREEK HARBOUR,Creek Bay,Apartment,2 B/R,Off-Plan,133.19,4640888,102-71688-2026
2026-08-14,EMAAR SOUTH,Golf Vale,Apartment,2 B/R,Off-Plan,98.6,1908888,102-71813-2026
2026-08-17,DUBAI CREEK HARBOUR,Creek Bay,Apartment,2 B/R,Off-Plan,134.56,3409888,102-72012-2026
2026-08-17,EMAAR SOUTH,Golf Trails,Apartment,1 B/R,Off-Plan,68.79,1246888,102-72042-2026
2026-08-17,EMAAR SOUTH,Golf Hills 2,Apartment,2 B/R,Off-Plan,92.32,2072888,102-72094-2026
2026-08-17,EMAAR SOUTH,Golf Trails,Apartment,1 B/R,Off-Plan,68.59,1253888,102-72130-2026
2026-08-17,EMAAR SOUTH,Golf Trails,Apartment,1 B/R,Off-Plan,69.96,1287888,102-72160-2026
2026-08-17,EMAAR SOUTH,Golf Trails,Apartment,2 B/R,Off-Plan,109.28,2477888,102-72161-2026
2026-08-17,EMAAR SOUTH,Golf Trails,Apartment,1 B/R,Off-Plan,68.59,1265888,102-72163-2026
2026-08-17,EMAAR SOUTH,Golf Trails,Apartment,1 B/R,Off-Plan,69.96,1282888,102-72176-2026
2026-08-17,EMAAR SOUTH,Golf Trails,Apartment,1 B/R,Off-Plan,68.59,1250888,102-72194-2026
2026-08-17,EMAAR SOUTH,Golf Trails,Apartment,2 B/R,Off-Plan,109.17,1848888,102-72201-2026
2026-08-17,EMAAR SOUTH,Golf Trails,Apartment,1 B/R,Off-Plan,68.79,1261888,102-72204-2026
2026-08-17,EMAAR SOUTH,Grove Ridge,Apartment,1 B/R,Off-Plan,76.68,1351888,102-72208-2026
2026-08-18,DUBAI CREEK HARBOUR,Altus,Apartment,2 B/R,Off-Plan,108.1,2724888,102-72523-2026
2026-08-18,EMAAR SOUTH,Golf Fields,Apartment,2 B/R,Off-Plan,130.18,1926612,102-72687-2026
2026-08-18,EMAAR SOUTH,Golf Fields,Apartment,1 B/R,Off-Plan,88.55,1330452,102-72688-2026
2026-08-18,EMAAR SOUTH,Golf Fields,Apartment,1 B/R,Off-Plan,88.55,1328532,102-72690-2026
2026-08-18,EMAAR SOUTH,Golf Fields,Apartment,3 B/R,Off-Plan,199.78,2628372,102-72693-2026
2026-08-18,EMAAR SOUTH,Golf Fields,Apartment,2 B/R,Off-Plan,128.93,1858452,102-72700-2026
2026-08-18,EMAAR SOUTH,Golf Fields,Apartment,1 B/R,Off-Plan,75.02,1238292,102-72701-2026
2026-08-18,EMAAR SOUTH,Golf Fields,Apartment,1 B/R,Off-Plan,73.51,1211412,102-72704-2026
2026-08-18,EMAAR SOUTH,Golf Fields,Apartment,1 B/R,Off-Plan,73.51,1211412,102-72707-2026
2026-08-18,EMAAR SOUTH,Golf Fields,Apartment,1 B/R,Off-Plan,73.61,1213332,102-72711-2026
2026-08-18,EMAAR SOUTH,Golf Fields,Apartment,2 B/R,Off-Plan,118.93,1803732,102-72745-2026
2026-08-18,DUBAI CREEK HARBOUR,Altus,Apartment,1 B/R,Off-Plan,71.09,1740000,102-72750-2026
2026-08-18,EMAAR SOUTH,Golf Fields,Apartment,2 B/R,Off-Plan,118.89,1893012,102-72755-2026
2026-08-18,EMAAR SOUTH,Golf Fields,Apartment,1 B/R,Off-Plan,75.18,1365972,102-72762-2026
2026-08-18,EMAAR SOUTH,Golf Fields,Apartment,2 B/R,Off-Plan,120.43,2103252,102-72766-2026
2026-08-18,EMAAR SOUTH,Golf Fields,Apartment,3 B/R,Off-Plan,199.69,2875092,102-72769-2026
2026-08-18,EMAAR SOUTH,Golf Fields,Apartment,1 B/R,Off-Plan,89.26,1337172,102-72772-2026
2026-08-18,EMAAR SOUTH,Golf Fields,Apartment,1 B/R,Off-Plan,75.02,1255572,102-72774-2026
2026-08-18,EMAAR SOUTH,Golf Fields,Apartment,1 B/R,Off-Plan,73.77,1542612,102-72776-2026
2026-08-18,EMAAR SOUTH,Golf Fields,Apartment,1 B/R,Off-Plan,73.51,1228692,102-72780-2026
2026-08-18,EMAAR SOUTH,Golf Fields,Apartment,3 B/R,Off-Plan,151.88,3096852,102-72831-2026
2026-08-18,EMAAR SOUTH,Golf Fields,Apartment,2 B/R,Off-Plan,109.42,2288532,102-72834-2026
2026-08-18,EMAAR SOUTH,Golf Fields,Apartment,1 B/R,Off-Plan,73.61,1599252,102-72839-2026
2026-08-18,EMAAR SOUTH,Golf Fields,Apartment,1 B/R,Off-Plan,73.51,1596372,102-72845-2026
2026-08-18,EMAAR SOUTH,Golf Fields,Apartment,2 B/R,Off-Plan,120.43,1853652,102-72852-2026
2026-08-18,EMAAR SOUTH,Golf Fields,Apartment,1 B/R,Off-Plan,73.51,1228692,102-72856-2026
2026-08-18,EMAAR SOUTH,Golf Fields,Apartment,1 B/R,Off-Plan,73.61,1230612,102-72861-2026
2026-08-18,EMAAR SOUTH,Golf Fields,Apartment,2 B/R,Off-Plan,118.91,1827732,102-72864-2026
2026-08-19,EMAAR SOUTH,Golf Fields,Apartment,2 B/R,Off-Plan,118.89,2010132,102-72988-2026
2026-08-19,EMAAR SOUTH,Golf Fields,Apartment,1 B/R,Off-Plan,75.18,1447572,102-72989-2026
2026-08-19,EMAAR SOUTH,Golf Fields,Apartment,2 B/R,Off-Plan,120.42,2502612,102-72990-2026
2026-08-19,EMAAR SOUTH,Golf Fields,Apartment,3 B/R,Off-Plan,151.71,3199572,102-72992-2026
2026-08-19,EMAAR SOUTH,Golf Fields,Apartment,1 B/R,Off-Plan,73.61,1602132,102-72993-2026
2026-08-19,EMAAR SOUTH,Golf Fields,Apartment,1 B/R,Off-Plan,73.51,1599252,102-72994-2026
2026-08-19,EMAAR SOUTH,Golf Fields,Apartment,1 B/R,Off-Plan,75.02,1258452,102-72995-2026
2026-08-19,EMAAR SOUTH,Golf Fields,Apartment,1 B/R,Off-Plan,73.51,1230612,102-72996-2026
2026-08-19,EMAAR SOUTH,Golf Fields,Apartment,1 B/R,Off-Plan,73.61,1232532,102-72997-2026
2026-08-19,EMAAR SOUTH,Golf Fields,Apartment,1 B/R,Off-Plan,75.18,1450452,102-72998-2026
2026-08-19,EMAAR SOUTH,Golf Fields,Apartment,1 B/R,Off-Plan,73.77,1545492,102-73000-2026
2026-08-19,EMAAR SOUTH,Golf Fields,Apartment,3 B/R,Off-Plan,254.87,4859412,102-73002-2026
2026-08-19,EMAAR SOUTH,Golf Fields,Apartment,3 B/R,Off-Plan,254.74,4856532,102-73005-2026
2026-08-19,EMAAR SOUTH,Golf Fields,Apartment,3 B/R,Off-Plan,258.1,4861332,102-73008-2026
2026-08-19,EMAAR SOUTH,Golf Fields,Apartment,3 B/R,Off-Plan,248.06,4821012,102-73015-2026
2026-08-19,EMAAR SOUTH,Golf Fields,Apartment,3 B/R,Off-Plan,255.45,4863252,102-73017-2026
2026-08-19,EMAAR SOUTH,Golf Fields,Apartment,1 B/R,Off-Plan,75.02,1236372,102-73030-2026
2026-08-19,EMAAR SOUTH,Golf Fields,Apartment,2 B/R,Off-Plan,118.89,1799892,102-73040-2026
2026-08-19,EMAAR SOUTH,Golf Fields,Apartment,1 B/R,Off-Plan,75.18,1455252,102-73043-2026
2026-08-19,EMAAR SOUTH,Golf Fields,Apartment,1 B/R,Off-Plan,73.77,1552212,102-73047-2026
2026-08-19,EMAAR SOUTH,Golf Fields,Apartment,1 B/R,Off-Plan,73.61,1237332,102-73050-2026
2026-08-19,EMAAR SOUTH,Golf Fields,Apartment,2 B/R,Off-Plan,118.91,1823892,102-73056-2026
2026-08-19,EMAAR SOUTH,Golf Fields,Apartment,2 B/R,Off-Plan,118.89,2006292,102-73058-2026
2026-08-19,EMAAR SOUTH,Golf Fields,Apartment,1 B/R,Off-Plan,75.18,1444692,102-73062-2026
2026-08-19,EMAAR SOUTH,Golf Fields,Apartment,2 B/R,Off-Plan,120.42,2497812,102-73069-2026
2026-08-19,EMAAR SOUTH,Golf Fields,Apartment,1 B/R,Off-Plan,73.61,1227732,102-73073-2026
2026-08-19,EMAAR SOUTH,Golf Fields,Apartment,3 B/R,Off-Plan,151.71,3193812,102-73080-2026
2026-08-19,EMAAR SOUTH,Golf Fields,Apartment,1 B/R,Off-Plan,73.77,1539732,102-73087-2026
2026-08-19,EMAAR SOUTH,Golf Fields,Apartment,1 B/R,Off-Plan,73.51,1225812,102-73092-2026
2026-08-19,EMAAR SOUTH,Golf Fields,Apartment,1 B/R,Off-Plan,73.51,1235412,102-73100-2026
2026-08-19,EMAAR SOUTH,Golf Fields,Apartment,2 B/R,Off-Plan,109.42,1957332,102-73105-2026
2026-08-19,EMAAR SOUTH,Golf Fields,Apartment,1 B/R,Off-Plan,73.61,1352532,102-73109-2026
2026-08-19,EMAAR SOUTH,Golf Fields,Apartment,1 B/R,Off-Plan,73.51,1350612,102-73113-2026
2026-08-19,EMAAR SOUTH,Golf Fields,Apartment,3 B/R,Off-Plan,151.88,2609172,102-73128-2026
2026-08-19,EMAAR SOUTH,Golf Fields,Apartment,2 B/R,Off-Plan,120.43,1832532,102-73132-2026
2026-08-19,EMAAR SOUTH,Golf Fields,Apartment,1 B/R,Off-Plan,75.02,1241172,102-73135-2026
2026-08-19,EMAAR SOUTH,Golf Fields,Apartment,1 B/R,Off-Plan,73.51,1214292,102-73139-2026
2026-08-19,EMAAR SOUTH,Golf Fields,Apartment,1 B/R,Off-Plan,73.51,1214292,102-73153-2026
2026-08-19,EMAAR SOUTH,Golf Fields,Apartment,1 B/R,Off-Plan,73.61,1216212,102-73158-2026
2026-08-19,EMAAR SOUTH,Golf Fields,Apartment,2 B/R,Off-Plan,118.91,1806612,102-73187-2026
2026-08-19,EMAAR SOUTH,Golf Fields,Apartment,2 B/R,Off-Plan,118.89,1918932,102-73192-2026
2026-08-19,EMAAR SOUTH,Golf Fields,Apartment,1 B/R,Off-Plan,75.18,1384212,102-73195-2026
2026-08-19,EMAAR SOUTH,Golf Fields,Apartment,2 B/R,Off-Plan,120.42,2199252,102-73197-2026
2026-08-19,EMAAR SOUTH,Golf Fields,Apartment,3 B/R,Off-Plan,151.71,2811732,102-73200-2026
2026-08-19,DUBAI CREEK HARBOUR,Address Residences l Dubai Creek Harbour,Apartment,1 B/R,Off-Plan,73.63,2161888,102-73201-2026
2026-08-19,EMAAR SOUTH,Golf Fields,Apartment,1 B/R,Off-Plan,73.77,1341972,102-73204-2026
2026-08-19,EMAAR SOUTH,Golf Fields,Apartment,2 B/R,Off-Plan,118.83,1798932,102-73219-2026
2026-08-19,EMAAR SOUTH,Golf Fields,Apartment,1 B/R,Off-Plan,75.18,1301652,102-73222-2026
2026-08-19,EMAAR SOUTH,Golf Fields,Apartment,1 B/R,Off-Plan,73.61,1605012,102-73232-2026
2026-08-19,EMAAR SOUTH,Golf Fields,Apartment,1 B/R,Off-Plan,73.51,1602132,102-73272-2026
2026-08-19,EMAAR SOUTH,Golf Fields,Apartment,1 B/R,Off-Plan,75.02,1260372,102-73278-2026
2026-08-19,EMAAR SOUTH,Golf Fields,Apartment,1 B/R,Off-Plan,73.51,1232532,102-73282-2026
2026-08-19,EMAAR SOUTH,Golf Fields,Apartment,1 B/R,Off-Plan,73.61,1235412,102-73286-2026
2026-08-19,EMAAR SOUTH,Golf Fields,Apartment,1 B/R,Off-Plan,75.18,1452372,102-73288-2026
2026-08-19,EMAAR SOUTH,Golf Fields,Apartment,1 B/R,Off-Plan,75.02,1263252,102-73293-2026
2026-08-19,EMAAR SOUTH,Golf Fields,Apartment,1 B/R,Off-Plan,73.51,1605972,102-73297-2026
2026-08-19,EMAAR SOUTH,Golf Fields,Apartment,1 B/R,Off-Plan,73.51,1235412,102-73305-2026
2026-08-19,EMAAR SOUTH,Golf Fields,Apartment,3 B/R,Off-Plan,151.88,3078612,102-73306-2026
2026-08-19,EMAAR SOUTH,Golf Fields,Apartment,3 B/R,Off-Plan,151.88,3084372,102-73319-2026
2026-08-19,EMAAR SOUTH,Golf Fields,Apartment,1 B/R,Off-Plan,73.61,1596372,102-73325-2026
2026-08-19,EMAAR SOUTH,Golf Fields,Apartment,2 B/R,Off-Plan,109.42,2284692,102-73339-2026
2026-08-19,EMAAR SOUTH,Golf Fields,Apartment,2 B/R,Off-Plan,120.43,1850772,102-73359-2026
2026-08-19,EMAAR SOUTH,Golf Fields,Apartment,1 B/R,Off-Plan,73.51,1593492,102-73366-2026
2026-08-20,EMAAR SOUTH,Golf Fields,Apartment,1 B/R,Off-Plan,73.51,1225812,102-73470-2026
2026-08-20,EMAAR SOUTH,Golf Fields,Apartment,1 B/R,Off-Plan,75.02,1253652,102-73471-2026
2026-08-20,EMAAR SOUTH,Golf Fields,Apartment,2 B/R,Off-Plan,120.85,1827732,102-73472-2026
2026-08-20,EMAAR SOUTH,Golf Fields,Apartment,2 B/R,Off-Plan,120.42,2507412,102-73474-2026
2026-08-20,EMAAR SOUTH,Golf Fields,Apartment,2 B/R,Off-Plan,118.89,2013972,102-73475-2026
2026-08-20,EMAAR SOUTH,Golf Fields,Apartment,2 B/R,Off-Plan,118.91,1831572,102-73477-2026
2026-08-20,EMAAR SOUTH,Golf Fields,Apartment,2 B/R,Off-Plan,109.42,2062932,102-73479-2026
2026-08-20,EMAAR SOUTH,Golf Fields,Apartment,1 B/R,Off-Plan,73.61,1431252,102-73491-2026
2026-08-20,EMAAR SOUTH,Golf Fields,Apartment,1 B/R,Off-Plan,73.51,1429332,102-73492-2026
2026-08-20,EMAAR SOUTH,Golf Fields,Apartment,2 B/R,Off-Plan,120.43,1836372,102-73495-2026
2026-08-20,EMAAR SOUTH,Golf Fields,Apartment,3 B/R,Off-Plan,151.88,2761812,102-73499-2026
2026-08-20,EMAAR SOUTH,Golf Fields,Apartment,1 B/R,Off-Plan,75.02,1243092,102-73500-2026
2026-08-20,EMAAR SOUTH,Golf Fields,Apartment,1 B/R,Off-Plan,73.51,1216212,102-73501-2026
2026-08-20,EMAAR SOUTH,Golf Fields,Apartment,1 B/R,Off-Plan,73.51,1216212,102-73503-2026
2026-08-20,EMAAR SOUTH,Golf Fields,Apartment,1 B/R,Off-Plan,73.61,1218132,102-73504-2026
2026-08-20,EMAAR SOUTH,Golf Fields,Apartment,1 B/R,Off-Plan,73.77,1536852,102-73506-2026
2026-08-20,EMAAR SOUTH,Golf Fields,Apartment,2 B/R,Off-Plan,118.91,1810452,102-73507-2026
2026-08-20,EMAAR SOUTH,Golf Fields,Apartment,3 B/R,Off-Plan,151.71,3187092,102-73513-2026
2026-08-20,EMAAR SOUTH,Golf Fields,Apartment,2 B/R,Off-Plan,118.89,1945812,102-73514-2026
2026-08-20,EMAAR SOUTH,Golf Fields,Apartment,1 B/R,Off-Plan,75.18,1402452,102-73520-2026
2026-08-20,EMAAR SOUTH,Golf Fields,Apartment,2 B/R,Off-Plan,120.42,2295252,102-73522-2026
2026-08-20,EMAAR SOUTH,Golf Fields,Apartment,3 B/R,Off-Plan,151.71,2934612,102-73525-2026
2026-08-20,EMAAR SOUTH,Golf Fields,Apartment,1 B/R,Off-Plan,73.77,1406292,102-73527-2026
2026-08-20,EMAAR SOUTH,Golf Fields,Apartment,2 B/R,Off-Plan,118.91,1821012,102-73543-2026
2026-08-20,EMAAR SOUTH,Golf Fields,Apartment,1 B/R,Off-Plan,75.18,1441812,102-73549-2026
2026-08-20,EMAAR SOUTH,Golf Fields,Apartment,2 B/R,Off-Plan,120.42,2493012,102-73557-2026
2026-08-20,EMAAR SOUTH,Golf Fields,Apartment,2 B/R,Off-Plan,118.89,2002452,102-73561-2026
2026-08-20,EMAAR SOUTH,Golf Fields,Apartment,1 B/R,Off-Plan,73.61,1225812,102-73564-2026
2026-08-20,EMAAR SOUTH,Golf Fields,Apartment,1 B/R,Off-Plan,73.51,1223892,102-73566-2026
2026-08-20,EMAAR SOUTH,Golf Fields,Apartment,1 B/R,Off-Plan,73.51,1223892,102-73567-2026
2026-08-20,EMAAR SOUTH,Golf Fields,Apartment,2 B/R,Off-Plan,120.43,1857492,102-73584-2026
2026-08-20,EMAAR SOUTH,Golf Fields,Apartment,2 B/R,Off-Plan,109.42,2293332,102-73585-2026
2026-08-20,EMAAR SOUTH,Golf Fields,Apartment,3 B/R,Off-Plan,253.21,4839252,102-73587-2026
2026-08-20,EMAAR SOUTH,Golf Fields,Apartment,1 B/R,Off-Plan,73.61,1211412,102-73588-2026
2026-08-20,EMAAR SOUTH,Golf Fields,Apartment,2 B/R,Off-Plan,120.43,2008212,102-73629-2026
2026-08-20,EMAAR SOUTH,Golf Fields,Apartment,2 B/R,Off-Plan,120.42,2517012,102-73635-2026
2026-08-20,EMAAR SOUTH,Golf Fields,Apartment,2 B/R,Off-Plan,120.43,1865172,102-73646-2026
2026-08-20,EMAAR SOUTH,Golf Fields,Apartment,2 B/R,Off-Plan,118.91,1834452,102-73647-2026
2026-08-20,EMAAR SOUTH,Golf Fields,Apartment,2 B/R,Off-Plan,120.43,1861332,102-73653-2026
2026-08-20,EMAAR SOUTH,Golf Fields,Apartment,2 B/R,Off-Plan,109.42,2298132,102-73656-2026
2026-08-20,EMAAR SOUTH,Golf Fields,Apartment,2 B/R,Off-Plan,118.91,1838292,102-73660-2026
2026-08-20,EMAAR SOUTH,Golf Fields,Apartment,2 B/R,Off-Plan,118.89,2021652,102-73664-2026
2026-08-20,EMAAR SOUTH,Golf Fields,Apartment,2 B/R,Off-Plan,109.42,2301972,102-73671-2026
2026-08-20,EMAAR SOUTH,Golf Fields,Apartment,2 B/R,Off-Plan,120.42,2512212,102-73674-2026
2026-08-20,EMAAR SOUTH,Golf Fields,Apartment,1 B/R,Off-Plan,75.02,1250772,102-73686-2026
2026-08-20,EMAAR SOUTH,Golf Fields,Apartment,1 B/R,Off-Plan,73.61,1592532,102-73695-2026
2026-08-20,EMAAR SOUTH,Golf Fields,Apartment,2 B/R,Off-Plan,120.43,1846932,102-73700-2026
2026-08-20,EMAAR SOUTH,Golf Fields,Apartment,2 B/R,Off-Plan,109.42,2279892,102-73705-2026
2026-08-20,EMAAR SOUTH,Golf Fields,Apartment,1 B/R,Off-Plan,73.51,1590612,102-73722-2026
2026-08-20,EMAAR SOUTH,Golf Fields,Apartment,3 B/R,Off-Plan,151.88,3072852,102-73744-2026
2026-08-20,EMAAR SOUTH,Golf Fields,Apartment,2 B/R,Off-Plan,118.89,2017812,102-73752-2026
2026-08-20,EMAAR SOUTH,Golf Fields,Apartment,1 B/R,Off-Plan,73.51,1209492,102-73757-2026
2026-08-20,EMAAR SOUTH,Golf Fields,Apartment,1 B/R,Off-Plan,73.51,1209492,102-73765-2026
2026-08-20,EMAAR SOUTH,Golf Fields,Apartment,1 B/R,Off-Plan,73.51,1230612,102-73770-2026
2026-08-21,DUBAI CREEK HARBOUR,Creek Haven,Apartment,2 B/R,Off-Plan,111.78,3414888,102-73823-2026
2026-08-21,DUBAI CREEK HARBOUR,Creek Bay,Apartment,2 B/R,Off-Plan,133.03,4897888,102-73824-2026
2026-08-21,DUBAI CREEK HARBOUR,Creek Bay,Apartment,2 B/R,Off-Plan,133.03,4517888,102-73825-2026
2026-08-21,DUBAI CREEK HARBOUR,Creek Bay,Apartment,2 B/R,Off-Plan,133.03,4403030,102-73826-2026
2026-08-21,DUBAI CREEK HARBOUR,Montiva,Apartment,2 B/R,Off-Plan,131.09,2864888,102-73828-2026
2026-08-21,DUBAI CREEK HARBOUR,Creek Bay,Apartment,2 B/R,Off-Plan,115.98,3803888,102-73830-2026
2026-08-21,DUBAI CREEK HARBOUR,Silva,Apartment,2 B/R,Off-Plan,107.25,2875888,102-73831-2026
2026-08-21,DUBAI CREEK HARBOUR,Creek Bay,Apartment,2 B/R,Off-Plan,115.78,4465888,102-73832-2026
2026-08-21,EMAAR SOUTH,Golf Fields,Apartment,3 B/R,Off-Plan,151.71,3212052,102-73837-2026
2026-08-21,EMAAR SOUTH,Golf Fields,Apartment,2 B/R,Off-Plan,120.42,2488212,102-73838-2026
2026-08-21,EMAAR SOUTH,Golf Fields,Apartment,2 B/R,Off-Plan,118.89,1998612,102-73839-2026
2026-08-21,EMAAR SOUTH,Golf Fields,Apartment,1 B/R,Off-Plan,75.18,1438932,102-73841-2026
2026-08-21,EMAAR SOUTH,Golf Fields,Apartment,1 B/R,Off-Plan,73.77,1533972,102-73844-2026
2026-08-21,EMAAR SOUTH,Golf Fields,Apartment,2 B/R,Off-Plan,118.91,1817172,102-73847-2026
2026-08-21,EMAAR SOUTH,Golf Fields,Apartment,1 B/R,Off-Plan,73.61,1222932,102-73851-2026
2026-08-21,EMAAR SOUTH,Golf Fields,Apartment,1 B/R,Off-Plan,73.51,1221012,102-73854-2026
2026-08-21,EMAAR SOUTH,Golf Fields,Apartment,3 B/R,Off-Plan,151.71,3181332,102-73858-2026
2026-08-21,EMAAR SOUTH,Golf Fields,Apartment,1 B/R,Off-Plan,73.61,1510932,102-73861-2026
2026-08-21,EMAAR SOUTH,Golf Fields,Apartment,1 B/R,Off-Plan,73.51,1508052,102-73862-2026
2026-08-21,EMAAR SOUTH,Golf Fields,Apartment,1 B/R,Off-Plan,75.02,1245972,102-73863-2026
2026-08-21,EMAAR SOUTH,Golf Point,Apartment,1 B/R,Off-Plan,63.1,1100000,102-73866-2026
2026-08-21,EMAAR SOUTH,Golf Fields,Apartment,1 B/R,Off-Plan,73.51,1219092,102-73869-2026
2026-08-21,EMAAR SOUTH,Golf Fields,Apartment,1 B/R,Off-Plan,73.51,1219092,102-73873-2026
2026-08-21,EMAAR SOUTH,Golf Point,Apartment,2 B/R,Off-Plan,98.81,1300000,102-73874-2026
2026-08-21,EMAAR SOUTH,Golf Fields,Apartment,1 B/R,Off-Plan,73.61,1221012,102-73878-2026
2026-08-21,EMAAR SOUTH,Golf Point,Apartment,1 B/R,Off-Plan,63.1,1020000,102-73879-2026
2026-08-21,EMAAR SOUTH,Golf Fields,Apartment,1 B/R,Off-Plan,75.18,1420692,102-73884-2026
2026-08-21,EMAAR SOUTH,Golf Fields,Apartment,1 B/R,Off-Plan,73.77,1469652,102-73889-2026
2026-08-21,EMAAR SOUTH,Golf Fields,Apartment,2 B/R,Off-Plan,109.42,2169492,102-73900-2026
2026-08-21,EMAAR SOUTH,Golf Fields,Apartment,2 B/R,Off-Plan,120.43,1840212,102-73902-2026
2026-08-21,EMAAR SOUTH,Golf Fields,Apartment,2 B/R,Off-Plan,118.91,1813332,102-73905-2026
2026-08-21,EMAAR SOUTH,Golf Fields,Apartment,2 B/R,Off-Plan,118.89,1971732,102-73909-2026
2026-08-21,EMAAR SOUTH,Golf Fields,Apartment,2 B/R,Off-Plan,120.42,2391252,102-73915-2026
2026-08-21,EMAAR SOUTH,Golf Fields,Apartment,3 B/R,Off-Plan,151.88,2913492,102-73919-2026
2026-08-21,EMAAR SOUTH,Golf Fields,Apartment,3 B/R,Off-Plan,151.71,3057492,102-73971-2026
2026-08-21,EMAAR SOUTH,Golf Fields,Apartment,1 B/R,Off-Plan,73.61,1589652,102-73973-2026
2026-08-21,EMAAR SOUTH,Golf Fields,Apartment,3 B/R,Off-Plan,151.88,3067092,102-73978-2026
2026-08-21,EMAAR SOUTH,Golf Fields,Apartment,2 B/R,Off-Plan,120.43,1843092,102-73980-2026
2026-08-21,DUBAI CREEK HARBOUR,Creek Waters,Apartment,1 B/R,Off-Plan,71.25,1785888,102-73984-2026
2026-08-21,EMAAR SOUTH,Golf Fields,Apartment,1 B/R,Off-Plan,73.51,1586772,102-73988-2026
2026-08-21,EMAAR SOUTH,Golf Fields,Apartment,2 B/R,Off-Plan,109.42,2276052,102-73991-2026
2026-08-21,EMAAR SOUTH,Golf Fields,Apartment,1 B/R,Off-Plan,73.51,1221012,102-74000-2026
2026-08-21,EMAAR SOUTH,Golf Fields,Apartment,1 B/R,Off-Plan,75.02,1247892,102-74012-2026
2026-08-21,EMAAR SOUTH,Golf Fields,Apartment,1 B/R,Off-Plan,73.51,1232532,102-74021-2026
2026-08-21,EMAAR SOUTH,Golf Fields,Apartment,1 B/R,Off-Plan,73.77,1548372,102-74041-2026
2026-08-21,EMAAR SOUTH,Golf Fields,Apartment,1 B/R,Off-Plan,73.61,1607892,102-74046-2026
2026-08-21,EMAAR SOUTH,Golf Fields,Apartment,3 B/R,Off-Plan,151.88,3102612,102-74051-2026
2026-08-21,EMAAR SOUTH,Golf Fields,Apartment,3 B/R,Off-Plan,151.71,3217812,102-74054-2026
2026-08-21,EMAAR SOUTH,Golf Fields,Apartment,3 B/R,Off-Plan,151.88,3090132,102-74062-2026
2026-08-21,EMAAR SOUTH,Golf Fields,Apartment,3 B/R,Off-Plan,151.71,3205332,102-74065-2026
2026-08-21,EMAAR SOUTH,Golf Fields,Apartment,3 B/R,Off-Plan,255.33,4869972,102-74073-2026
2026-08-24,EMAAR SOUTH,Golf Trails,Apartment,1 B/R,Off-Plan,69.96,1277888,102-74217-2026
2026-08-24,EMAAR SOUTH,Golf Point,Apartment,2 B/R,Off-Plan,91.57,1585000,102-74221-2026
2026-08-24,EMAAR SOUTH,Golf Vale,Apartment,2 B/R,Off-Plan,92.29,1954888,102-74228-2026
2026-08-24,EMAAR SOUTH,Golf Trails,Apartment,2 B/R,Off-Plan,101.81,2346888,102-74231-2026
2026-08-24,EMAAR SOUTH,Golf Trails,Apartment,1 B/R,Off-Plan,70.18,1275888,102-74236-2026
2026-08-24,EMAAR SOUTH,Golf Trails,Apartment,1 B/R,Off-Plan,67.08,1294888,102-74251-2026
2026-08-24,EMAAR SOUTH,Golf Trails,Apartment,2 B/R,Off-Plan,102.37,2114888,102-74254-2026
2026-08-24,EMAAR SOUTH,Golf Trails,Apartment,1 B/R,Off-Plan,68.59,1250888,102-74265-2026
2026-08-24,EMAAR SOUTH,Golf Trails,Apartment,1 B/R,Off-Plan,68.59,1245888,102-74269-2026
2026-08-24,EMAAR SOUTH,Golf Trails,Apartment,2 B/R,Off-Plan,101.81,2337888,102-74299-2026
2026-08-24,EMAAR SOUTH,Golf Trails,Apartment,1 B/R,Off-Plan,68.79,1258888,102-74308-2026
2026-08-24,EMAAR SOUTH,Golf Trails,Apartment,2 B/R,Off-Plan,102.15,2319888,102-74411-2026
2026-08-24,EMAAR SOUTH,Golf Trails,Apartment,2 B/R,Off-Plan,101.81,2328888,102-74448-2026
2026-08-24,DUBAI CREEK HARBOUR,Creek Bay,Apartment,2 B/R,Off-Plan,134.5,3463888,102-74525-2026
2026-08-24,DUBAI CREEK HARBOUR,Creek Bay,Apartment,2 B/R,Off-Plan,133.19,4607888,102-74526-2026
2026-08-24,DUBAI CREEK HARBOUR,Address Residences l Dubai Creek Harbour,Apartment,2 B/R,Off-Plan,103.2,3611888,102-74529-2026
2026-08-25,EMAAR SOUTH,Golf Trails,Apartment,2 B/R,Off-Plan,109.3,1741715,102-74637-2026
2026-08-25,DUBAI CREEK HARBOUR,Creek Bay,Apartment,2 B/R,Off-Plan,134.56,3403888,102-74763-2026
2026-08-25,DUBAI CREEK HARBOUR,Valia,Apartment,2 B/R,Off-Plan,116.82,3063888,102-74767-2026
2026-08-25,DUBAI CREEK HARBOUR,Creek Bay,Apartment,2 B/R,Off-Plan,115.78,4439290,102-74768-2026
2026-08-25,DUBAI CREEK HARBOUR,Creek Bay,Apartment,1 B/R,Off-Plan,68.45,1801888,102-74769-2026
2026-08-25,DUBAI CREEK HARBOUR,Valia,Apartment,1 B/R,Off-Plan,76.27,2093888,102-74773-2026
2026-08-25,DUBAI CREEK HARBOUR,Creek Bay,Apartment,2 B/R,Off-Plan,134.56,3428888,102-74775-2026
2026-08-25,DUBAI CREEK HARBOUR,ARLO,Apartment,1 B/R,Off-Plan,65.88,2041888,102-74779-2026
2026-08-25,DUBAI CREEK HARBOUR,Valia,Apartment,1 B/R,Off-Plan,75.89,2150292,102-74781-2026
2026-08-25,DUBAI CREEK HARBOUR,Creek Bay,Apartment,3 B/R,Off-Plan,172.34,5667888,102-74782-2026
2026-08-25,DUBAI CREEK HARBOUR,Valia,Apartment,1 B/R,Off-Plan,76.28,2001888,102-74783-2026
2026-08-25,DUBAI CREEK HARBOUR,Creek Bay,Apartment,3 B/R,Off-Plan,172.34,5550888,102-74785-2026
2026-08-25,DUBAI CREEK HARBOUR,Altan,Apartment,2 B/R,Off-Plan,133.34,3116052,102-74789-2026
2026-08-25,DUBAI CREEK HARBOUR,Valia,Apartment,2 B/R,Off-Plan,116.82,3141888,102-74818-2026
2026-08-25,DUBAI CREEK HARBOUR,Valia,Apartment,1 B/R,Off-Plan,76.28,2074888,102-74821-2026
2026-08-25,DUBAI CREEK HARBOUR,Valia,Apartment,1 B/R,Off-Plan,76.28,2134888,102-74823-2026
2026-08-25,DUBAI CREEK HARBOUR,Valia,Apartment,2 B/R,Off-Plan,116.37,3204888,102-74834-2026
2026-08-25,DUBAI CREEK HARBOUR,Valia,Apartment,2 B/R,Off-Plan,116.37,3417888,102-74872-2026
2026-08-25,DUBAI CREEK HARBOUR,Valia,Apartment,2 B/R,Off-Plan,116.37,3113350,102-74874-2026
2026-08-25,DUBAI CREEK HARBOUR,Valia,Apartment,1 B/R,Off-Plan,76.28,2173888,102-74877-2026
2026-08-25,DUBAI CREEK HARBOUR,Valia,Apartment,1 B/R,Off-Plan,76.67,2109888,102-74879-2026
2026-08-25,DUBAI CREEK HARBOUR,Valia,Apartment,2 B/R,Off-Plan,116.37,3147888,102-74902-2026
2026-08-25,DUBAI CREEK HARBOUR,Valia,Apartment,1 B/R,Off-Plan,75.89,2231888,102-74907-2026
2026-08-25,DUBAI CREEK HARBOUR,Valia,Apartment,1 B/R,Off-Plan,76.28,2285888,102-74909-2026
2026-08-25,DUBAI CREEK HARBOUR,Valia,Apartment,1 B/R,Off-Plan,77.06,2117888,102-74914-2026
2026-08-25,DUBAI CREEK HARBOUR,Valia,Apartment,3 B/R,Off-Plan,155.32,4496888,102-74916-2026
2026-08-26,DUBAI CREEK HARBOUR,Valia,Apartment,1 B/R,Off-Plan,76.28,1994888,102-74990-2026
2026-08-26,DUBAI CREEK HARBOUR,Valia,Apartment,2 B/R,Off-Plan,116.37,3068270,102-74992-2026
2026-08-26,DUBAI CREEK HARBOUR,Valia,Apartment,2 B/R,Off-Plan,116.37,3380888,102-74998-2026
2026-08-26,DUBAI CREEK HARBOUR,Valia,Apartment,2 B/R,Off-Plan,116.37,3344630,102-75001-2026
2026-08-26,DUBAI CREEK HARBOUR,Valia,Apartment,1 B/R,Off-Plan,76.28,2062888,102-75002-2026
2026-08-26,DUBAI CREEK HARBOUR,Valia,Apartment,1 B/R,Off-Plan,76.28,2047888,102-75018-2026
2026-08-26,DUBAI CREEK HARBOUR,Valia,Apartment,1 B/R,Off-Plan,76.28,2285888,102-75019-2026
2026-08-26,DUBAI CREEK HARBOUR,Creek Waters 2,Apartment,2 B/R,Off-Plan,113.04,2350000,102-75022-2026
2026-08-26,DUBAI CREEK HARBOUR,Valia,Apartment,1 B/R,Off-Plan,76.28,2006930,102-75023-2026
2026-08-26,DUBAI CREEK HARBOUR,Valia,Apartment,2 B/R,Off-Plan,116.82,3314888,102-75024-2026
2026-08-26,DUBAI CREEK HARBOUR,Valia,Apartment,1 B/R,Off-Plan,76.28,2273888,102-75033-2026
2026-08-26,DUBAI CREEK HARBOUR,Valia,Apartment,2 B/R,Off-Plan,116.37,3187888,102-75039-2026
2026-08-26,DUBAI CREEK HARBOUR,Valia,Apartment,1 B/R,Off-Plan,76.28,2074888,102-75052-2026
2026-08-26,DUBAI CREEK HARBOUR,Valia,Apartment,2 B/R,Off-Plan,116.82,3333888,102-75054-2026
2026-08-26,DUBAI CREEK HARBOUR,Valia,Apartment,2 B/R,Off-Plan,116.37,3386888,102-75067-2026
2026-08-26,DUBAI CREEK HARBOUR,Valia,Apartment,1 B/R,Off-Plan,76.28,2227888,102-75075-2026
2026-08-26,DUBAI CREEK HARBOUR,Valia,Apartment,2 B/R,Off-Plan,116.82,3258888,102-75094-2026
2026-08-26,DUBAI CREEK HARBOUR,Valia,Apartment,3 B/R,Off-Plan,157.42,4293888,102-75103-2026
2026-08-26,DUBAI CREEK HARBOUR,Creek Waters 2,Apartment,1 B/R,Off-Plan,70.3,1827888,102-75105-2026
2026-08-26,DUBAI CREEK HARBOUR,Valia,Apartment,1 B/R,Off-Plan,75.89,2214888,102-75106-2026
2026-08-26,DUBAI CREEK HARBOUR,Valia,Apartment,2 B/R,Off-Plan,116.82,3369888,102-75110-2026
2026-08-26,DUBAI CREEK HARBOUR,Valia,Apartment,2 B/R,Off-Plan,116.37,3430888,102-75113-2026
2026-08-26,DUBAI CREEK HARBOUR,Valia,Apartment,1 B/R,Off-Plan,76.28,2239888,102-75117-2026
2026-08-26,DUBAI CREEK HARBOUR,Valia,Apartment,1 B/R,Off-Plan,76.27,2131888,102-75119-2026
2026-08-27,EMAAR SOUTH,Golf Point,Apartment,1 B/R,Off-Plan,63.11,897000,102-75121-2026
2026-08-26,DUBAI CREEK HARBOUR,Valia,Apartment,2 B/R,Off-Plan,116.37,3107888,102-75125-2026
2026-08-26,DUBAI CREEK HARBOUR,Creek Bay,Apartment,1 B/R,Off-Plan,70.69,2033888,102-75145-2026
2026-08-26,DUBAI CREEK HARBOUR,Valia,Apartment,1 B/R,Off-Plan,76.28,2273888,102-75153-2026
2026-08-26,DUBAI CREEK HARBOUR,Valia,Apartment,2 B/R,Off-Plan,116.37,3460888,102-75167-2026
2026-08-26,DUBAI CREEK HARBOUR,Valia,Apartment,1 B/R,Off-Plan,76.28,2243888,102-75168-2026
2026-08-27,EMAAR SOUTH,Golf Vale,Apartment,2 B/R,Off-Plan,91.96,1983888,102-75236-2026
2026-08-27,DUBAI CREEK HARBOUR,Creek Bay,Apartment,2 B/R,Off-Plan,134.56,3403888,102-75240-2026
2026-08-27,DUBAI CREEK HARBOUR,Creek Bay,Apartment,3 B/R,Off-Plan,172.34,5806888,102-75292-2026
2026-08-27,DUBAI CREEK HARBOUR,Creek Bay,Apartment,2 B/R,Off-Plan,115.98,3896888,102-75294-2026
2026-08-27,DUBAI CREEK HARBOUR,Creek Bay,Apartment,2 B/R,Off-Plan,133.03,4534888,102-75297-2026
2026-08-27,DUBAI CREEK HARBOUR,Valia,Apartment,1 B/R,Off-Plan,76.27,2256830,102-75299-2026
2026-08-27,DUBAI CREEK HARBOUR,Valia,Apartment,1 B/R,Off-Plan,76.27,2127888,102-75301-2026
2026-08-27,DUBAI CREEK HARBOUR,Valia,Apartment,1 B/R,Off-Plan,76.27,2373888,102-75311-2026
2026-08-27,DUBAI CREEK HARBOUR,Valia,Apartment,2 B/R,Off-Plan,116.37,3525888,102-75313-2026
2026-08-27,DUBAI CREEK HARBOUR,Valia,Apartment,3 B/R,Off-Plan,155.32,4552888,102-75317-2026
2026-08-27,DUBAI CREEK HARBOUR,Valia,Apartment,2 B/R,Off-Plan,116.37,3467888,102-75320-2026
2026-08-27,DUBAI CREEK HARBOUR,Valia,Apartment,3 B/R,Off-Plan,155.32,4504888,102-75324-2026
2026-08-27,DUBAI CREEK HARBOUR,Valia,Apartment,2 B/R,Off-Plan,116.82,3261330,102-75325-2026
2026-08-27,DUBAI CREEK HARBOUR,Valia,Apartment,3 B/R,Off-Plan,155.32,4438310,102-75326-2026
2026-08-27,DUBAI CREEK HARBOUR,Valia,Apartment,3 B/R,Off-Plan,155.32,4560888,102-75332-2026
2026-08-27,DUBAI CREEK HARBOUR,Valia,Apartment,1 B/R,Off-Plan,76.27,2377888,102-75336-2026
2026-08-27,DUBAI CREEK HARBOUR,Valia,Apartment,2 B/R,Off-Plan,116.37,3531888,102-75337-2026
2026-08-27,DUBAI CREEK HARBOUR,Valia,Apartment,2 B/R,Off-Plan,116.82,3283870,102-75341-2026
2026-08-27,DUBAI CREEK HARBOUR,Valia,Apartment,2 B/R,Off-Plan,116.82,3224090,102-75346-2026
2026-08-27,DUBAI CREEK HARBOUR,Valia,Apartment,3 B/R,Off-Plan,155.32,4480888,102-75352-2026
2026-08-27,DUBAI CREEK HARBOUR,Valia,Apartment,1 B/R,Off-Plan,75.89,2024888,102-75355-2026
2026-08-27,DUBAI CREEK HARBOUR,Valia,Apartment,1 B/R,Off-Plan,75.89,2135888,102-75356-2026
2026-08-27,DUBAI CREEK HARBOUR,Valia,Apartment,2 B/R,Off-Plan,116.37,3468888,102-75360-2026
2026-08-31,EMAAR SOUTH,Golf Trails,Apartment,2 B/R,Off-Plan,109.17,1833888,102-75621-2026
2026-08-31,EMAAR SOUTH,Golf Trails,Apartment,1 B/R,Off-Plan,68.59,1258888,102-75630-2026
2026-08-31,EMAAR SOUTH,Golf Trails,Apartment,1 B/R,Off-Plan,67.08,1284888,102-75649-2026
2026-08-31,EMAAR SOUTH,Golf Trails,Apartment,1 B/R,Off-Plan,68.79,1251888,102-75731-2026
2026-08-14,DUBAI CREEK HARBOUR,Creek Beach - Savanna-Cedar-Mangrove,Apartment,2 B/R,Ready,91.46,2250000,11-22036-2026
2026-08-10,DUBAI CREEK HARBOUR,CREEK HORIZON,Apartment,3 B/R,Ready,151.07,3700000,11-23812-2026
2026-08-03,DUBAI CREEK HARBOUR,THE DUBAI CREEK RESIDENCES,Apartment,1 B/R,Ready,108.41,2040000,11-23899-2026
2026-08-03,DUBAI CREEK HARBOUR,The Grand,Apartment,1 B/R,Ready,74.54,1850000,11-23904-2026
2026-08-03,DUBAI CREEK HARBOUR,Creek Beach - Lotus,Apartment,1 B/R,Ready,70.4,1780000,11-23908-2026
2026-08-03,DUBAI CREEK HARBOUR,Creek Beach - Bayshore,Apartment,1 B/R,Ready,63.49,1500000,11-23915-2026
2026-08-03,DUBAI CREEK HARBOUR,The Grand,Apartment,2 B/R,Ready,120.1,2970000,11-23942-2026
2026-08-03,DUBAI CREEK HARBOUR,The Cove,Apartment,2 B/R,Ready,124.36,2750000,11-23978-2026
2026-08-05,DUBAI CREEK HARBOUR,CREEK RISE,Apartment,2 B/R,Ready,102.88,2550000,11-24035-2026
2026-08-04,DUBAI CREEK HARBOUR,17 ICON BAY,Apartment,1 B/R,Ready,68.98,1670000,11-24051-2026
2026-08-04,DUBAI CREEK HARBOUR,CREEK RISE,Apartment,2 B/R,Ready,102.88,2600000,11-24078-2026
2026-08-04,EMAAR SOUTH,Parkside 3,Villa,3 B/R,Ready,144.33,2130000,11-24097-2026
2026-08-05,DUBAI CREEK HARBOUR,The Grand,Apartment,2 B/R,Ready,121.39,3050000,11-24213-2026
2026-08-05,DUBAI CREEK HARBOUR,Creek Beach - Savanna-Cedar-Mangrove,Apartment,1 B/R,Ready,64.81,1560000,11-24253-2026
2026-08-05,DUBAI CREEK HARBOUR,Island Park II,Apartment,2 B/R,Ready,101.69,2400000,11-24269-2026
2026-08-05,DUBAI CREEK HARBOUR,Palace Residences - North,Apartment,1 B/R,Ready,59.63,1720000,11-24287-2026
2026-08-06,DUBAI CREEK HARBOUR,CREEKSIDE 18,Apartment,1 B/R,Ready,62.57,1537000,11-24335-2026
2026-08-07,DUBAI CREEK HARBOUR,Creek Beach - Rosewater,Apartment,2 B/R,Ready,105.38,2300000,11-24485-2026
2026-08-07,DUBAI CREEK HARBOUR,Creek Palace,Apartment,3 B/R,Ready,154.57,3400000,11-24584-2026
2026-08-10,DUBAI CREEK HARBOUR,Creek Beach - Bayshore,Apartment,1 B/R,Ready,64.12,1450000,11-24701-2026
2026-08-10,DUBAI CREEK HARBOUR,Creek Beach - Savanna-Cedar-Mangrove,Apartment,2 B/R,Ready,93.33,2250000,11-24705-2026
2026-08-10,DUBAI CREEK HARBOUR,THE DUBAI CREEK RESIDENCES,Apartment,1 B/R,Ready,91.13,2025000,11-24733-2026
2026-08-10,DUBAI CREEK HARBOUR,CREEK RISE,Apartment,1 B/R,Ready,76.81,1750000,11-24739-2026
2026-08-10,EMAAR SOUTH,Parkside,Villa,3 B/R,Ready,128.58,2125000,11-24764-2026
2026-08-10,DUBAI CREEK HARBOUR,CREEKSIDE 18,Apartment,3 B/R,Ready,150.01,3650000,11-24765-2026
2026-08-11,DUBAI CREEK HARBOUR,Creek Beach - Savanna-Cedar-Mangrove,Apartment,2 B/R,Ready,95.57,2360000,11-24815-2026
2026-08-11,DUBAI CREEK HARBOUR,THE DUBAI CREEK RESIDENCES,Apartment,1 B/R,Ready,91.14,1875000,11-24849-2026
2026-08-12,DUBAI CREEK HARBOUR,Palace Residences - North,Apartment,3 B/R,Ready,154.51,4150000,11-24973-2026
2026-08-12,DUBAI CREEK HARBOUR,THE DUBAI CREEK RESIDENCES,Apartment,2 B/R,Ready,127.11,2950000,11-24988-2026
2026-08-12,DUBAI CREEK HARBOUR,Island Park II,Apartment,3 B/R,Ready,150.52,3480000,11-25043-2026
2026-08-13,DUBAI CREEK HARBOUR,Creek Beach - Rosewater,Apartment,2 B/R,Ready,100.99,2300000,11-25188-2026
2026-08-14,EMAAR SOUTH,URBANA III,Apartment,3 B/R,Ready,199.99,2250000,11-25258-2026
2026-08-14,DUBAI CREEK HARBOUR,Creek Beach - Savanna-Cedar-Mangrove,Apartment,2 B/R,Ready,94.88,2275000,11-25367-2026
2026-08-17,DUBAI CREEK HARBOUR,CREEK RISE,Apartment,2 B/R,Ready,103.01,2590000,11-25395-2026
2026-08-18,DUBAI CREEK HARBOUR,Creek Beach - Summer,Apartment,2 B/R,Ready,123.99,2400000,11-25529-2026
2026-08-18,EMAAR SOUTH,URBANA II,Apartment,2 B/R,Ready,112.81,1315000,11-25558-2026
2026-08-19,DUBAI CREEK HARBOUR,THE DUBAI CREEK RESIDENCES,Apartment,1 B/R,Ready,108.73,2100000,11-25685-2026
2026-08-19,DUBAI CREEK HARBOUR,CREEK EDGE,Apartment,2 B/R,Ready,100.26,2700000,11-25692-2026
2026-08-19,EMAAR SOUTH,Greenview 3,Villa,3 B/R,Ready,137.77,2500000,11-25710-2026
2026-08-20,DUBAI CREEK HARBOUR,Creek Beach - Savanna-Cedar-Mangrove,Apartment,2 B/R,Ready,95.03,2420000,11-25777-2026
2026-08-21,DUBAI CREEK HARBOUR,HARBOUR VIEWS,Apartment,4 B/R,Ready,325.53,6200000,11-25902-2026
2026-08-21,DUBAI CREEK HARBOUR,Creek Beach - Savanna-Cedar-Mangrove,Apartment,1 B/R,Ready,61.89,1600000,11-25963-2026
2026-08-24,DUBAI CREEK HARBOUR,Creek Beach - Grove,Apartment,2 B/R,Ready,101.02,2000000,11-26055-2026
2026-08-24,DUBAI CREEK HARBOUR,Creek Beach - Savanna-Cedar-Mangrove,Apartment,2 B/R,Ready,97.22,2350000,11-26103-2026
2026-08-25,DUBAI CREEK HARBOUR,HARBOUR VIEWS,Apartment,3 B/R,Ready,158.61,2750000,11-26157-2026
2026-08-26,DUBAI CREEK HARBOUR,The Cove,Apartment,1 B/R,Ready,71.51,1700000,11-26162-2026
2026-08-24,EMAAR SOUTH,URBANA II,Apartment,2 B/R,Ready,151.93,1815000,11-26167-2026
2026-08-27,DUBAI CREEK HARBOUR,Harbour Gate,Apartment,2 B/R,Ready,106.71,2550000,11-26228-2026
2026-08-25,DUBAI CREEK HARBOUR,THE DUBAI CREEK RESIDENCES,Apartment,2 B/R,Ready,191.97,4500000,11-26232-2026
2026-08-25,DUBAI CREEK HARBOUR,CREEK RISE,Apartment,1 B/R,Ready,72.5,1400000,11-26257-2026
2026-08-25,EMAAR SOUTH,Parkside,Villa,4 B/R,Ready,248.11,2800000,11-26291-2026
2026-08-25,DUBAI CREEK HARBOUR,Creek Beach - Savanna-Cedar-Mangrove,Apartment,2 B/R,Ready,95.03,2310000,11-26304-2026
2026-08-26,EMAAR SOUTH,Parkside 2,Villa,4 B/R,Ready,332.95,2920000,11-26429-2026
2026-08-26,DUBAI CREEK HARBOUR,CREEK HORIZON,Apartment,2 B/R,Ready,112.75,2700000,11-26438-2026
2026-08-26,EMAAR SOUTH,Parkside 2,Villa,3 B/R,Ready,137.76,2150000,11-26455-2026
2026-08-27,DUBAI CREEK HARBOUR,Harbour Gate,Apartment,2 B/R,Ready,100.5,2310000,11-26491-2026
2026-08-27,DUBAI CREEK HARBOUR,Harbour Gate,Apartment,1 B/R,Ready,63.52,1430000,11-26502-2026
2026-08-27,DUBAI CREEK HARBOUR,CREEK HORIZON,Apartment,1 B/R,Ready,71.39,1670000,11-26531-2026
2026-08-27,DUBAI CREEK HARBOUR,The Cove ll,Apartment,1 B/R,Ready,68.16,1650000,11-26535-2026
2026-08-27,DUBAI CREEK HARBOUR,THE DUBAI CREEK RESIDENCES,Apartment,2 B/R,Ready,263.63,3500000,11-26539-2026
2026-08-31,EMAAR SOUTH,Greenview 2,Villa,4 B/R,Ready,285.4,3180000,11-26699-2026
2026-08-31,DUBAI CREEK HARBOUR,THE DUBAI CREEK RESIDENCES,Apartment,2 B/R,Ready,144.52,3250000,11-26735-2026
2026-08-31,DUBAI CREEK HARBOUR,THE DUBAI CREEK RESIDENCES,Apartment,1 B/R,Ready,108.73,2042000,11-26738-2026
2026-08-31,DUBAI CREEK HARBOUR,Harbour Gate,Apartment,2 B/R,Ready,111.76,2420000,11-26767-2026
2026-08-31,DUBAI CREEK HARBOUR,CREEK RISE,Apartment,2 B/R,Ready,103.01,2550000,11-26791-2026
2026-08-31,DUBAI CREEK HARBOUR,Harbour Gate,Apartment,2 B/R,Ready,106.72,2660000,11-26803-2026
2026-08-06,DUBAI CREEK HARBOUR,The Cove ll,Apartment,3 B/R,Ready,145.71,4600000,41-10663-2026
2026-08-07,DUBAI CREEK HARBOUR,Palace Residences - Dubai Creek Harbour,Apartment,2 B/R,Ready,110.28,3350000,41-10696-2026
2026-08-07,DUBAI CREEK HARBOUR,The Cove ll,Apartment,3 B/R,Ready,145.71,4650000,41-10700-2026
2026-08-07,DUBAI CREEK HARBOUR,Creek Gate,Apartment,3 B/R,Ready,137.49,3200000,41-10706-2026
2026-08-10,DUBAI CREEK HARBOUR,The Cove ll,Apartment,2 B/R,Ready,129.09,2900000,41-10796-2026
2026-08-18,EMAAR SOUTH,Greenview 2,Villa,3 B/R,Ready,141.6,2300000,41-11135-2026
2026-08-20,DUBAI CREEK HARBOUR,The Cove ll,Apartment,2 B/R,Ready,105.55,2500000,41-11971-2026
2026-08-21,DUBAI CREEK HARBOUR,The Cove ll,Apartment,1 B/R,Ready,68.16,1535000,41-12068-2026
2026-08-26,DUBAI CREEK HARBOUR,The Cove ll,Apartment,3 B/R,Ready,145.09,4300000,41-12486-2026
2026-09-01,DUBAI CREEK HARBOUR,Valia,Apartment,1 B/R,Off-Plan,76.28,2070888,102-76011-2026
2026-09-01,DUBAI CREEK HARBOUR,Valia,Apartment,1 B/R,Off-Plan,76.67,2155888,102-76034-2026
2026-09-01,DUBAI CREEK HARBOUR,Valia,Apartment,1 B/R,Off-Plan,77.06,2152888,102-76037-2026
2026-09-01,DUBAI CREEK HARBOUR,Valia,Apartment,1 B/R,Off-Plan,77.06,2167888,102-76039-2026
2026-09-01,DUBAI CREEK HARBOUR,Valia,Apartment,1 B/R,Off-Plan,75.89,2009888,102-76040-2026
2026-09-01,DUBAI CREEK HARBOUR,Valia,Apartment,2 B/R,Off-Plan,116.37,3436888,102-76043-2026
2026-09-01,DUBAI CREEK HARBOUR,Valia,Apartment,1 B/R,Off-Plan,76.28,2025550,102-76045-2026
2026-09-01,DUBAI CREEK HARBOUR,Valia,Apartment,1 B/R,Off-Plan,76.28,2235888,102-76048-2026
2026-09-01,DUBAI CREEK HARBOUR,Valia,Apartment,1 B/R,Off-Plan,77.06,2163888,102-76051-2026
2026-09-01,DUBAI CREEK HARBOUR,Valia,Apartment,3 B/R,Off-Plan,155.32,4520888,102-76052-2026
2026-09-01,DUBAI CREEK HARBOUR,Valia,Apartment,1 B/R,Off-Plan,76.27,2356888,102-76053-2026
2026-09-01,DUBAI CREEK HARBOUR,Valia,Apartment,1 B/R,Off-Plan,76.67,2151888,102-76057-2026
2026-09-01,DUBAI CREEK HARBOUR,Valia,Apartment,2 B/R,Off-Plan,116.37,3499888,102-76058-2026
2026-09-01,DUBAI CREEK HARBOUR,Valia,Apartment,1 B/R,Off-Plan,76.67,2128888,102-76061-2026
2026-09-01,EMAAR SOUTH,Golf Trails,Apartment,1 B/R,Off-Plan,68.59,1267888,102-76064-2026
2026-09-01,EMAAR SOUTH,Golf Trails,Apartment,1 B/R,Off-Plan,68.59,1255888,102-76069-2026
2026-09-01,DUBAI CREEK HARBOUR,Valia,Apartment,3 B/R,Off-Plan,155.32,4512888,102-76072-2026
2026-09-01,DUBAI CREEK HARBOUR,Valia,Apartment,2 B/R,Off-Plan,116.37,3181888,102-76073-2026
2026-09-01,DUBAI CREEK HARBOUR,Valia,Apartment,3 B/R,Off-Plan,155.32,4239252,102-76075-2026
2026-09-01,DUBAI CREEK HARBOUR,Valia,Apartment,1 B/R,Off-Plan,76.28,2200888,102-76080-2026
2026-09-01,DUBAI CREEK HARBOUR,Valia,Apartment,1 B/R,Off-Plan,76.28,2066888,102-76082-2026
2026-09-01,DUBAI CREEK HARBOUR,Valia,Apartment,1 B/R,Off-Plan,75.89,2247888,102-76083-2026
2026-09-01,DUBAI CREEK HARBOUR,Valia,Apartment,1 B/R,Off-Plan,76.27,2100888,102-76086-2026
2026-09-01,DUBAI CREEK HARBOUR,Valia,Apartment,2 B/R,Off-Plan,116.37,3176888,102-76089-2026
2026-09-01,DUBAI CREEK HARBOUR,Valia,Apartment,1 B/R,Off-Plan,77.06,2159888,102-76094-2026
2026-09-01,DUBAI CREEK HARBOUR,Valia,Apartment,1 B/R,Off-Plan,75.89,1967888,102-76096-2026
2026-09-01,DUBAI CREEK HARBOUR,Valia,Apartment,1 B/R,Off-Plan,76.27,2142888,102-76099-2026
2026-09-01,EMAAR SOUTH,Golf Trails,Apartment,2 B/R,Off-Plan,102.05,1925888,102-76115-2026
2026-09-01,EMAAR SOUTH,Golf Trails,Apartment,2 B/R,Off-Plan,101.98,2146888,102-76118-2026
2026-09-01,EMAAR SOUTH,Golf Trails,Apartment,2 B/R,Off-Plan,109.17,1844888,102-76135-2026
2026-09-01,EMAAR SOUTH,Golf Trails,Apartment,1 B/R,Off-Plan,69.96,1295888,102-76153-2026
2026-09-01,EMAAR SOUTH,Golf Vale,Apartment,2 B/R,Off-Plan,91.95,1632888,102-76169-2026
2026-09-02,DUBAI CREEK HARBOUR,Valia,Apartment,1 B/R,Off-Plan,76.28,2005888,102-76222-2026
2026-09-02,DUBAI CREEK HARBOUR,Valia,Apartment,1 B/R,Off-Plan,76.67,2132888,102-76223-2026
2026-09-02,DUBAI CREEK HARBOUR,Valia,Apartment,4 B/R,Off-Plan,237.93,6987888,102-76224-2026
2026-09-02,DUBAI CREEK HARBOUR,Creek Haven,Apartment,2 B/R,Off-Plan,110.87,3970888,102-76225-2026
2026-09-02,DUBAI CREEK HARBOUR,Valia,Apartment,1 B/R,Off-Plan,76.27,2161888,102-76226-2026
2026-09-02,DUBAI CREEK HARBOUR,Valia,Apartment,2 B/R,Off-Plan,116.82,3074888,102-76227-2026
2026-09-02,DUBAI CREEK HARBOUR,Valia,Apartment,2 B/R,Off-Plan,116.82,3040888,102-76228-2026
2026-09-02,DUBAI CREEK HARBOUR,Valia,Apartment,2 B/R,Off-Plan,116.37,3181888,102-76229-2026
2026-09-02,DUBAI CREEK HARBOUR,VALO,Apartment,1 B/R,Off-Plan,71.65,1600000,102-76305-2026
2026-09-03,EMAAR SOUTH,Golf Trails,Apartment,1 B/R,Off-Plan,68.59,1260888,102-76675-2026
2026-09-03,EMAAR SOUTH,Golf Trails,Apartment,1 B/R,Off-Plan,67.18,1281888,102-76695-2026
2026-09-03,EMAAR SOUTH,Golf Trails,Apartment,2 B/R,Off-Plan,109.17,1823888,102-76734-2026
2026-09-03,DUBAI CREEK HARBOUR,Valia,Apartment,1 B/R,Off-Plan,76.28,2017888,102-76827-2026
2026-09-03,DUBAI CREEK HARBOUR,Creek Waters 2,Apartment,2 B/R,Off-Plan,112.7,2550000,102-76839-2026
2026-09-04,DUBAI CREEK HARBOUR,Altus,Apartment,1 B/R,Off-Plan,69.29,1848888,102-77048-2026
2026-09-04,DUBAI CREEK HARBOUR,Valia,Apartment,3 B/R,Off-Plan,155.32,4423888,102-77090-2026
2026-09-04,DUBAI CREEK HARBOUR,Creek Bay,Apartment,2 B/R,Off-Plan,115.98,3603732,102-77092-2026
2026-09-04,DUBAI CREEK HARBOUR,Valia,Apartment,1 B/R,Off-Plan,75.89,2095888,102-77093-2026
2026-09-04,DUBAI CREEK HARBOUR,Valia,Apartment,1 B/R,Off-Plan,75.89,2032888,102-77094-2026
2026-09-04,DUBAI CREEK HARBOUR,Valia,Apartment,1 B/R,Off-Plan,76.28,2256888,102-77095-2026
2026-09-04,DUBAI CREEK HARBOUR,Valia,Apartment,1 B/R,Off-Plan,76.28,2196941,102-77096-2026
2026-09-04,DUBAI CREEK HARBOUR,Valia,Apartment,2 B/R,Off-Plan,116.37,3518888,102-77098-2026
2026-09-04,DUBAI CREEK HARBOUR,Valia,Apartment,1 B/R,Off-Plan,75.89,2051888,102-77105-2026
2026-09-04,DUBAI CREEK HARBOUR,Valia,Apartment,1 B/R,Off-Plan,76.67,2113888,102-77106-2026
2026-09-04,DUBAI CREEK HARBOUR,Valia,Apartment,2 B/R,Off-Plan,116.37,3399888,102-77107-2026
2026-09-04,DUBAI CREEK HARBOUR,Valia,Apartment,2 B/R,Off-Plan,116.82,3034888,102-77108-2026
2026-09-04,DUBAI CREEK HARBOUR,Valia,Apartment,2 B/R,Off-Plan,116.82,3407888,102-77109-2026
2026-09-04,DUBAI CREEK HARBOUR,Valia,Apartment,1 B/R,Off-Plan,75.89,2251888,102-77110-2026
2026-09-04,DUBAI CREEK HARBOUR,Valia,Apartment,2 B/R,Off-Plan,116.37,3430888,102-77111-2026
2026-09-04,DUBAI CREEK HARBOUR,Valia,Apartment,1 B/R,Off-Plan,76.27,2331888,102-77112-2026
2026-09-04,DUBAI CREEK HARBOUR,Valia,Apartment,2 B/R,Off-Plan,116.82,3097888,102-77113-2026
2026-09-04,DUBAI CREEK HARBOUR,Valia,Apartment,1 B/R,Off-Plan,76.27,2319888,102-77114-2026
2026-09-04,DUBAI CREEK HARBOUR,Creek Haven,Apartment,2 B/R,Off-Plan,111.76,3571888,102-77120-2026
2026-09-04,DUBAI CREEK HARBOUR,Valia,Apartment,1 B/R,Off-Plan,75.89,1990888,102-77121-2026
2026-09-04,DUBAI CREEK HARBOUR,Valia,Apartment,2 B/R,Off-Plan,116.82,3319888,102-77122-2026
2026-09-04,DUBAI CREEK HARBOUR,Valia,Apartment,1 B/R,Off-Plan,76.27,2340888,102-77125-2026
2026-09-04,DUBAI CREEK HARBOUR,Valia,Apartment,1 B/R,Off-Plan,76.28,2062888,102-77127-2026
2026-09-04,DUBAI CREEK HARBOUR,Valia,Apartment,1 B/R,Off-Plan,76.28,2252888,102-77129-2026
2026-09-04,DUBAI CREEK HARBOUR,Creek Bay,Apartment,2 B/R,Off-Plan,133.03,4467888,102-77131-2026
2026-09-04,DUBAI CREEK HARBOUR,Valia,Apartment,1 B/R,Off-Plan,77.06,2128888,102-77136-2026
2026-09-04,DUBAI CREEK HARBOUR,Valia,Apartment,2 B/R,Off-Plan,116.37,3481888,102-77140-2026
2026-09-04,DUBAI CREEK HARBOUR,Valia,Apartment,1 B/R,Off-Plan,76.27,2138888,102-77143-2026
2026-09-04,DUBAI CREEK HARBOUR,Valia,Apartment,2 B/R,Off-Plan,116.37,3147888,102-77144-2026
2026-09-04,DUBAI CREEK HARBOUR,Valia,Apartment,2 B/R,Off-Plan,116.37,3119888,102-77147-2026
2026-09-04,DUBAI CREEK HARBOUR,Valia,Apartment,2 B/R,Off-Plan,116.37,3136888,102-77155-2026
2026-09-04,DUBAI CREEK HARBOUR,Valia,Apartment,1 B/R,Off-Plan,75.89,2028490,102-77157-2026
2026-09-04,DUBAI CREEK HARBOUR,Valia,Apartment,2 B/R,Off-Plan,116.37,3474888,102-77158-2026
2026-09-04,DUBAI CREEK HARBOUR,Valia,Apartment,2 B/R,Off-Plan,116.82,3086888,102-77163-2026
2026-09-04,DUBAI CREEK HARBOUR,Valia,Apartment,2 B/R,Off-Plan,116.37,3170888,102-77168-2026
2026-09-04,DUBAI CREEK HARBOUR,Valia,Apartment,2 B/R,Off-Plan,116.37,3436750,102-77169-2026
2026-09-04,DUBAI CREEK HARBOUR,Valia,Apartment,1 B/R,Off-Plan,76.28,2269888,102-77170-2026
2026-09-04,DUBAI CREEK HARBOUR,Valia,Apartment,1 B/R,Off-Plan,76.28,2078888,102-77176-2026
2026-09-04,DUBAI CREEK HARBOUR,Valia,Apartment,1 B/R,Off-Plan,76.67,2174888,102-77179-2026
2026-09-04,DUBAI CREEK HARBOUR,Valia,Apartment,1 B/R,Off-Plan,76.27,2089888,102-77183-2026
2026-09-04,DUBAI CREEK HARBOUR,Valia,Apartment,1 B/R,Off-Plan,75.89,2066888,102-77186-2026
2026-09-04,DUBAI CREEK HARBOUR,Valia,Apartment,4 B/R,Off-Plan,237.91,7103888,102-77188-2026
2026-09-04,DUBAI CREEK HARBOUR,Valia,Apartment,1 B/R,Off-Plan,76.28,2227888,102-77190-2026
2026-09-04,DUBAI CREEK HARBOUR,Creek Bay,Apartment,2 B/R,Off-Plan,133.19,4624888,102-77198-2026
2026-09-04,DUBAI CREEK HARBOUR,Valia,Apartment,1 B/R,Off-Plan,76.27,2096888,102-77205-2026
2026-09-07,DUBAI CREEK HARBOUR,Valia,Apartment,1 B/R,Off-Plan,76.27,2119888,102-77425-2026
2026-09-07,DUBAI CREEK HARBOUR,Valia,Apartment,1 B/R,Off-Plan,76.28,2264888,102-77426-2026
2026-09-07,DUBAI CREEK HARBOUR,Valia,Apartment,2 B/R,Off-Plan,116.37,3124888,102-77427-2026
2026-09-07,DUBAI CREEK HARBOUR,Valia,Apartment,2 B/R,Off-Plan,116.37,3159888,102-77428-2026
2026-09-07,DUBAI CREEK HARBOUR,Valia,Apartment,1 B/R,Off-Plan,76.28,2024888,102-77429-2026
2026-09-07,DUBAI CREEK HARBOUR,Valia,Apartment,1 B/R,Off-Plan,76.28,2143150,102-77430-2026
2026-09-07,DUBAI CREEK HARBOUR,Valia,Apartment,2 B/R,Off-Plan,116.37,3418888,102-77431-2026
2026-09-07,DUBAI CREEK HARBOUR,Valia,Apartment,1 B/R,Off-Plan,75.89,2058888,102-77432-2026
2026-09-07,DUBAI CREEK HARBOUR,Valia,Apartment,1 B/R,Off-Plan,76.27,2344888,102-77433-2026
2026-09-07,DUBAI CREEK HARBOUR,Valia,Apartment,1 B/R,Off-Plan,75.89,2201888,102-77434-2026
2026-09-07,DUBAI CREEK HARBOUR,Valia,Apartment,1 B/R,Off-Plan,75.89,2047888,102-77435-2026
2026-09-07,DUBAI CREEK HARBOUR,Valia,Apartment,1 B/R,Off-Plan,76.28,2269888,102-77436-2026
2026-09-07,DUBAI CREEK HARBOUR,Valia,Apartment,3 B/R,Off-Plan,155.32,4455888,102-77437-2026
2026-09-07,DUBAI CREEK HARBOUR,Valia,Apartment,1 B/R,Off-Plan,76.28,2070888,102-77438-2026
2026-09-07,DUBAI CREEK HARBOUR,Valia,Apartment,2 B/R,Off-Plan,116.37,3375010,102-77439-2026
2026-09-07,DUBAI CREEK HARBOUR,Valia,Apartment,1 B/R,Off-Plan,76.27,2314888,102-77440-2026
2026-09-07,DUBAI CREEK HARBOUR,Valia,Apartment,2 B/R,Off-Plan,116.37,3124888,102-77441-2026
2026-09-07,DUBAI CREEK HARBOUR,Valia,Apartment,1 B/R,Off-Plan,75.89,2013888,102-77442-2026
2026-09-07,DUBAI CREEK HARBOUR,Valia,Apartment,2 B/R,Off-Plan,116.82,3382888,102-77443-2026
2026-09-07,EMAAR SOUTH,Golf Trails,Apartment,1 B/R,Off-Plan,70.17,1273888,102-77458-2026
2026-09-07,DUBAI CREEK HARBOUR,Valia,Apartment,2 B/R,Off-Plan,116.37,3442888,102-77477-2026
2026-09-07,DUBAI CREEK HARBOUR,Valia,Apartment,1 B/R,Off-Plan,76.28,2235888,102-77490-2026
2026-09-07,DUBAI CREEK HARBOUR,Valia,Apartment,1 B/R,Off-Plan,76.27,2327888,102-77493-2026
2026-09-07,EMAAR SOUTH,Golf Point,Apartment,1 B/R,Off-Plan,63.07,868888,102-77522-2026
2026-09-07,DUBAI CREEK HARBOUR,Valia,Apartment,1 B/R,Off-Plan,75.89,2268888,102-77524-2026
2026-09-08,EMAAR SOUTH,Golf Trails,Apartment,2 B/R,Off-Plan,109.3,1848888,102-77709-2026
2026-09-08,DUBAI CREEK HARBOUR,Creek Haven,Apartment,2 B/R,Off-Plan,111.78,3288888,102-77791-2026
2026-09-08,DUBAI CREEK HARBOUR,Valia,Apartment,1 B/R,Off-Plan,76.28,2039888,102-77821-2026
2026-09-08,DUBAI CREEK HARBOUR,Valia,Apartment,2 B/R,Off-Plan,116.82,3345888,102-77823-2026
2026-09-08,DUBAI CREEK HARBOUR,Valia,Apartment,2 B/R,Off-Plan,116.37,3356888,102-77825-2026
2026-09-08,DUBAI CREEK HARBOUR,Valia,Apartment,1 B/R,Off-Plan,75.89,2222888,102-77827-2026
2026-09-08,DUBAI CREEK HARBOUR,Valia,Apartment,1 B/R,Off-Plan,77.06,2155888,102-77829-2026
2026-09-08,EMAAR SOUTH,Golf Trails,Apartment,2 B/R,Off-Plan,102.37,2161770,102-77831-2026
2026-09-08,EMAAR SOUTH,Golf Trails,Apartment,2 B/R,Off-Plan,109.17,1819888,102-77834-2026
2026-09-08,EMAAR SOUTH,Golf Vale,Apartment,2 B/R,Off-Plan,91.96,1618850,102-77841-2026
2026-09-08,DUBAI CREEK HARBOUR,Valia,Apartment,3 B/R,Off-Plan,157.42,4301888,102-77864-2026
2026-09-08,DUBAI CREEK HARBOUR,Valia,Apartment,1 B/R,Off-Plan,76.28,2281888,102-77873-2026
2026-09-08,DUBAI CREEK HARBOUR,Valia,Apartment,3 B/R,Off-Plan,155.32,4407888,102-77884-2026
2026-09-08,DUBAI CREEK HARBOUR,Creek Bay,Apartment,2 B/R,Off-Plan,134.5,3432888,102-77896-2026
2026-09-08,DUBAI CREEK HARBOUR,Valia,Apartment,1 B/R,Off-Plan,75.89,2256888,102-77899-2026
2026-09-08,DUBAI CREEK HARBOUR,Valia,Apartment,2 B/R,Off-Plan,116.37,3423888,102-77902-2026
2026-09-09,DUBAI CREEK HARBOUR,Valia,Apartment,1 B/R,Off-Plan,76.27,2335888,102-77988-2026
2026-09-09,EMAAR SOUTH,Golf Trails,Apartment,2 B/R,Off-Plan,102.15,2301888,102-77991-2026
2026-09-09,EMAAR SOUTH,Golf Trails,Apartment,2 B/R,Off-Plan,102.15,2314888,102-77993-2026
2026-09-09,EMAAR SOUTH,Golf Trails,Apartment,1 B/R,Off-Plan,68.79,1268888,102-77995-2026
2026-09-09,DUBAI CREEK HARBOUR,Valia,Apartment,1 B/R,Off-Plan,76.28,2200888,102-78036-2026
2026-09-09,DUBAI CREEK HARBOUR,Valia,Apartment,2 B/R,Off-Plan,116.82,3308370,102-78051-2026
2026-09-09,DUBAI CREEK HARBOUR,Valia,Apartment,2 B/R,Off-Plan,116.82,3320888,102-78088-2026
2026-09-09,DUBAI CREEK HARBOUR,Valia,Apartment,1 B/R,Off-Plan,76.28,2032888,102-78160-2026
2026-09-09,DUBAI CREEK HARBOUR,Valia,Apartment,1 B/R,Off-Plan,76.27,2298888,102-78170-2026
2026-09-09,DUBAI CREEK HARBOUR,Valia,Apartment,1 B/R,Off-Plan,76.67,2139888,102-78189-2026
2026-09-09,DUBAI CREEK HARBOUR,Valia,Apartment,1 B/R,Off-Plan,76.28,2134888,102-78206-2026
2026-09-09,DUBAI CREEK HARBOUR,Valia,Apartment,1 B/R,Off-Plan,76.28,2160888,102-78213-2026
2026-09-09,DUBAI CREEK HARBOUR,Valia,Apartment,1 B/R,Off-Plan,76.28,2213888,102-78226-2026
2026-09-09,DUBAI CREEK HARBOUR,Valia,Apartment,2 B/R,Off-Plan,116.82,3394888,102-78249-2026
2026-09-09,DUBAI CREEK HARBOUR,Valia,Apartment,2 B/R,Off-Plan,116.82,3092888,102-78266-2026
2026-09-09,DUBAI CREEK HARBOUR,Valia,Apartment,2 B/R,Off-Plan,116.37,3454888,102-78274-2026
2026-09-09,DUBAI CREEK HARBOUR,Valia,Apartment,1 B/R,Off-Plan,76.28,2013888,102-78278-2026
2026-09-09,DUBAI CREEK HARBOUR,Valia,Apartment,3 B/R,Off-Plan,153.49,4105888,102-78305-2026
2026-09-09,DUBAI CREEK HARBOUR,Valia,Apartment,1 B/R,Off-Plan,75.89,2226888,102-78311-2026
2026-09-09,DUBAI CREEK HARBOUR,Valia,Apartment,1 B/R,Off-Plan,76.28,2252888,102-78318-2026
2026-09-09,DUBAI CREEK HARBOUR,Valia,Apartment,1 B/R,Off-Plan,76.28,2065730,102-78324-2026
2026-09-09,DUBAI CREEK HARBOUR,Valia,Apartment,3 B/R,Off-Plan,155.32,4399888,102-78354-2026
2026-09-10,DUBAI CREEK HARBOUR,Valia,Apartment,2 B/R,Off-Plan,116.37,3455888,102-78499-2026
2026-09-10,DUBAI CREEK HARBOUR,Valia,Apartment,3 B/R,Off-Plan,155.32,4464888,102-78500-2026
2026-09-10,DUBAI CREEK HARBOUR,Valia,Apartment,1 B/R,Off-Plan,77.06,2140888,102-78501-2026
2026-09-10,EMAAR SOUTH,Golf Trails,Apartment,2 B/R,Off-Plan,109.28,2473888,102-78503-2026
2026-09-10,DUBAI CREEK HARBOUR,Valia,Apartment,1 B/R,Off-Plan,76.67,2105888,102-78518-2026
2026-09-11,EMAAR SOUTH,Greenway 2,Villa,4 B/R,Off-Plan,254.29,3100000,102-78563-2026
2026-09-10,DUBAI CREEK HARBOUR,Lyvia by Palace,Apartment,3 B/R,Off-Plan,170.5,4420888,102-78581-2026
2026-09-10,DUBAI CREEK HARBOUR,Creek Haven,Apartment,2 B/R,Off-Plan,110.86,3790888,102-78582-2026
2026-09-10,DUBAI CREEK HARBOUR,Creek Bay,Apartment,2 B/R,Off-Plan,134.76,3264888,102-78587-2026
2026-09-10,DUBAI CREEK HARBOUR,Valia,Apartment,1 B/R,Off-Plan,76.28,2277888,102-78590-2026
2026-09-10,DUBAI CREEK HARBOUR,Valia,Apartment,1 B/R,Off-Plan,76.28,2120888,102-78593-2026
2026-09-10,DUBAI CREEK HARBOUR,Valia,Apartment,1 B/R,Off-Plan,76.27,2322490,102-78609-2026
2026-09-10,DUBAI CREEK HARBOUR,Valia,Apartment,1 B/R,Off-Plan,76.67,2147888,102-78611-2026
2026-09-10,DUBAI CREEK HARBOUR,Valia,Apartment,2 B/R,Off-Plan,116.82,3200888,102-78612-2026
2026-09-10,DUBAI CREEK HARBOUR,Valia,Apartment,1 B/R,Off-Plan,76.28,2059888,102-78616-2026
2026-09-10,DUBAI CREEK HARBOUR,Valia,Apartment,2 B/R,Off-Plan,116.37,3113888,102-78619-2026
2026-09-10,DUBAI CREEK HARBOUR,Valia,Apartment,2 B/R,Off-Plan,116.82,3201888,102-78620-2026
2026-09-10,DUBAI CREEK HARBOUR,Valia,Apartment,1 B/R,Off-Plan,76.47,2237888,102-78622-2026
2026-09-10,DUBAI CREEK HARBOUR,Creek Bay,Apartment,2 B/R,Off-Plan,134.5,3411429,102-78624-2026
2026-09-10,DUBAI CREEK HARBOUR,Valia,Apartment,2 B/R,Off-Plan,116.82,3074888,102-78628-2026
2026-09-10,EMAAR SOUTH,Golf Trails,Apartment,2 B/R,Off-Plan,101.98,2195090,102-78661-2026
2026-09-10,DUBAI CREEK HARBOUR,Creek Bay,Apartment,2 B/R,Off-Plan,134.56,3421888,102-78676-2026
2026-09-10,DUBAI CREEK HARBOUR,Valia,Apartment,1 B/R,Off-Plan,76.28,2248888,102-78683-2026
2026-09-10,DUBAI CREEK HARBOUR,Valia,Apartment,1 B/R,Off-Plan,76.67,2120888,102-78697-2026
2026-09-10,DUBAI CREEK HARBOUR,Valia,Apartment,1 B/R,Off-Plan,76.27,2310888,102-78710-2026
2026-09-10,DUBAI CREEK HARBOUR,Valia,Apartment,2 B/R,Off-Plan,116.82,3059450,102-78719-2026
2026-09-10,DUBAI CREEK HARBOUR,Valia,Apartment,1 B/R,Off-Plan,76.28,2059888,102-78731-2026
2026-09-10,DUBAI CREEK HARBOUR,Valia,Apartment,2 B/R,Off-Plan,116.82,3338888,102-78792-2026
2026-09-11,DUBAI CREEK HARBOUR,Valia,Apartment,1 B/R,Off-Plan,75.89,2272888,102-78909-2026
2026-09-11,DUBAI CREEK HARBOUR,Valia,Apartment,2 B/R,Off-Plan,116.37,3424010,102-78910-2026
2026-09-11,DUBAI CREEK HARBOUR,Valia,Apartment,1 B/R,Off-Plan,76.27,2116888,102-78911-2026
2026-09-11,DUBAI CREEK HARBOUR,Valia,Apartment,2 B/R,Off-Plan,116.37,3164888,102-78912-2026
2026-09-11,EMAAR SOUTH,Golf Trails,Apartment,2 B/R,Off-Plan,109.3,1830888,102-78916-2026
2026-09-11,DUBAI CREEK HARBOUR,Valia,Apartment,3 B/R,Off-Plan,157.42,4293888,102-78923-2026
2026-09-11,DUBAI CREEK HARBOUR,Valia,Apartment,1 B/R,Off-Plan,77.06,2132888,102-78932-2026
2026-09-11,DUBAI CREEK HARBOUR,Valia,Apartment,1 B/R,Off-Plan,76.27,2158888,102-78935-2026
2026-09-11,DUBAI CREEK HARBOUR,Valia,Apartment,1 B/R,Off-Plan,76.28,2020888,102-78950-2026
2026-09-11,DUBAI CREEK HARBOUR,Valia,Apartment,1 B/R,Off-Plan,76.28,2001888,102-78952-2026
2026-09-11,DUBAI CREEK HARBOUR,Valia,Apartment,1 B/R,Off-Plan,76.67,2101888,102-78956-2026
2026-09-11,DUBAI CREEK HARBOUR,Valia,Apartment,2 B/R,Off-Plan,116.37,3101888,102-78965-2026
2026-09-11,DUBAI CREEK HARBOUR,Valia,Apartment,2 B/R,Off-Plan,116.82,3308888,102-78969-2026
2026-09-11,DUBAI CREEK HARBOUR,Valia,Apartment,1 B/R,Off-Plan,76.67,2124888,102-78974-2026
2026-09-11,DUBAI CREEK HARBOUR,VALO,Apartment,1 B/R,Off-Plan,69.84,1885888,102-78980-2026
2026-09-11,DUBAI CREEK HARBOUR,Valia,Apartment,1 B/R,Off-Plan,77.06,2121888,102-78992-2026
2026-09-11,DUBAI CREEK HARBOUR,Valia,Apartment,1 B/R,Off-Plan,76.28,2078888,102-79000-2026
2026-09-11,DUBAI CREEK HARBOUR,Valia,Apartment,1 B/R,Off-Plan,75.89,2161888,102-79013-2026
2026-09-11,DUBAI CREEK HARBOUR,Valia,Apartment,2 B/R,Off-Plan,116.37,3405888,102-79029-2026
2026-09-11,DUBAI CREEK HARBOUR,Valia,Apartment,1 B/R,Off-Plan,76.28,2256888,102-79038-2026
2026-09-11,DUBAI CREEK HARBOUR,Valia,Apartment,2 B/R,Off-Plan,116.37,3101888,102-79058-2026
2026-09-11,DUBAI CREEK HARBOUR,Valia,Apartment,1 B/R,Off-Plan,76.28,2239888,102-79104-2026
2026-09-11,DUBAI CREEK HARBOUR,Valia,Apartment,1 B/R,Off-Plan,76.28,2173888,102-79110-2026
2026-09-14,DUBAI CREEK HARBOUR,Valia,Apartment,4 B/R,Off-Plan,237.91,7116888,102-79400-2026
2026-09-14,DUBAI CREEK HARBOUR,Valia,Apartment,2 B/R,Off-Plan,116.37,3198888,102-79401-2026
2026-09-14,DUBAI CREEK HARBOUR,Creek Bay,Apartment,2 B/R,Off-Plan,133.03,4297190,102-79402-2026
2026-09-14,DUBAI CREEK HARBOUR,Creek Bay,Apartment,2 B/R,Off-Plan,134.56,3319231,102-79403-2026
2026-09-14,DUBAI CREEK HARBOUR,Valia,Apartment,1 B/R,Off-Plan,76.28,2160888,102-79404-2026
2026-09-14,DUBAI CREEK HARBOUR,Valia,Apartment,1 B/R,Off-Plan,75.89,2035888,102-79405-2026
2026-09-14,DUBAI CREEK HARBOUR,Valia,Apartment,2 B/R,Off-Plan,116.82,3290730,102-79407-2026
2026-09-14,DUBAI CREEK HARBOUR,Valia,Apartment,1 B/R,Off-Plan,75.89,2148888,102-79415-2026
2026-09-14,DUBAI CREEK HARBOUR,Albero,Apartment,3 B/R,Off-Plan,171.7,4267888,102-79455-2026
2026-09-14,DUBAI CREEK HARBOUR,Valia,Apartment,1 B/R,Off-Plan,76.28,2039888,102-79535-2026
2026-09-14,EMAAR SOUTH,Golf Trails,Apartment,2 B/R,Off-Plan,109.28,2487888,102-79554-2026
2026-09-14,DUBAI CREEK HARBOUR,Creek Waters 2,Apartment,2 B/R,Off-Plan,115.58,2849888,102-79567-2026
2026-09-14,DUBAI CREEK HARBOUR,Valia,Apartment,1 B/R,Off-Plan,76.08,2224888,102-79586-2026
2026-09-15,DUBAI CREEK HARBOUR,Creek Haven,Apartment,2 B/R,Off-Plan,110.87,3934888,102-79781-2026
2026-09-15,EMAAR SOUTH,Golf Vale,Apartment,2 B/R,Off-Plan,91.62,1556888,102-79825-2026
2026-09-15,DUBAI CREEK HARBOUR,Valia,Apartment,1 B/R,Off-Plan,76.27,2293888,102-79860-2026
2026-09-15,EMAAR SOUTH,Golf Trails,Apartment,2 B/R,Off-Plan,109.17,1790350,102-79866-2026
2026-09-16,DUBAI CREEK HARBOUR,Valia,Apartment,2 B/R,Off-Plan,116.82,3133961,102-79927-2026
2026-09-16,DUBAI CREEK HARBOUR,Valia,Apartment,1 B/R,Off-Plan,76.27,2289888,102-79928-2026
2026-09-16,DUBAI CREEK HARBOUR,Valia,Apartment,3 B/R,Off-Plan,155.32,4391888,102-79932-2026
2026-09-16,DUBAI CREEK HARBOUR,Valia,Apartment,2 B/R,Off-Plan,116.37,3337888,102-79934-2026
2026-09-16,DUBAI CREEK HARBOUR,Altan,Apartment,2 B/R,Off-Plan,133.34,3289888,102-79937-2026
2026-09-16,DUBAI CREEK HARBOUR,Valia,Apartment,1 B/R,Off-Plan,76.28,2043888,102-79939-2026
2026-09-16,DUBAI CREEK HARBOUR,Valia,Apartment,3 B/R,Off-Plan,157.42,4308888,102-79945-2026
2026-09-16,DUBAI CREEK HARBOUR,Valia,Apartment,1 B/R,Off-Plan,75.89,2264888,102-79950-2026
2026-09-16,DUBAI CREEK HARBOUR,Valia,Apartment,1 B/R,Off-Plan,76.67,2093888,102-79958-2026
2026-09-16,DUBAI CREEK HARBOUR,Valia,Apartment,3 B/R,Off-Plan,153.49,4120888,102-79960-2026
2026-09-16,DUBAI CREEK HARBOUR,Valia,Apartment,1 B/R,Off-Plan,76.27,2081888,102-79965-2026
2026-09-16,DUBAI CREEK HARBOUR,Valia,Apartment,1 B/R,Off-Plan,76.28,2260888,102-79969-2026
2026-09-16,DUBAI CREEK HARBOUR,Valia,Apartment,4 B/R,Off-Plan,237.91,7129888,102-79983-2026
2026-09-16,DUBAI CREEK HARBOUR,Valia,Apartment,4 B/R,Off-Plan,237.93,7000888,102-79986-2026
2026-09-16,DUBAI CREEK HARBOUR,Valia,Apartment,1 B/R,Off-Plan,77.06,2171888,102-79990-2026
2026-09-16,DUBAI CREEK HARBOUR,Valia,Apartment,1 B/R,Off-Plan,76.67,2143888,102-80027-2026
2026-09-16,DUBAI CREEK HARBOUR,Valia,Apartment,1 B/R,Off-Plan,76.28,2043888,102-80028-2026
2026-09-16,DUBAI CREEK HARBOUR,Valia,Apartment,2 B/R,Off-Plan,116.37,3090888,102-80030-2026
2026-09-16,DUBAI CREEK HARBOUR,Valia,Apartment,3 B/R,Off-Plan,157.42,4308888,102-80037-2026
2026-09-16,DUBAI CREEK HARBOUR,Valia,Apartment,2 B/R,Off-Plan,116.37,3113888,102-80058-2026
2026-09-17,DUBAI CREEK HARBOUR,Valia,Apartment,1 B/R,Off-Plan,75.89,2174888,102-80177-2026
2026-09-17,DUBAI CREEK HARBOUR,Valia,Apartment,2 B/R,Off-Plan,116.37,3424888,102-80180-2026
2026-09-17,DUBAI CREEK HARBOUR,Valia,Apartment,1 B/R,Off-Plan,75.89,2235888,102-80184-2026
2026-09-17,DUBAI CREEK HARBOUR,Creek Bay,Apartment,2 B/R,Off-Plan,134.76,3314888,102-80188-2026
2026-09-17,DUBAI CREEK HARBOUR,Creek Waters,Apartment,3 B/R,Off-Plan,272.8,5527412,102-80195-2026
2026-09-17,DUBAI CREEK HARBOUR,Valia,Apartment,2 B/R,Off-Plan,116.82,3230950,102-80198-2026
2026-09-17,DUBAI CREEK HARBOUR,Valia,Apartment,2 B/R,Off-Plan,116.82,3279888,102-80221-2026
2026-09-17,DUBAI CREEK HARBOUR,Creek Waters,Apartment,3 B/R,Off-Plan,153.99,3500000,102-80230-2026
2026-09-17,DUBAI CREEK HARBOUR,Valia,Apartment,3 B/R,Off-Plan,155.32,4472888,102-80233-2026
2026-09-17,DUBAI CREEK HARBOUR,Valia,Apartment,1 B/R,Off-Plan,76.28,2094888,102-80270-2026
2026-09-17,DUBAI CREEK HARBOUR,Creek Waters 2,Apartment,2 B/R,Off-Plan,105.51,2180000,102-80279-2026
2026-09-17,DUBAI CREEK HARBOUR,Valia,Apartment,1 B/R,Off-Plan,75.89,2043888,102-80343-2026
2026-09-17,DUBAI CREEK HARBOUR,Creek Bay,Apartment,2 B/R,Off-Plan,134.5,3432888,102-80350-2026
2026-09-17,DUBAI CREEK HARBOUR,Valia,Apartment,2 B/R,Off-Plan,116.37,3119888,102-80362-2026
2026-09-17,DUBAI CREEK HARBOUR,Valia,Apartment,1 B/R,Off-Plan,76.28,2120888,102-80380-2026
2026-09-17,DUBAI CREEK HARBOUR,Valia,Apartment,2 B/R,Off-Plan,116.37,3159888,102-80396-2026
2026-09-17,DUBAI CREEK HARBOUR,Valia,Apartment,1 B/R,Off-Plan,76.27,2104888,102-80407-2026
2026-09-17,DUBAI CREEK HARBOUR,Valia,Apartment,1 B/R,Off-Plan,76.28,2013888,102-80437-2026
2026-09-17,DUBAI CREEK HARBOUR,Valia,Apartment,1 B/R,Off-Plan,77.06,2105888,102-80480-2026
2026-09-17,DUBAI CREEK HARBOUR,Valia,Apartment,2 B/R,Off-Plan,116.37,3090888,102-80484-2026
2026-09-17,DUBAI CREEK HARBOUR,Valia,Apartment,2 B/R,Off-Plan,116.37,3399888,102-80492-2026
2026-09-18,DUBAI CREEK HARBOUR,Valia,Apartment,2 B/R,Off-Plan,116.37,3164888,102-80559-2026
2026-09-18,DUBAI CREEK HARBOUR,Valia,Apartment,1 B/R,Off-Plan,76.28,2009888,102-80569-2026
2026-09-18,DUBAI CREEK HARBOUR,Valia,Apartment,1 B/R,Off-Plan,76.28,2005888,102-80584-2026
2026-09-18,DUBAI CREEK HARBOUR,Valia,Apartment,1 B/R,Off-Plan,76.28,1997888,102-80602-2026
2026-09-18,EMAAR SOUTH,Golf Vale,Apartment,2 B/R,Off-Plan,92.29,1939888,102-80639-2026
2026-09-18,DUBAI CREEK HARBOUR,Creek Waters,Apartment,4 B/R,Off-Plan,260.51,7370000,102-80712-2026
2026-09-18,DUBAI CREEK HARBOUR,Valia,Apartment,3 B/R,Off-Plan,157.42,4301888,102-80749-2026
2026-09-18,EMAAR SOUTH,Golf Trails,Apartment,1 B/R,Off-Plan,68.59,1255888,102-80768-2026
2026-09-21,DUBAI CREEK HARBOUR,Valia,Apartment,1 B/R,Off-Plan,76.27,2070630,102-80962-2026
2026-09-21,DUBAI CREEK HARBOUR,Palace Residences Creek Blue,Apartment,1 B/R,Off-Plan,67.57,1950000,102-80987-2026
2026-09-21,EMAAR SOUTH,Fairway Villas 3,Villa,4 B/R,Off-Plan,380.78,3950000,102-81081-2026
2026-09-22,DUBAI CREEK HARBOUR,Valia,Apartment,1 B/R,Off-Plan,75.89,1997888,102-81213-2026
2026-09-22,DUBAI CREEK HARBOUR,Valia,Apartment,2 B/R,Off-Plan,116.37,3141888,102-81244-2026
2026-09-22,DUBAI CREEK HARBOUR,Valia,Apartment,2 B/R,Off-Plan,116.82,3057888,102-81269-2026
2026-09-22,DUBAI CREEK HARBOUR,Valia,Apartment,1 B/R,Off-Plan,76.28,2248888,102-81281-2026
2026-09-22,DUBAI CREEK HARBOUR,Valia,Apartment,1 B/R,Off-Plan,76.28,2017888,102-81283-2026
2026-09-22,DUBAI CREEK HARBOUR,Valia,Apartment,1 B/R,Off-Plan,76.28,2147888,102-81288-2026
2026-09-22,DUBAI CREEK HARBOUR,VALO,Apartment,1 B/R,Off-Plan,71.65,1900888,102-81309-2026
2026-09-25,EMAAR SOUTH,Greenridge,Villa,4 B/R,Off-Plan,151.41,1800004,102-81340-2026
2026-09-23,DUBAI CREEK HARBOUR,Valia,Apartment,1 B/R,Off-Plan,77.06,2125888,102-81505-2026
2026-09-23,EMAAR SOUTH,Golf Hills 2,Apartment,1 B/R,Off-Plan,31.4,538444,102-81519-2026
2026-09-23,DUBAI CREEK HARBOUR,Valia,Apartment,1 B/R,Off-Plan,76.27,2323888,102-81521-2026
2026-09-23,EMAAR SOUTH,Golf Vale,Apartment,2 B/R,Off-Plan,91.95,1562888,102-81559-2026
2026-09-23,DUBAI CREEK HARBOUR,Valia,Apartment,2 B/R,Off-Plan,116.82,3316841,102-81606-2026
2026-09-24,DUBAI CREEK HARBOUR,Altus,Apartment,3 B/R,Off-Plan,149.85,3853888,102-81827-2026
2026-09-24,EMAAR SOUTH,Golf Point,Apartment,1 B/R,Off-Plan,63.09,925000,102-81905-2026
2026-09-25,DUBAI CREEK HARBOUR,Creek Waters,Apartment,1 B/R,Off-Plan,70.31,1626888,102-81927-2026
2026-09-24,DUBAI CREEK HARBOUR,Albero,Apartment,1 B/R,Off-Plan,71.58,2011888,102-82061-2026
2026-09-25,DUBAI CREEK HARBOUR,Valia,Apartment,1 B/R,Off-Plan,76.27,2135888,102-82069-2026
2026-09-25,DUBAI CREEK HARBOUR,Valia,Apartment,1 B/R,Off-Plan,76.67,2097888,102-82071-2026
2026-09-25,DUBAI CREEK HARBOUR,Valia,Apartment,1 B/R,Off-Plan,76.28,2107888,102-82072-2026
2026-09-25,DUBAI CREEK HARBOUR,Valia,Apartment,2 B/R,Off-Plan,116.37,3405888,102-82073-2026
2026-09-25,DUBAI CREEK HARBOUR,Valia,Apartment,1 B/R,Off-Plan,76.27,2352888,102-82074-2026
2026-09-25,DUBAI CREEK HARBOUR,Valia,Apartment,2 B/R,Off-Plan,116.82,3239888,102-82076-2026
2026-09-25,DUBAI CREEK HARBOUR,Creek Bay,Apartment,3 B/R,Off-Plan,172.34,5571888,102-82099-2026
2026-09-25,DUBAI CREEK HARBOUR,Creek Bay,Apartment,2 B/R,Off-Plan,134.76,3364888,102-82102-2026
2026-09-25,DUBAI CREEK HARBOUR,Valia,Apartment,1 B/R,Off-Plan,75.89,1857335,102-82106-2026
2026-09-25,DUBAI CREEK HARBOUR,Valia,Apartment,2 B/R,Off-Plan,116.82,3097888,102-82107-2026
2026-09-25,DUBAI CREEK HARBOUR,Valia,Apartment,2 B/R,Off-Plan,116.82,3069888,102-82111-2026
2026-09-25,DUBAI CREEK HARBOUR,Valia,Apartment,2 B/R,Off-Plan,116.82,3011888,102-82114-2026
2026-09-25,DUBAI CREEK HARBOUR,Valia,Apartment,1 B/R,Off-Plan,76.28,2081888,102-82119-2026
2026-09-25,DUBAI CREEK HARBOUR,Valia,Apartment,1 B/R,Off-Plan,76.28,2055888,102-82120-2026
2026-09-25,DUBAI CREEK HARBOUR,Valia,Apartment,2 B/R,Off-Plan,116.82,3063888,102-82121-2026
2026-09-25,DUBAI CREEK HARBOUR,Valia,Apartment,1 B/R,Off-Plan,75.89,2020888,102-82152-2026
2026-09-25,DUBAI CREEK HARBOUR,Valia,Apartment,2 B/R,Off-Plan,116.82,3244888,102-82163-2026
2026-09-25,DUBAI CREEK HARBOUR,Valia,Apartment,2 B/R,Off-Plan,116.82,3321110,102-82171-2026
2026-09-25,DUBAI CREEK HARBOUR,Valia,Apartment,1 B/R,Off-Plan,76.28,1990888,102-82215-2026
2026-09-25,DUBAI CREEK HARBOUR,Valia,Apartment,1 B/R,Off-Plan,76.28,2032888,102-82217-2026
2026-09-25,DUBAI CREEK HARBOUR,Creek Waters,Apartment,2 B/R,Off-Plan,105.41,3104888,102-82220-2026
2026-09-25,DUBAI CREEK HARBOUR,Valia,Apartment,3 B/R,Off-Plan,155.32,4447888,102-82226-2026
2026-09-25,DUBAI CREEK HARBOUR,Valia,Apartment,1 B/R,Off-Plan,77.06,2186888,102-82235-2026
2026-09-04,DUBAI CREEK HARBOUR,Creek Beach - Savanna-Cedar-Mangrove,Apartment,3 B/R,Ready,146.97,3220000,11-23045-2026
2026-09-02,DUBAI CREEK HARBOUR,Palace Residences - North,Apartment,1 B/R,Ready,59.83,1300888,11-24318-2026
2026-08-31,DUBAI CREEK HARBOUR,Creek Beach - Orchid,Apartment,1 B/R,Ready,64.03,1550000,11-26836-2026
2026-09-01,DUBAI CREEK HARBOUR,Palace Residences - North,Apartment,1 B/R,Ready,59.83,1775000,11-26865-2026
2026-09-01,DUBAI CREEK HARBOUR,Palace Residences - North,Apartment,3 B/R,Ready,154.51,4300000,11-26886-2026
2026-09-01,DUBAI CREEK HARBOUR,CREEK RISE,Apartment,2 B/R,Ready,102.88,2500000,11-26893-2026
2026-09-01,DUBAI CREEK HARBOUR,CREEK EDGE,Apartment,1 B/R,Ready,63.95,1770000,11-26951-2026
2026-09-01,DUBAI CREEK HARBOUR,The Cove ll,Apartment,1 B/R,Ready,72.87,1735000,11-26960-2026
2026-09-02,DUBAI CREEK HARBOUR,The Grand,Apartment,1 B/R,Ready,74.78,2200000,11-27000-2026
2026-09-22,EMAAR SOUTH,Parkside,Villa,4 B/R,Ready,237.1,2800000,11-27057-2026
2026-09-02,DUBAI CREEK HARBOUR,Creek Beach - Bayshore,Apartment,1 B/R,Ready,62.9,1510000,11-27075-2026
2026-09-02,DUBAI CREEK HARBOUR,The Grand,Apartment,2 B/R,Ready,118.25,3300000,11-27113-2026
2026-09-03,DUBAI CREEK HARBOUR,17 ICON BAY,Apartment,3 B/R,Ready,156.66,3700000,11-27173-2026
2026-09-03,DUBAI CREEK HARBOUR,HARBOUR VIEWS,Apartment,3 B/R,Ready,158.72,4000000,11-27181-2026
2026-09-03,DUBAI CREEK HARBOUR,The Grand,Apartment,1 B/R,Ready,74.78,2900000,11-27199-2026
2026-09-03,DUBAI CREEK HARBOUR,Creek Beach - Rosewater,Apartment,2 B/R,Ready,103.9,2400000,11-27242-2026
2026-09-03,DUBAI CREEK HARBOUR,Creek Palace,Apartment,2 B/R,Ready,97.73,2980000,11-27253-2026
2026-09-04,DUBAI CREEK HARBOUR,Creek Beach - Savanna-Cedar-Mangrove,Apartment,1 B/R,Ready,58.65,1446000,11-27321-2026
2026-09-04,EMAAR SOUTH,Parkside 3,Villa,3 B/R,Ready,144.36,1985000,11-27363-2026
2026-09-07,DUBAI CREEK HARBOUR,The Cove ll,Apartment,3 B/R,Ready,145.09,3750000,11-27505-2026
2026-09-07,DUBAI CREEK HARBOUR,The Grand,Apartment,2 B/R,Ready,123.17,3975000,11-27549-2026
2026-09-07,DUBAI CREEK HARBOUR,Creek Gate,Apartment,3 B/R,Ready,137.5,2900000,11-27555-2026
2026-09-07,DUBAI CREEK HARBOUR,HARBOUR VIEWS,Apartment,1 B/R,Ready,67.72,1750000,11-27567-2026
2026-09-08,DUBAI CREEK HARBOUR,The Grand,Apartment,2 B/R,Ready,11.51,289108.97,11-27569-2026
2026-09-08,DUBAI CREEK HARBOUR,The Cove ll,Apartment,2 B/R,Ready,105.55,2400000,11-27606-2026
2026-09-08,DUBAI CREEK HARBOUR,CREEK RISE,Apartment,2 B/R,Ready,108.55,2550000,11-27662-2026
2026-09-08,EMAAR SOUTH,URBANA,Apartment,2 B/R,Ready,112.39,1420000,11-27676-2026
2026-09-09,DUBAI CREEK HARBOUR,CREEK EDGE,Apartment,2 B/R,Ready,99.3,2550000,11-27720-2026
2026-09-09,DUBAI CREEK HARBOUR,Creek Beach - Summer,Apartment,1 B/R,Ready,87.65,1720000,11-27741-2026
2026-09-09,DUBAI CREEK HARBOUR,The Cove,Apartment,2 B/R,Ready,124.36,3300000,11-27783-2026
2026-09-10,DUBAI CREEK HARBOUR,17 ICON BAY,Apartment,2 B/R,Ready,101.67,2550000,11-27866-2026
2026-09-10,DUBAI CREEK HARBOUR,The Grand,Apartment,1 B/R,Ready,74.54,2210000,11-27886-2026
2026-09-11,DUBAI CREEK HARBOUR,Creek Beach - Canopy - Moor,Apartment,2 B/R,Ready,93.64,2050000,11-27984-2026
2026-09-11,DUBAI CREEK HARBOUR,The Cove,Apartment,2 B/R,Ready,119.16,2750000,11-27997-2026
2026-09-11,DUBAI CREEK HARBOUR,The Cove ll,Apartment,1 B/R,Ready,73.16,1515000,11-28046-2026
2026-09-11,DUBAI CREEK HARBOUR,The Cove ll,Apartment,2 B/R,Ready,121.92,3000000,11-28058-2026
2026-09-11,DUBAI CREEK HARBOUR,CREEKSIDE 18,Apartment,2 B/R,Ready,104.96,2500000,11-28071-2026
2026-09-14,DUBAI CREEK HARBOUR,Palace Residences - North,Apartment,2 B/R,Ready,98,2950000,11-28108-2026
2026-09-14,DUBAI CREEK HARBOUR,Creek Beach - Sunset,Apartment,1 B/R,Ready,66.58,1450000,11-28131-2026
2026-09-14,DUBAI CREEK HARBOUR,Palace Residences - North,Apartment,2 B/R,Ready,98.09,2920000,11-28218-2026
2026-09-15,EMAAR SOUTH,URBANA,Apartment,2 B/R,Ready,120.95,1435000,11-28277-2026
2026-09-15,DUBAI CREEK HARBOUR,CREEK EDGE,Apartment,1 B/R,Ready,75.24,1815000,11-28301-2026
2026-09-15,DUBAI CREEK HARBOUR,THE DUBAI CREEK RESIDENCES,Apartment,3 B/R,Ready,298.28,6500000,11-28314-2026
2026-09-15,EMAAR SOUTH,Parkside 2,Villa,3 B/R,Ready,186.15,2630000,11-28327-2026
2026-09-16,DUBAI CREEK HARBOUR,Creek Palace,Apartment,3 B/R,Ready,153.71,4300000,11-28397-2026
2026-09-16,DUBAI CREEK HARBOUR,The Cove ll,Apartment,1 B/R,Ready,73.18,1970000,11-28460-2026
2026-09-16,DUBAI CREEK HARBOUR,The Grand,Apartment,2 B/R,Ready,120.13,2880000,11-28482-2026
2026-09-16,DUBAI CREEK HARBOUR,The Grand,Apartment,2 B/R,Ready,120.82,3600000,11-28502-2026
2026-09-16,EMAAR SOUTH,Greenview 3,Villa,3 B/R,Ready,137.87,2600000,11-28511-2026
2026-09-17,EMAAR SOUTH,Parkside 3,Villa,3 B/R,Ready,144.32,2050000,11-28574-2026
2026-09-17,DUBAI CREEK HARBOUR,The Grand,Apartment,2 B/R,Ready,278.32,4825000,11-28589-2026
2026-09-18,DUBAI CREEK HARBOUR,CREEK HORIZON,Apartment,1 B/R,Ready,71.67,1650000,11-28734-2026
2026-09-18,DUBAI CREEK HARBOUR,Creek Beach - Orchid,Apartment,1 B/R,Ready,62.41,1440000,11-28748-2026
2026-09-18,DUBAI CREEK HARBOUR,CREEK EDGE,Apartment,2 B/R,Ready,99.09,2680000,11-28753-2026
2026-09-18,DUBAI CREEK HARBOUR,17 ICON BAY,Apartment,2 B/R,Ready,101.82,2450000,11-28805-2026
2026-09-23,DUBAI CREEK HARBOUR,Creek Beach - Savanna-Cedar-Mangrove,Apartment,2 B/R,Ready,95.55,2150000,11-28844-2026
2026-09-21,EMAAR SOUTH,Parkside 2,Villa,3 B/R,Ready,137.76,2250000,11-28847-2026
2026-09-21,DUBAI CREEK HARBOUR,Palace Residences - North,Apartment,1 B/R,Ready,59.63,1820000,11-28858-2026
2026-09-21,DUBAI CREEK HARBOUR,Creek Beach - Savanna-Cedar-Mangrove,Apartment,1 B/R,Ready,62.89,1470000,11-28898-2026
2026-09-21,DUBAI CREEK HARBOUR,Creek Beach - Canopy - Moor,Apartment,2 B/R,Ready,99.23,2150000,11-28923-2026
2026-09-23,DUBAI CREEK HARBOUR,HARBOUR VIEWS,Apartment,1 B/R,Ready,65.88,1500000,11-28993-2026
2026-09-22,DUBAI CREEK HARBOUR,Palace Residences - Dubai Creek Harbour,Apartment,2 B/R,Ready,102.6,3100000,11-29002-2026
2026-09-22,DUBAI CREEK HARBOUR,CREEK HORIZON,Apartment,2 B/R,Ready,112.75,2158168,11-29044-2026
2026-09-23,DUBAI CREEK HARBOUR,Creek Beach - Savanna-Cedar-Mangrove,Apartment,2 B/R,Ready,91.99,2200000,11-29162-2026
2026-09-26,EMAAR SOUTH,URBANA II,Apartment,2 B/R,Ready,107.51,567000,11-29165-2026
2026-09-23,EMAAR SOUTH,Parkside 3,Villa,3 B/R,Ready,144.32,2075000,11-29171-2026
2026-09-23,DUBAI CREEK HARBOUR,The Grand,Apartment,2 B/R,Ready,113.87,4000000,11-29181-2026
2026-09-23,DUBAI CREEK HARBOUR,CREEKSIDE 18,Apartment,2 B/R,Ready,115.16,2600000,11-29184-2026
2026-09-23,DUBAI CREEK HARBOUR,The Grand,Apartment,3 B/R,Ready,169.9,4950000,11-29195-2026
2026-09-24,DUBAI CREEK HARBOUR,Creek Beach - Bayshore,Apartment,1 B/R,Ready,62.49,1400000,11-29349-2026
2026-09-25,DUBAI CREEK HARBOUR,THE DUBAI CREEK RESIDENCES,Apartment,2 B/R,Ready,144.52,3600000,11-29443-2026
2026-09-25,EMAAR SOUTH,Greenview 3,Villa,3 B/R,Ready,148.25,2500000,11-29452-2026
2026-09-25,DUBAI CREEK HARBOUR,Palace Residences - North,Apartment,2 B/R,Ready,98,2700000,11-29476-2026
2026-09-25,DUBAI CREEK HARBOUR,THE DUBAI CREEK RESIDENCES,Apartment,1 B/R,Ready,94.83,1850000,11-29492-2026
2026-09-25,DUBAI CREEK HARBOUR,THE DUBAI CREEK RESIDENCES,Apartment,3 B/R,Ready,507.01,7400000,11-29536-2026
2026-09-25,DUBAI CREEK HARBOUR,The Grand,Apartment,3 B/R,Ready,211.61,7200000,11-29549-2026
2026-09-03,DUBAI CREEK HARBOUR,The Cove ll,Apartment,2 B/R,Ready,129.22,3400000,41-12815-2026
2026-09-07,EMAAR SOUTH,URBANA III,Apartment,2 B/R,Ready,113.1,1300000,41-12924-2026
2026-09-09,DUBAI CREEK HARBOUR,The Cove ll,Apartment,1 B/R,Ready,72.87,1680000,41-13044-2026
2026-09-14,DUBAI CREEK HARBOUR,The Cove ll,Apartment,2 B/R,Ready,116,2497576,41-13305-2026
2026-09-22,DUBAI CREEK HARBOUR,Creek Beach - Canopy - Moor,Apartment,1 B/R,Ready,67.23,1845888,41-13930-2026
2026-09-25,DUBAI CREEK HARBOUR,The Cove ll,Apartment,2 B/R,Ready,121.91,3361888,41-14071-2026
